solid OpenSCAD_Model
  facet normal 0 -0.707108 -0.707106
    outer loop
      vertex 0.60039 0.60039 0
      vertex 44.8 0.2 0.400391
      vertex 0.2 0.2 0.400391
    endloop
  endfacet
  facet normal 0 -0.707108 -0.707106
    outer loop
      vertex 44.8 0.2 0.400391
      vertex 0.60039 0.60039 0
      vertex 44.3996 0.60039 0
    endloop
  endfacet
  facet normal 0.707099 0 -0.707115
    outer loop
      vertex 44.8 14.8 0.400391
      vertex 44.3996 0.60039 0
      vertex 44.3996 14.3996 0
    endloop
  endfacet
  facet normal 0.707099 0 -0.707115
    outer loop
      vertex 44.3996 0.60039 0
      vertex 44.8 14.8 0.400391
      vertex 44.8 0.2 0.400391
    endloop
  endfacet
  facet normal 0 0.707099 -0.707115
    outer loop
      vertex 44.3996 14.3996 0
      vertex 14.8 14.8 0.400391
      vertex 44.8 14.8 0.400391
    endloop
  endfacet
  facet normal 0 0.707099 -0.707115
    outer loop
      vertex 14.8 14.8 0.400391
      vertex 44.3996 14.3996 0
      vertex 14.8 14.3996 0
    endloop
  endfacet
  facet normal 0.0242825 0.70689 -0.706906
    outer loop
      vertex 14.8 14.8 0.400391
      vertex 14.8 14.3996 0
      vertex 14.7738 14.4005 0
    endloop
  endfacet
  facet normal 0.0674399 0.704072 -0.706919
    outer loop
      vertex 14.8 14.8 0.400391
      vertex 14.7738 14.4005 0
      vertex 14.7477 14.403 0
    endloop
  endfacet
  facet normal 0.116276 0.697655 -0.706935
    outer loop
      vertex 14.8 14.8 0.400391
      vertex 14.7477 14.403 0
      vertex 14.7219 14.4073 0
    endloop
  endfacet
  facet normal 0.162004 0.688518 -0.706893
    outer loop
      vertex 14.8 14.8 0.400391
      vertex 14.7219 14.4073 0
      vertex 14.6964 14.4133 0
    endloop
  endfacet
  facet normal 0.204984 0.676985 -0.706875
    outer loop
      vertex 14.8 14.8 0.400391
      vertex 14.6964 14.4133 0
      vertex 14.6713 14.4209 0
    endloop
  endfacet
  facet normal 0.248654 0.662176 -0.706891
    outer loop
      vertex 14.8 14.8 0.400391
      vertex 14.6713 14.4209 0
      vertex 14.6468 14.4301 0
    endloop
  endfacet
  facet normal 0.291261 0.64455 -0.70691
    outer loop
      vertex 14.8 14.8 0.400391
      vertex 14.6468 14.4301 0
      vertex 14.6229 14.4409 0
    endloop
  endfacet
  facet normal 0.334532 0.623201 -0.706901
    outer loop
      vertex 14.8 14.8 0.400391
      vertex 14.6229 14.4409 0
      vertex 14.5998 14.4533 0
    endloop
  endfacet
  facet normal 0.373423 0.600724 -0.706885
    outer loop
      vertex 14.8 14.8 0.400391
      vertex 14.5998 14.4533 0
      vertex 14.5776 14.4671 0
    endloop
  endfacet
  facet normal 0.410858 0.575742 -0.706907
    outer loop
      vertex 14.8 14.8 0.400391
      vertex 14.5776 14.4671 0
      vertex 14.5563 14.4823 0
    endloop
  endfacet
  facet normal 0.449353 0.54622 -0.706913
    outer loop
      vertex 14.8 14.8 0.400391
      vertex 14.5563 14.4823 0
      vertex 14.536 14.499 0
    endloop
  endfacet
  facet normal 0.483673 0.516098 -0.706897
    outer loop
      vertex 14.8 14.8 0.400391
      vertex 14.536 14.499 0
      vertex 14.5169 14.5169 0
    endloop
  endfacet
  facet normal 0.516098 0.483673 -0.706897
    outer loop
      vertex 14.8 14.8 0.400391
      vertex 14.5169 14.5169 0
      vertex 14.499 14.536 0
    endloop
  endfacet
  facet normal 0.54622 0.449353 -0.706913
    outer loop
      vertex 14.8 14.8 0.400391
      vertex 14.499 14.536 0
      vertex 14.4823 14.5563 0
    endloop
  endfacet
  facet normal 0.575742 0.410858 -0.706907
    outer loop
      vertex 14.8 14.8 0.400391
      vertex 14.4823 14.5563 0
      vertex 14.4671 14.5776 0
    endloop
  endfacet
  facet normal 0.600724 0.373423 -0.706885
    outer loop
      vertex 14.8 14.8 0.400391
      vertex 14.4671 14.5776 0
      vertex 14.4533 14.5998 0
    endloop
  endfacet
  facet normal 0.623201 0.334532 -0.706901
    outer loop
      vertex 14.8 14.8 0.400391
      vertex 14.4533 14.5998 0
      vertex 14.4409 14.6229 0
    endloop
  endfacet
  facet normal 0.64455 0.291261 -0.70691
    outer loop
      vertex 14.8 14.8 0.400391
      vertex 14.4409 14.6229 0
      vertex 14.4301 14.6468 0
    endloop
  endfacet
  facet normal 0.662176 0.248654 -0.706891
    outer loop
      vertex 14.8 14.8 0.400391
      vertex 14.4301 14.6468 0
      vertex 14.4209 14.6713 0
    endloop
  endfacet
  facet normal 0.676985 0.204984 -0.706875
    outer loop
      vertex 14.8 14.8 0.400391
      vertex 14.4209 14.6713 0
      vertex 14.4133 14.6964 0
    endloop
  endfacet
  facet normal 0.688518 0.162004 -0.706893
    outer loop
      vertex 14.8 14.8 0.400391
      vertex 14.4133 14.6964 0
      vertex 14.4073 14.7219 0
    endloop
  endfacet
  facet normal 0.697655 0.116276 -0.706935
    outer loop
      vertex 14.8 14.8 0.400391
      vertex 14.4073 14.7219 0
      vertex 14.403 14.7477 0
    endloop
  endfacet
  facet normal 0.704072 0.0674399 -0.706919
    outer loop
      vertex 14.8 14.8 0.400391
      vertex 14.403 14.7477 0
      vertex 14.4005 14.7738 0
    endloop
  endfacet
  facet normal 0.70689 0.0242825 -0.706906
    outer loop
      vertex 14.8 14.8 0.400391
      vertex 14.4005 14.7738 0
      vertex 14.3996 14.8 0
    endloop
  endfacet
  facet normal 0.707099 0 -0.707115
    outer loop
      vertex 14.8 14.8 0.400391
      vertex 14.3996 29.3996 0
      vertex 14.8 29.8 0.400391
    endloop
  endfacet
  facet normal 0.707099 0 -0.707115
    outer loop
      vertex 14.3996 29.3996 0
      vertex 14.8 14.8 0.400391
      vertex 14.3996 14.8 0
    endloop
  endfacet
  facet normal 0 0.707099 -0.707115
    outer loop
      vertex 14.3996 29.3996 0
      vertex 0.2 29.8 0.400391
      vertex 14.8 29.8 0.400391
    endloop
  endfacet
  facet normal 0 0.707099 -0.707115
    outer loop
      vertex 0.2 29.8 0.400391
      vertex 14.3996 29.3996 0
      vertex 0.60039 29.3996 0
    endloop
  endfacet
  facet normal -0.707108 0 -0.707106
    outer loop
      vertex 0.60039 0.60039 0
      vertex 0.2 29.8 0.400391
      vertex 0.60039 29.3996 0
    endloop
  endfacet
  facet normal -0.707108 -0 -0.707106
    outer loop
      vertex 0.2 29.8 0.400391
      vertex 0.60039 0.60039 0
      vertex 0.2 0.2 0.400391
    endloop
  endfacet
  facet normal 0 0 -1
    outer loop
      vertex 44.3996 0.60039 0
      vertex 14.8 14.3996 0
      vertex 44.3996 14.3996 0
    endloop
  endfacet
  facet normal 0 0 -1
    outer loop
      vertex 0.60039 0.60039 0
      vertex 14.8 14.3996 0
      vertex 44.3996 0.60039 0
    endloop
  endfacet
  facet normal -0 0 -1
    outer loop
      vertex 14.8 14.3996 0
      vertex 0.60039 0.60039 0
      vertex 14.7738 14.4005 0
    endloop
  endfacet
  facet normal -0 0 -1
    outer loop
      vertex 14.7738 14.4005 0
      vertex 0.60039 0.60039 0
      vertex 14.7477 14.403 0
    endloop
  endfacet
  facet normal -0 0 -1
    outer loop
      vertex 14.7477 14.403 0
      vertex 0.60039 0.60039 0
      vertex 14.7219 14.4073 0
    endloop
  endfacet
  facet normal -0 0 -1
    outer loop
      vertex 14.7219 14.4073 0
      vertex 0.60039 0.60039 0
      vertex 14.6964 14.4133 0
    endloop
  endfacet
  facet normal -0 0 -1
    outer loop
      vertex 14.6964 14.4133 0
      vertex 0.60039 0.60039 0
      vertex 14.6713 14.4209 0
    endloop
  endfacet
  facet normal -0 0 -1
    outer loop
      vertex 14.6713 14.4209 0
      vertex 0.60039 0.60039 0
      vertex 14.6468 14.4301 0
    endloop
  endfacet
  facet normal -0 0 -1
    outer loop
      vertex 14.6468 14.4301 0
      vertex 0.60039 0.60039 0
      vertex 14.6229 14.4409 0
    endloop
  endfacet
  facet normal 0 0 -1
    outer loop
      vertex 0.60039 0.60039 0
      vertex 14.5998 14.4533 0
      vertex 14.6229 14.4409 0
    endloop
  endfacet
  facet normal 0 0 -1
    outer loop
      vertex 0.60039 0.60039 0
      vertex 14.5776 14.4671 0
      vertex 14.5998 14.4533 0
    endloop
  endfacet
  facet normal 0 0 -1
    outer loop
      vertex 0.60039 0.60039 0
      vertex 14.5563 14.4823 0
      vertex 14.5776 14.4671 0
    endloop
  endfacet
  facet normal 0 0 -1
    outer loop
      vertex 0.60039 0.60039 0
      vertex 14.536 14.499 0
      vertex 14.5563 14.4823 0
    endloop
  endfacet
  facet normal 0 0 -1
    outer loop
      vertex 0.60039 0.60039 0
      vertex 14.5169 14.5169 0
      vertex 14.536 14.499 0
    endloop
  endfacet
  facet normal 0 0 -1
    outer loop
      vertex 0.60039 0.60039 0
      vertex 14.499 14.536 0
      vertex 14.5169 14.5169 0
    endloop
  endfacet
  facet normal 0 0 -1
    outer loop
      vertex 0.60039 0.60039 0
      vertex 14.4823 14.5563 0
      vertex 14.499 14.536 0
    endloop
  endfacet
  facet normal 0 0 -1
    outer loop
      vertex 0.60039 0.60039 0
      vertex 14.4671 14.5776 0
      vertex 14.4823 14.5563 0
    endloop
  endfacet
  facet normal 0 0 -1
    outer loop
      vertex 0.60039 0.60039 0
      vertex 14.4533 14.5998 0
      vertex 14.4671 14.5776 0
    endloop
  endfacet
  facet normal 0 0 -1
    outer loop
      vertex 0.60039 0.60039 0
      vertex 14.4409 14.6229 0
      vertex 14.4533 14.5998 0
    endloop
  endfacet
  facet normal 0 0 -1
    outer loop
      vertex 0.60039 0.60039 0
      vertex 14.4301 14.6468 0
      vertex 14.4409 14.6229 0
    endloop
  endfacet
  facet normal 0 0 -1
    outer loop
      vertex 0.60039 0.60039 0
      vertex 14.4209 14.6713 0
      vertex 14.4301 14.6468 0
    endloop
  endfacet
  facet normal 0 0 -1
    outer loop
      vertex 0.60039 0.60039 0
      vertex 14.4133 14.6964 0
      vertex 14.4209 14.6713 0
    endloop
  endfacet
  facet normal 0 0 -1
    outer loop
      vertex 0.60039 0.60039 0
      vertex 14.4073 14.7219 0
      vertex 14.4133 14.6964 0
    endloop
  endfacet
  facet normal 0 0 -1
    outer loop
      vertex 0.60039 0.60039 0
      vertex 14.403 14.7477 0
      vertex 14.4073 14.7219 0
    endloop
  endfacet
  facet normal 0 0 -1
    outer loop
      vertex 0.60039 0.60039 0
      vertex 14.4005 14.7738 0
      vertex 14.403 14.7477 0
    endloop
  endfacet
  facet normal 0 0 -1
    outer loop
      vertex 0.60039 0.60039 0
      vertex 14.3996 14.8 0
      vertex 14.4005 14.7738 0
    endloop
  endfacet
  facet normal 0 0 -1
    outer loop
      vertex 0.60039 29.3996 0
      vertex 14.3996 14.8 0
      vertex 0.60039 0.60039 0
    endloop
  endfacet
  facet normal 0 0 -1
    outer loop
      vertex 14.3996 14.8 0
      vertex 0.60039 29.3996 0
      vertex 14.3996 29.3996 0
    endloop
  endfacet
  facet normal 0 -0.707107 0.707107
    outer loop
      vertex 0.2 0.2 1.59961
      vertex 44.3996 0.60039 2
      vertex 0.60039 0.60039 2
    endloop
  endfacet
  facet normal 0 -0.707107 0.707107
    outer loop
      vertex 44.3996 0.60039 2
      vertex 0.2 0.2 1.59961
      vertex 44.8 0.2 1.59961
    endloop
  endfacet
  facet normal 0.707098 -0 0.707116
    outer loop
      vertex 44.3996 0.60039 2
      vertex 44.8 14.8 1.59961
      vertex 44.3996 14.3996 2
    endloop
  endfacet
  facet normal 0.707098 0 0.707116
    outer loop
      vertex 44.8 14.8 1.59961
      vertex 44.3996 0.60039 2
      vertex 44.8 0.2 1.59961
    endloop
  endfacet
  facet normal -0 0.707098 0.707116
    outer loop
      vertex 14.8 14.8 1.59961
      vertex 44.3996 14.3996 2
      vertex 44.8 14.8 1.59961
    endloop
  endfacet
  facet normal 0 0.707098 0.707116
    outer loop
      vertex 44.3996 14.3996 2
      vertex 14.8 14.8 1.59961
      vertex 14.8 14.3996 2
    endloop
  endfacet
  facet normal 0.0242825 0.706889 0.706907
    outer loop
      vertex 14.8 14.3996 2
      vertex 14.8 14.8 1.59961
      vertex 14.7738 14.4005 2
    endloop
  endfacet
  facet normal 0.0674398 0.704072 0.706919
    outer loop
      vertex 14.7738 14.4005 2
      vertex 14.8 14.8 1.59961
      vertex 14.7477 14.403 2
    endloop
  endfacet
  facet normal 0.116276 0.697654 0.706936
    outer loop
      vertex 14.7477 14.403 2
      vertex 14.8 14.8 1.59961
      vertex 14.7219 14.4073 2
    endloop
  endfacet
  facet normal 0.162004 0.688517 0.706894
    outer loop
      vertex 14.7219 14.4073 2
      vertex 14.8 14.8 1.59961
      vertex 14.6964 14.4133 2
    endloop
  endfacet
  facet normal 0.204983 0.676984 0.706876
    outer loop
      vertex 14.6964 14.4133 2
      vertex 14.8 14.8 1.59961
      vertex 14.6713 14.4209 2
    endloop
  endfacet
  facet normal 0.248654 0.662175 0.706891
    outer loop
      vertex 14.6713 14.4209 2
      vertex 14.8 14.8 1.59961
      vertex 14.6468 14.4301 2
    endloop
  endfacet
  facet normal 0.291261 0.64455 0.706911
    outer loop
      vertex 14.6468 14.4301 2
      vertex 14.8 14.8 1.59961
      vertex 14.6229 14.4409 2
    endloop
  endfacet
  facet normal 0.334531 0.6232 0.706902
    outer loop
      vertex 14.6229 14.4409 2
      vertex 14.8 14.8 1.59961
      vertex 14.5998 14.4533 2
    endloop
  endfacet
  facet normal 0.373423 0.600723 0.706886
    outer loop
      vertex 14.5998 14.4533 2
      vertex 14.8 14.8 1.59961
      vertex 14.5776 14.4671 2
    endloop
  endfacet
  facet normal 0.410857 0.575741 0.706908
    outer loop
      vertex 14.5776 14.4671 2
      vertex 14.8 14.8 1.59961
      vertex 14.5563 14.4823 2
    endloop
  endfacet
  facet normal 0.449353 0.546219 0.706914
    outer loop
      vertex 14.5563 14.4823 2
      vertex 14.8 14.8 1.59961
      vertex 14.536 14.499 2
    endloop
  endfacet
  facet normal 0.483672 0.516097 0.706898
    outer loop
      vertex 14.536 14.499 2
      vertex 14.8 14.8 1.59961
      vertex 14.5169 14.5169 2
    endloop
  endfacet
  facet normal 0.516097 0.483672 0.706898
    outer loop
      vertex 14.5169 14.5169 2
      vertex 14.8 14.8 1.59961
      vertex 14.499 14.536 2
    endloop
  endfacet
  facet normal 0.546219 0.449353 0.706914
    outer loop
      vertex 14.499 14.536 2
      vertex 14.8 14.8 1.59961
      vertex 14.4823 14.5563 2
    endloop
  endfacet
  facet normal 0.575741 0.410857 0.706908
    outer loop
      vertex 14.4823 14.5563 2
      vertex 14.8 14.8 1.59961
      vertex 14.4671 14.5776 2
    endloop
  endfacet
  facet normal 0.600723 0.373423 0.706886
    outer loop
      vertex 14.4671 14.5776 2
      vertex 14.8 14.8 1.59961
      vertex 14.4533 14.5998 2
    endloop
  endfacet
  facet normal 0.6232 0.334531 0.706902
    outer loop
      vertex 14.4533 14.5998 2
      vertex 14.8 14.8 1.59961
      vertex 14.4409 14.6229 2
    endloop
  endfacet
  facet normal 0.64455 0.291261 0.706911
    outer loop
      vertex 14.4409 14.6229 2
      vertex 14.8 14.8 1.59961
      vertex 14.4301 14.6468 2
    endloop
  endfacet
  facet normal 0.662175 0.248654 0.706891
    outer loop
      vertex 14.4301 14.6468 2
      vertex 14.8 14.8 1.59961
      vertex 14.4209 14.6713 2
    endloop
  endfacet
  facet normal 0.676984 0.204983 0.706876
    outer loop
      vertex 14.4209 14.6713 2
      vertex 14.8 14.8 1.59961
      vertex 14.4133 14.6964 2
    endloop
  endfacet
  facet normal 0.688517 0.162004 0.706894
    outer loop
      vertex 14.4133 14.6964 2
      vertex 14.8 14.8 1.59961
      vertex 14.4073 14.7219 2
    endloop
  endfacet
  facet normal 0.697654 0.116276 0.706936
    outer loop
      vertex 14.4073 14.7219 2
      vertex 14.8 14.8 1.59961
      vertex 14.403 14.7477 2
    endloop
  endfacet
  facet normal 0.704072 0.0674398 0.706919
    outer loop
      vertex 14.403 14.7477 2
      vertex 14.8 14.8 1.59961
      vertex 14.4005 14.7738 2
    endloop
  endfacet
  facet normal 0.706889 0.0242825 0.706907
    outer loop
      vertex 14.4005 14.7738 2
      vertex 14.8 14.8 1.59961
      vertex 14.3996 14.8 2
    endloop
  endfacet
  facet normal 0.707098 0 0.707116
    outer loop
      vertex 14.8 14.8 1.59961
      vertex 14.3996 29.3996 2
      vertex 14.3996 14.8 2
    endloop
  endfacet
  facet normal 0.707098 0 0.707116
    outer loop
      vertex 14.3996 29.3996 2
      vertex 14.8 14.8 1.59961
      vertex 14.8 29.8 1.59961
    endloop
  endfacet
  facet normal 0 0.707098 0.707116
    outer loop
      vertex 14.8 29.8 1.59961
      vertex 0.60039 29.3996 2
      vertex 14.3996 29.3996 2
    endloop
  endfacet
  facet normal 0 0.707098 0.707116
    outer loop
      vertex 0.60039 29.3996 2
      vertex 14.8 29.8 1.59961
      vertex 0.2 29.8 1.59961
    endloop
  endfacet
  facet normal -0.707107 0 0.707107
    outer loop
      vertex 0.2 29.8 1.59961
      vertex 0.60039 0.60039 2
      vertex 0.60039 29.3996 2
    endloop
  endfacet
  facet normal -0.707107 0 0.707107
    outer loop
      vertex 0.60039 0.60039 2
      vertex 0.2 29.8 1.59961
      vertex 0.2 0.2 1.59961
    endloop
  endfacet
  facet normal 0 0 1
    outer loop
      vertex 14.3996 29.3996 2
      vertex 0.60039 29.3996 2
      vertex 14.3996 14.8 2
    endloop
  endfacet
  facet normal -0 0 1
    outer loop
      vertex 14.8 14.3996 2
      vertex 44.3996 0.60039 2
      vertex 44.3996 14.3996 2
    endloop
  endfacet
  facet normal 0 0 1
    outer loop
      vertex 0.60039 0.60039 2
      vertex 14.8 14.3996 2
      vertex 14.7738 14.4005 2
    endloop
  endfacet
  facet normal 0 0 1
    outer loop
      vertex 0.60039 0.60039 2
      vertex 14.7738 14.4005 2
      vertex 14.7477 14.403 2
    endloop
  endfacet
  facet normal 0 0 1
    outer loop
      vertex 0.60039 0.60039 2
      vertex 14.7477 14.403 2
      vertex 14.7219 14.4073 2
    endloop
  endfacet
  facet normal 0 0 1
    outer loop
      vertex 0.60039 0.60039 2
      vertex 14.7219 14.4073 2
      vertex 14.6964 14.4133 2
    endloop
  endfacet
  facet normal 0 0 1
    outer loop
      vertex 0.60039 0.60039 2
      vertex 14.6964 14.4133 2
      vertex 14.6713 14.4209 2
    endloop
  endfacet
  facet normal 0 0 1
    outer loop
      vertex 0.60039 0.60039 2
      vertex 14.6713 14.4209 2
      vertex 14.6468 14.4301 2
    endloop
  endfacet
  facet normal 0 0 1
    outer loop
      vertex 0.60039 0.60039 2
      vertex 14.6468 14.4301 2
      vertex 14.6229 14.4409 2
    endloop
  endfacet
  facet normal 0 0 1
    outer loop
      vertex 0.60039 0.60039 2
      vertex 14.3996 14.8 2
      vertex 0.60039 29.3996 2
    endloop
  endfacet
  facet normal 0 0 1
    outer loop
      vertex 14.3996 14.8 2
      vertex 0.60039 0.60039 2
      vertex 14.4005 14.7738 2
    endloop
  endfacet
  facet normal 0 0 1
    outer loop
      vertex 14.4005 14.7738 2
      vertex 0.60039 0.60039 2
      vertex 14.403 14.7477 2
    endloop
  endfacet
  facet normal 0 0 1
    outer loop
      vertex 14.403 14.7477 2
      vertex 0.60039 0.60039 2
      vertex 14.4073 14.7219 2
    endloop
  endfacet
  facet normal 0 0 1
    outer loop
      vertex 14.4073 14.7219 2
      vertex 0.60039 0.60039 2
      vertex 14.4133 14.6964 2
    endloop
  endfacet
  facet normal 0 0 1
    outer loop
      vertex 14.4133 14.6964 2
      vertex 0.60039 0.60039 2
      vertex 14.4209 14.6713 2
    endloop
  endfacet
  facet normal 0 0 1
    outer loop
      vertex 14.4209 14.6713 2
      vertex 0.60039 0.60039 2
      vertex 14.4301 14.6468 2
    endloop
  endfacet
  facet normal 0 0 1
    outer loop
      vertex 14.4301 14.6468 2
      vertex 0.60039 0.60039 2
      vertex 14.4409 14.6229 2
    endloop
  endfacet
  facet normal 0 0 1
    outer loop
      vertex 14.4409 14.6229 2
      vertex 0.60039 0.60039 2
      vertex 14.4533 14.5998 2
    endloop
  endfacet
  facet normal 0 0 1
    outer loop
      vertex 14.4533 14.5998 2
      vertex 0.60039 0.60039 2
      vertex 14.4671 14.5776 2
    endloop
  endfacet
  facet normal 0 0 1
    outer loop
      vertex 14.4671 14.5776 2
      vertex 0.60039 0.60039 2
      vertex 14.4823 14.5563 2
    endloop
  endfacet
  facet normal 0 0 1
    outer loop
      vertex 14.8 14.3996 2
      vertex 0.60039 0.60039 2
      vertex 44.3996 0.60039 2
    endloop
  endfacet
  facet normal 0 0 1
    outer loop
      vertex 14.5998 14.4533 2
      vertex 0.60039 0.60039 2
      vertex 14.6229 14.4409 2
    endloop
  endfacet
  facet normal 0 0 1
    outer loop
      vertex 14.5776 14.4671 2
      vertex 0.60039 0.60039 2
      vertex 14.5998 14.4533 2
    endloop
  endfacet
  facet normal 0 0 1
    outer loop
      vertex 14.5563 14.4823 2
      vertex 0.60039 0.60039 2
      vertex 14.5776 14.4671 2
    endloop
  endfacet
  facet normal 0 0 1
    outer loop
      vertex 14.536 14.499 2
      vertex 0.60039 0.60039 2
      vertex 14.5563 14.4823 2
    endloop
  endfacet
  facet normal 0 0 1
    outer loop
      vertex 14.5169 14.5169 2
      vertex 0.60039 0.60039 2
      vertex 14.536 14.499 2
    endloop
  endfacet
  facet normal 0 0 1
    outer loop
      vertex 14.499 14.536 2
      vertex 0.60039 0.60039 2
      vertex 14.5169 14.5169 2
    endloop
  endfacet
  facet normal 0 0 1
    outer loop
      vertex 14.4823 14.5563 2
      vertex 0.60039 0.60039 2
      vertex 14.499 14.536 2
    endloop
  endfacet
  facet normal 0 -1 0
    outer loop
      vertex 0.2 0.2 0.400391
      vertex 44.8 0.2 1.59961
      vertex 0.2 0.2 1.59961
    endloop
  endfacet
  facet normal 0 -1 -0
    outer loop
      vertex 44.8 0.2 1.59961
      vertex 0.2 0.2 0.400391
      vertex 44.8 0.2 0.400391
    endloop
  endfacet
  facet normal 1 -0 0
    outer loop
      vertex 44.8 0.2 1.59961
      vertex 44.8 14.8 0.400391
      vertex 44.8 14.8 1.59961
    endloop
  endfacet
  facet normal 1 0 0
    outer loop
      vertex 44.8 14.8 0.400391
      vertex 44.8 0.2 1.59961
      vertex 44.8 0.2 0.400391
    endloop
  endfacet
  facet normal 0 1 -0
    outer loop
      vertex 44.8 14.8 0.400391
      vertex 14.8 14.8 1.59961
      vertex 44.8 14.8 1.59961
    endloop
  endfacet
  facet normal 0 1 0
    outer loop
      vertex 14.8 14.8 1.59961
      vertex 44.8 14.8 0.400391
      vertex 14.8 14.8 0.400391
    endloop
  endfacet
  facet normal 1 -0 0
    outer loop
      vertex 14.8 14.8 1.59961
      vertex 14.8 29.8 0.400391
      vertex 14.8 29.8 1.59961
    endloop
  endfacet
  facet normal 1 0 0
    outer loop
      vertex 14.8 29.8 0.400391
      vertex 14.8 14.8 1.59961
      vertex 14.8 14.8 0.400391
    endloop
  endfacet
  facet normal 0 1 -0
    outer loop
      vertex 14.8 29.8 0.400391
      vertex 0.2 29.8 1.59961
      vertex 14.8 29.8 1.59961
    endloop
  endfacet
  facet normal 0 1 0
    outer loop
      vertex 0.2 29.8 1.59961
      vertex 14.8 29.8 0.400391
      vertex 0.2 29.8 0.400391
    endloop
  endfacet
  facet normal -1 0 0
    outer loop
      vertex 0.2 0.2 0.400391
      vertex 0.2 29.8 1.59961
      vertex 0.2 29.8 0.400391
    endloop
  endfacet
  facet normal -1 -0 0
    outer loop
      vertex 0.2 29.8 1.59961
      vertex 0.2 0.2 0.400391
      vertex 0.2 0.2 1.59961
    endloop
  endfacet
  facet normal 0 -0.707099 -0.707115
    outer loop
      vertex 0.60039 30.6004 0
      vertex 14.8 30.2 0.400391
      vertex 0.2 30.2 0.400391
    endloop
  endfacet
  facet normal 0 -0.707099 -0.707115
    outer loop
      vertex 14.8 30.2 0.400391
      vertex 0.60039 30.6004 0
      vertex 14.3996 30.6004 0
    endloop
  endfacet
  facet normal 0.707099 0 -0.707115
    outer loop
      vertex 14.8 45.2 0.400391
      vertex 14.3996 30.6004 0
      vertex 14.3996 45.2 0
    endloop
  endfacet
  facet normal 0.707099 0 -0.707115
    outer loop
      vertex 14.3996 30.6004 0
      vertex 14.8 45.2 0.400391
      vertex 14.8 30.2 0.400391
    endloop
  endfacet
  facet normal 0.70689 -0.0242825 -0.706906
    outer loop
      vertex 14.4005 45.2262 0
      vertex 14.8 45.2 0.400391
      vertex 14.3996 45.2 0
    endloop
  endfacet
  facet normal 0.704072 -0.0674399 -0.706919
    outer loop
      vertex 14.403 45.2523 0
      vertex 14.8 45.2 0.400391
      vertex 14.4005 45.2262 0
    endloop
  endfacet
  facet normal 0.697655 -0.116276 -0.706935
    outer loop
      vertex 14.4073 45.2781 0
      vertex 14.8 45.2 0.400391
      vertex 14.403 45.2523 0
    endloop
  endfacet
  facet normal 0.688518 -0.162004 -0.706893
    outer loop
      vertex 14.4133 45.3036 0
      vertex 14.8 45.2 0.400391
      vertex 14.4073 45.2781 0
    endloop
  endfacet
  facet normal 0.676985 -0.204984 -0.706875
    outer loop
      vertex 14.4209 45.3287 0
      vertex 14.8 45.2 0.400391
      vertex 14.4133 45.3036 0
    endloop
  endfacet
  facet normal 0.662176 -0.248654 -0.706891
    outer loop
      vertex 14.4301 45.3532 0
      vertex 14.8 45.2 0.400391
      vertex 14.4209 45.3287 0
    endloop
  endfacet
  facet normal 0.64455 -0.291261 -0.70691
    outer loop
      vertex 14.4409 45.3771 0
      vertex 14.8 45.2 0.400391
      vertex 14.4301 45.3532 0
    endloop
  endfacet
  facet normal 0.623201 -0.334532 -0.706901
    outer loop
      vertex 14.4533 45.4002 0
      vertex 14.8 45.2 0.400391
      vertex 14.4409 45.3771 0
    endloop
  endfacet
  facet normal 0.600724 -0.373423 -0.706885
    outer loop
      vertex 14.4671 45.4224 0
      vertex 14.8 45.2 0.400391
      vertex 14.4533 45.4002 0
    endloop
  endfacet
  facet normal 0.575742 -0.410858 -0.706907
    outer loop
      vertex 14.4823 45.4437 0
      vertex 14.8 45.2 0.400391
      vertex 14.4671 45.4224 0
    endloop
  endfacet
  facet normal 0.54622 -0.449353 -0.706913
    outer loop
      vertex 14.499 45.464 0
      vertex 14.8 45.2 0.400391
      vertex 14.4823 45.4437 0
    endloop
  endfacet
  facet normal 0.516098 -0.483673 -0.706897
    outer loop
      vertex 14.5169 45.4831 0
      vertex 14.8 45.2 0.400391
      vertex 14.499 45.464 0
    endloop
  endfacet
  facet normal 0.483673 -0.516098 -0.706897
    outer loop
      vertex 14.536 45.501 0
      vertex 14.8 45.2 0.400391
      vertex 14.5169 45.4831 0
    endloop
  endfacet
  facet normal 0.449353 -0.54622 -0.706913
    outer loop
      vertex 14.5563 45.5177 0
      vertex 14.8 45.2 0.400391
      vertex 14.536 45.501 0
    endloop
  endfacet
  facet normal 0.410858 -0.575742 -0.706907
    outer loop
      vertex 14.5776 45.5329 0
      vertex 14.8 45.2 0.400391
      vertex 14.5563 45.5177 0
    endloop
  endfacet
  facet normal 0.373423 -0.600724 -0.706885
    outer loop
      vertex 14.5998 45.5467 0
      vertex 14.8 45.2 0.400391
      vertex 14.5776 45.5329 0
    endloop
  endfacet
  facet normal 0.334532 -0.623201 -0.706901
    outer loop
      vertex 14.6229 45.5591 0
      vertex 14.8 45.2 0.400391
      vertex 14.5998 45.5467 0
    endloop
  endfacet
  facet normal 0.291261 -0.64455 -0.70691
    outer loop
      vertex 14.6468 45.5699 0
      vertex 14.8 45.2 0.400391
      vertex 14.6229 45.5591 0
    endloop
  endfacet
  facet normal 0.248654 -0.662176 -0.706891
    outer loop
      vertex 14.6713 45.5791 0
      vertex 14.8 45.2 0.400391
      vertex 14.6468 45.5699 0
    endloop
  endfacet
  facet normal 0.204984 -0.676985 -0.706875
    outer loop
      vertex 14.6964 45.5867 0
      vertex 14.8 45.2 0.400391
      vertex 14.6713 45.5791 0
    endloop
  endfacet
  facet normal 0.162004 -0.688518 -0.706893
    outer loop
      vertex 14.7219 45.5927 0
      vertex 14.8 45.2 0.400391
      vertex 14.6964 45.5867 0
    endloop
  endfacet
  facet normal 0.116276 -0.697655 -0.706935
    outer loop
      vertex 14.7477 45.597 0
      vertex 14.8 45.2 0.400391
      vertex 14.7219 45.5927 0
    endloop
  endfacet
  facet normal 0.0674399 -0.704072 -0.706919
    outer loop
      vertex 14.7738 45.5995 0
      vertex 14.8 45.2 0.400391
      vertex 14.7477 45.597 0
    endloop
  endfacet
  facet normal 0.0242825 -0.70689 -0.706906
    outer loop
      vertex 14.8 45.6004 0
      vertex 14.8 45.2 0.400391
      vertex 14.7738 45.5995 0
    endloop
  endfacet
  facet normal -0 -0.707099 -0.707115
    outer loop
      vertex 29.3996 45.6004 0
      vertex 14.8 45.2 0.400391
      vertex 14.8 45.6004 0
    endloop
  endfacet
  facet normal 0 -0.707099 -0.707115
    outer loop
      vertex 14.8 45.2 0.400391
      vertex 29.3996 45.6004 0
      vertex 29.8 45.2 0.400391
    endloop
  endfacet
  facet normal 0.707099 0 -0.707115
    outer loop
      vertex 29.8 74.8 0.400391
      vertex 29.3996 45.6004 0
      vertex 29.3996 74.3996 0
    endloop
  endfacet
  facet normal 0.707099 0 -0.707115
    outer loop
      vertex 29.3996 45.6004 0
      vertex 29.8 74.8 0.400391
      vertex 29.8 45.2 0.400391
    endloop
  endfacet
  facet normal 0 0.707099 -0.707115
    outer loop
      vertex 29.3996 74.3996 0
      vertex 0.2 74.8 0.400391
      vertex 29.8 74.8 0.400391
    endloop
  endfacet
  facet normal 0 0.707099 -0.707115
    outer loop
      vertex 0.2 74.8 0.400391
      vertex 29.3996 74.3996 0
      vertex 0.60039 74.3996 0
    endloop
  endfacet
  facet normal -0.707108 0 -0.707106
    outer loop
      vertex 0.60039 30.6004 0
      vertex 0.2 74.8 0.400391
      vertex 0.60039 74.3996 0
    endloop
  endfacet
  facet normal -0.707108 -0 -0.707106
    outer loop
      vertex 0.2 74.8 0.400391
      vertex 0.60039 30.6004 0
      vertex 0.2 30.2 0.400391
    endloop
  endfacet
  facet normal 0 0 -1
    outer loop
      vertex 14.3996 30.6004 0
      vertex 0.60039 30.6004 0
      vertex 14.3996 45.2 0
    endloop
  endfacet
  facet normal 0 0 -1
    outer loop
      vertex 14.8 45.6004 0
      vertex 29.3996 74.3996 0
      vertex 29.3996 45.6004 0
    endloop
  endfacet
  facet normal 0 0 -1
    outer loop
      vertex 0.60039 74.3996 0
      vertex 14.8 45.6004 0
      vertex 14.7738 45.5995 0
    endloop
  endfacet
  facet normal 0 0 -1
    outer loop
      vertex 0.60039 74.3996 0
      vertex 14.7738 45.5995 0
      vertex 14.7477 45.597 0
    endloop
  endfacet
  facet normal 0 0 -1
    outer loop
      vertex 0.60039 74.3996 0
      vertex 14.7477 45.597 0
      vertex 14.7219 45.5927 0
    endloop
  endfacet
  facet normal 0 0 -1
    outer loop
      vertex 0.60039 74.3996 0
      vertex 14.7219 45.5927 0
      vertex 14.6964 45.5867 0
    endloop
  endfacet
  facet normal 0 0 -1
    outer loop
      vertex 0.60039 74.3996 0
      vertex 14.6964 45.5867 0
      vertex 14.6713 45.5791 0
    endloop
  endfacet
  facet normal 0 0 -1
    outer loop
      vertex 0.60039 74.3996 0
      vertex 14.6713 45.5791 0
      vertex 14.6468 45.5699 0
    endloop
  endfacet
  facet normal 0 0 -1
    outer loop
      vertex 0.60039 74.3996 0
      vertex 14.6468 45.5699 0
      vertex 14.6229 45.5591 0
    endloop
  endfacet
  facet normal 0 0 -1
    outer loop
      vertex 0.60039 74.3996 0
      vertex 14.6229 45.5591 0
      vertex 14.5998 45.5467 0
    endloop
  endfacet
  facet normal 0 0 -1
    outer loop
      vertex 0.60039 74.3996 0
      vertex 14.5998 45.5467 0
      vertex 14.5776 45.5329 0
    endloop
  endfacet
  facet normal 0 0 -1
    outer loop
      vertex 0.60039 74.3996 0
      vertex 14.5776 45.5329 0
      vertex 14.5563 45.5177 0
    endloop
  endfacet
  facet normal 0 0 -1
    outer loop
      vertex 0.60039 74.3996 0
      vertex 14.5563 45.5177 0
      vertex 14.536 45.501 0
    endloop
  endfacet
  facet normal 0 0 -1
    outer loop
      vertex 0.60039 74.3996 0
      vertex 14.536 45.501 0
      vertex 14.5169 45.4831 0
    endloop
  endfacet
  facet normal 0 0 -1
    outer loop
      vertex 0.60039 74.3996 0
      vertex 14.5169 45.4831 0
      vertex 14.499 45.464 0
    endloop
  endfacet
  facet normal 0 0 -1
    outer loop
      vertex 0.60039 74.3996 0
      vertex 14.499 45.464 0
      vertex 14.4823 45.4437 0
    endloop
  endfacet
  facet normal 0 0 -1
    outer loop
      vertex 0.60039 74.3996 0
      vertex 14.4823 45.4437 0
      vertex 14.4671 45.4224 0
    endloop
  endfacet
  facet normal 0 0 -1
    outer loop
      vertex 0.60039 74.3996 0
      vertex 14.4671 45.4224 0
      vertex 14.4533 45.4002 0
    endloop
  endfacet
  facet normal 0 0 -1
    outer loop
      vertex 0.60039 74.3996 0
      vertex 14.4533 45.4002 0
      vertex 14.4409 45.3771 0
    endloop
  endfacet
  facet normal 0 0 -1
    outer loop
      vertex 0.60039 30.6004 0
      vertex 14.4005 45.2262 0
      vertex 14.3996 45.2 0
    endloop
  endfacet
  facet normal 0 0 -1
    outer loop
      vertex 0.60039 30.6004 0
      vertex 14.403 45.2523 0
      vertex 14.4005 45.2262 0
    endloop
  endfacet
  facet normal 0 0 -1
    outer loop
      vertex 0.60039 30.6004 0
      vertex 14.4073 45.2781 0
      vertex 14.403 45.2523 0
    endloop
  endfacet
  facet normal 0 0 -1
    outer loop
      vertex 0.60039 30.6004 0
      vertex 14.4133 45.3036 0
      vertex 14.4073 45.2781 0
    endloop
  endfacet
  facet normal 0 0 -1
    outer loop
      vertex 0.60039 30.6004 0
      vertex 14.4209 45.3287 0
      vertex 14.4133 45.3036 0
    endloop
  endfacet
  facet normal 0 0 -1
    outer loop
      vertex 0.60039 74.3996 0
      vertex 14.4209 45.3287 0
      vertex 0.60039 30.6004 0
    endloop
  endfacet
  facet normal 0 0 -1
    outer loop
      vertex 14.4209 45.3287 0
      vertex 0.60039 74.3996 0
      vertex 14.4301 45.3532 0
    endloop
  endfacet
  facet normal 0 0 -1
    outer loop
      vertex 14.4301 45.3532 0
      vertex 0.60039 74.3996 0
      vertex 14.4409 45.3771 0
    endloop
  endfacet
  facet normal 0 0 -1
    outer loop
      vertex 14.8 45.6004 0
      vertex 0.60039 74.3996 0
      vertex 29.3996 74.3996 0
    endloop
  endfacet
  facet normal 0 -0.707098 0.707116
    outer loop
      vertex 0.2 30.2 1.59961
      vertex 14.3996 30.6004 2
      vertex 0.60039 30.6004 2
    endloop
  endfacet
  facet normal 0 -0.707098 0.707116
    outer loop
      vertex 14.3996 30.6004 2
      vertex 0.2 30.2 1.59961
      vertex 14.8 30.2 1.59961
    endloop
  endfacet
  facet normal 0.707098 -0 0.707116
    outer loop
      vertex 14.3996 30.6004 2
      vertex 14.8 45.2 1.59961
      vertex 14.3996 45.2 2
    endloop
  endfacet
  facet normal 0.707098 0 0.707116
    outer loop
      vertex 14.8 45.2 1.59961
      vertex 14.3996 30.6004 2
      vertex 14.8 30.2 1.59961
    endloop
  endfacet
  facet normal 0.706889 -0.0242825 0.706907
    outer loop
      vertex 14.8 45.2 1.59961
      vertex 14.4005 45.2262 2
      vertex 14.3996 45.2 2
    endloop
  endfacet
  facet normal 0.704072 -0.0674398 0.706919
    outer loop
      vertex 14.8 45.2 1.59961
      vertex 14.403 45.2523 2
      vertex 14.4005 45.2262 2
    endloop
  endfacet
  facet normal 0.697654 -0.116276 0.706936
    outer loop
      vertex 14.8 45.2 1.59961
      vertex 14.4073 45.2781 2
      vertex 14.403 45.2523 2
    endloop
  endfacet
  facet normal 0.688517 -0.162004 0.706894
    outer loop
      vertex 14.8 45.2 1.59961
      vertex 14.4133 45.3036 2
      vertex 14.4073 45.2781 2
    endloop
  endfacet
  facet normal 0.676984 -0.204983 0.706876
    outer loop
      vertex 14.8 45.2 1.59961
      vertex 14.4209 45.3287 2
      vertex 14.4133 45.3036 2
    endloop
  endfacet
  facet normal 0.662175 -0.248654 0.706891
    outer loop
      vertex 14.8 45.2 1.59961
      vertex 14.4301 45.3532 2
      vertex 14.4209 45.3287 2
    endloop
  endfacet
  facet normal 0.64455 -0.291261 0.706911
    outer loop
      vertex 14.8 45.2 1.59961
      vertex 14.4409 45.3771 2
      vertex 14.4301 45.3532 2
    endloop
  endfacet
  facet normal 0.6232 -0.334531 0.706902
    outer loop
      vertex 14.8 45.2 1.59961
      vertex 14.4533 45.4002 2
      vertex 14.4409 45.3771 2
    endloop
  endfacet
  facet normal 0.600723 -0.373423 0.706886
    outer loop
      vertex 14.8 45.2 1.59961
      vertex 14.4671 45.4224 2
      vertex 14.4533 45.4002 2
    endloop
  endfacet
  facet normal 0.575741 -0.410857 0.706908
    outer loop
      vertex 14.8 45.2 1.59961
      vertex 14.4823 45.4437 2
      vertex 14.4671 45.4224 2
    endloop
  endfacet
  facet normal 0.546219 -0.449353 0.706914
    outer loop
      vertex 14.8 45.2 1.59961
      vertex 14.499 45.464 2
      vertex 14.4823 45.4437 2
    endloop
  endfacet
  facet normal 0.516097 -0.483672 0.706898
    outer loop
      vertex 14.8 45.2 1.59961
      vertex 14.5169 45.4831 2
      vertex 14.499 45.464 2
    endloop
  endfacet
  facet normal 0.483672 -0.516097 0.706898
    outer loop
      vertex 14.8 45.2 1.59961
      vertex 14.536 45.501 2
      vertex 14.5169 45.4831 2
    endloop
  endfacet
  facet normal 0.449353 -0.546219 0.706914
    outer loop
      vertex 14.8 45.2 1.59961
      vertex 14.5563 45.5177 2
      vertex 14.536 45.501 2
    endloop
  endfacet
  facet normal 0.410857 -0.575741 0.706908
    outer loop
      vertex 14.8 45.2 1.59961
      vertex 14.5776 45.5329 2
      vertex 14.5563 45.5177 2
    endloop
  endfacet
  facet normal 0.373423 -0.600723 0.706886
    outer loop
      vertex 14.8 45.2 1.59961
      vertex 14.5998 45.5467 2
      vertex 14.5776 45.5329 2
    endloop
  endfacet
  facet normal 0.334531 -0.6232 0.706902
    outer loop
      vertex 14.8 45.2 1.59961
      vertex 14.6229 45.5591 2
      vertex 14.5998 45.5467 2
    endloop
  endfacet
  facet normal 0.291261 -0.64455 0.706911
    outer loop
      vertex 14.8 45.2 1.59961
      vertex 14.6468 45.5699 2
      vertex 14.6229 45.5591 2
    endloop
  endfacet
  facet normal 0.248654 -0.662175 0.706891
    outer loop
      vertex 14.8 45.2 1.59961
      vertex 14.6713 45.5791 2
      vertex 14.6468 45.5699 2
    endloop
  endfacet
  facet normal 0.204983 -0.676984 0.706876
    outer loop
      vertex 14.8 45.2 1.59961
      vertex 14.6964 45.5867 2
      vertex 14.6713 45.5791 2
    endloop
  endfacet
  facet normal 0.162004 -0.688517 0.706894
    outer loop
      vertex 14.8 45.2 1.59961
      vertex 14.7219 45.5927 2
      vertex 14.6964 45.5867 2
    endloop
  endfacet
  facet normal 0.116276 -0.697654 0.706936
    outer loop
      vertex 14.8 45.2 1.59961
      vertex 14.7477 45.597 2
      vertex 14.7219 45.5927 2
    endloop
  endfacet
  facet normal 0.0674398 -0.704072 0.706919
    outer loop
      vertex 14.8 45.2 1.59961
      vertex 14.7738 45.5995 2
      vertex 14.7477 45.597 2
    endloop
  endfacet
  facet normal 0.0242825 -0.706889 0.706907
    outer loop
      vertex 14.8 45.2 1.59961
      vertex 14.8 45.6004 2
      vertex 14.7738 45.5995 2
    endloop
  endfacet
  facet normal 0 -0.707098 0.707116
    outer loop
      vertex 14.8 45.2 1.59961
      vertex 29.3996 45.6004 2
      vertex 14.8 45.6004 2
    endloop
  endfacet
  facet normal 0 -0.707098 0.707116
    outer loop
      vertex 29.3996 45.6004 2
      vertex 14.8 45.2 1.59961
      vertex 29.8 45.2 1.59961
    endloop
  endfacet
  facet normal 0.707098 -0 0.707116
    outer loop
      vertex 29.3996 45.6004 2
      vertex 29.8 74.8 1.59961
      vertex 29.3996 74.3996 2
    endloop
  endfacet
  facet normal 0.707098 0 0.707116
    outer loop
      vertex 29.8 74.8 1.59961
      vertex 29.3996 45.6004 2
      vertex 29.8 45.2 1.59961
    endloop
  endfacet
  facet normal 0 0.707098 0.707116
    outer loop
      vertex 29.8 74.8 1.59961
      vertex 0.60039 74.3996 2
      vertex 29.3996 74.3996 2
    endloop
  endfacet
  facet normal 0 0.707098 0.707116
    outer loop
      vertex 0.60039 74.3996 2
      vertex 29.8 74.8 1.59961
      vertex 0.2 74.8 1.59961
    endloop
  endfacet
  facet normal -0.707107 0 0.707107
    outer loop
      vertex 0.2 74.8 1.59961
      vertex 0.60039 30.6004 2
      vertex 0.60039 74.3996 2
    endloop
  endfacet
  facet normal -0.707107 0 0.707107
    outer loop
      vertex 0.60039 30.6004 2
      vertex 0.2 74.8 1.59961
      vertex 0.2 30.2 1.59961
    endloop
  endfacet
  facet normal 0 0 1
    outer loop
      vertex 29.3996 74.3996 2
      vertex 14.8 45.6004 2
      vertex 29.3996 45.6004 2
    endloop
  endfacet
  facet normal -0 0 1
    outer loop
      vertex 0.60039 74.3996 2
      vertex 14.8 45.6004 2
      vertex 29.3996 74.3996 2
    endloop
  endfacet
  facet normal 0 0 1
    outer loop
      vertex 14.8 45.6004 2
      vertex 0.60039 74.3996 2
      vertex 14.7738 45.5995 2
    endloop
  endfacet
  facet normal 0 0 1
    outer loop
      vertex 14.7738 45.5995 2
      vertex 0.60039 74.3996 2
      vertex 14.7477 45.597 2
    endloop
  endfacet
  facet normal 0 0 1
    outer loop
      vertex 14.7477 45.597 2
      vertex 0.60039 74.3996 2
      vertex 14.7219 45.5927 2
    endloop
  endfacet
  facet normal 0 0 1
    outer loop
      vertex 14.7219 45.5927 2
      vertex 0.60039 74.3996 2
      vertex 14.6964 45.5867 2
    endloop
  endfacet
  facet normal 0 0 1
    outer loop
      vertex 14.6964 45.5867 2
      vertex 0.60039 74.3996 2
      vertex 14.6713 45.5791 2
    endloop
  endfacet
  facet normal 0 0 1
    outer loop
      vertex 14.6713 45.5791 2
      vertex 0.60039 74.3996 2
      vertex 14.6468 45.5699 2
    endloop
  endfacet
  facet normal 0 0 1
    outer loop
      vertex 14.6468 45.5699 2
      vertex 0.60039 74.3996 2
      vertex 14.6229 45.5591 2
    endloop
  endfacet
  facet normal 0 0 1
    outer loop
      vertex 14.6229 45.5591 2
      vertex 0.60039 74.3996 2
      vertex 14.5998 45.5467 2
    endloop
  endfacet
  facet normal 0 0 1
    outer loop
      vertex 14.5998 45.5467 2
      vertex 0.60039 74.3996 2
      vertex 14.5776 45.5329 2
    endloop
  endfacet
  facet normal 0 0 1
    outer loop
      vertex 14.5776 45.5329 2
      vertex 0.60039 74.3996 2
      vertex 14.5563 45.5177 2
    endloop
  endfacet
  facet normal 0 0 1
    outer loop
      vertex 14.5563 45.5177 2
      vertex 0.60039 74.3996 2
      vertex 14.536 45.501 2
    endloop
  endfacet
  facet normal 0 0 1
    outer loop
      vertex 14.536 45.501 2
      vertex 0.60039 74.3996 2
      vertex 14.5169 45.4831 2
    endloop
  endfacet
  facet normal 0 0 1
    outer loop
      vertex 14.5169 45.4831 2
      vertex 0.60039 74.3996 2
      vertex 14.499 45.464 2
    endloop
  endfacet
  facet normal 0 0 1
    outer loop
      vertex 14.499 45.464 2
      vertex 0.60039 74.3996 2
      vertex 14.4823 45.4437 2
    endloop
  endfacet
  facet normal 0 0 1
    outer loop
      vertex 14.4823 45.4437 2
      vertex 0.60039 74.3996 2
      vertex 14.4671 45.4224 2
    endloop
  endfacet
  facet normal 0 0 1
    outer loop
      vertex 14.4671 45.4224 2
      vertex 0.60039 74.3996 2
      vertex 14.4533 45.4002 2
    endloop
  endfacet
  facet normal 0 0 1
    outer loop
      vertex 14.4533 45.4002 2
      vertex 0.60039 74.3996 2
      vertex 14.4409 45.3771 2
    endloop
  endfacet
  facet normal 0 0 1
    outer loop
      vertex 0.60039 74.3996 2
      vertex 14.4301 45.3532 2
      vertex 14.4409 45.3771 2
    endloop
  endfacet
  facet normal 0 0 1
    outer loop
      vertex 0.60039 74.3996 2
      vertex 14.4209 45.3287 2
      vertex 14.4301 45.3532 2
    endloop
  endfacet
  facet normal 0 0 1
    outer loop
      vertex 0.60039 30.6004 2
      vertex 14.4209 45.3287 2
      vertex 0.60039 74.3996 2
    endloop
  endfacet
  facet normal 0 0 1
    outer loop
      vertex 14.4209 45.3287 2
      vertex 0.60039 30.6004 2
      vertex 14.4133 45.3036 2
    endloop
  endfacet
  facet normal 0 0 1
    outer loop
      vertex 14.4133 45.3036 2
      vertex 0.60039 30.6004 2
      vertex 14.4073 45.2781 2
    endloop
  endfacet
  facet normal 0 0 1
    outer loop
      vertex 14.4073 45.2781 2
      vertex 0.60039 30.6004 2
      vertex 14.403 45.2523 2
    endloop
  endfacet
  facet normal 0 0 1
    outer loop
      vertex 14.403 45.2523 2
      vertex 0.60039 30.6004 2
      vertex 14.4005 45.2262 2
    endloop
  endfacet
  facet normal 0 0 1
    outer loop
      vertex 14.4005 45.2262 2
      vertex 0.60039 30.6004 2
      vertex 14.3996 45.2 2
    endloop
  endfacet
  facet normal 0 0 1
    outer loop
      vertex 14.3996 45.2 2
      vertex 0.60039 30.6004 2
      vertex 14.3996 30.6004 2
    endloop
  endfacet
  facet normal 0 -1 0
    outer loop
      vertex 0.2 30.2 0.400391
      vertex 14.8 30.2 1.59961
      vertex 0.2 30.2 1.59961
    endloop
  endfacet
  facet normal 0 -1 -0
    outer loop
      vertex 14.8 30.2 1.59961
      vertex 0.2 30.2 0.400391
      vertex 14.8 30.2 0.400391
    endloop
  endfacet
  facet normal 1 -0 0
    outer loop
      vertex 14.8 30.2 1.59961
      vertex 14.8 45.2 0.400391
      vertex 14.8 45.2 1.59961
    endloop
  endfacet
  facet normal 1 0 0
    outer loop
      vertex 14.8 45.2 0.400391
      vertex 14.8 30.2 1.59961
      vertex 14.8 30.2 0.400391
    endloop
  endfacet
  facet normal 0 -1 0
    outer loop
      vertex 14.8 45.2 0.400391
      vertex 29.8 45.2 1.59961
      vertex 14.8 45.2 1.59961
    endloop
  endfacet
  facet normal 0 -1 -0
    outer loop
      vertex 29.8 45.2 1.59961
      vertex 14.8 45.2 0.400391
      vertex 29.8 45.2 0.400391
    endloop
  endfacet
  facet normal 1 -0 0
    outer loop
      vertex 29.8 45.2 1.59961
      vertex 29.8 74.8 0.400391
      vertex 29.8 74.8 1.59961
    endloop
  endfacet
  facet normal 1 0 0
    outer loop
      vertex 29.8 74.8 0.400391
      vertex 29.8 45.2 1.59961
      vertex 29.8 45.2 0.400391
    endloop
  endfacet
  facet normal 0 1 -0
    outer loop
      vertex 29.8 74.8 0.400391
      vertex 0.2 74.8 1.59961
      vertex 29.8 74.8 1.59961
    endloop
  endfacet
  facet normal 0 1 0
    outer loop
      vertex 0.2 74.8 1.59961
      vertex 29.8 74.8 0.400391
      vertex 0.2 74.8 0.400391
    endloop
  endfacet
  facet normal -1 0 0
    outer loop
      vertex 0.2 30.2 0.400391
      vertex 0.2 74.8 1.59961
      vertex 0.2 74.8 0.400391
    endloop
  endfacet
  facet normal -1 -0 0
    outer loop
      vertex 0.2 74.8 1.59961
      vertex 0.2 30.2 0.400391
      vertex 0.2 30.2 1.59961
    endloop
  endfacet
  facet normal 0 -0.707099 -0.707115
    outer loop
      vertex 15.6004 15.6004 0
      vertex 29.8 15.2 0.400391
      vertex 15.2 15.2 0.400391
    endloop
  endfacet
  facet normal 0 -0.707099 -0.707115
    outer loop
      vertex 29.8 15.2 0.400391
      vertex 15.6004 15.6004 0
      vertex 29.3996 15.6004 0
    endloop
  endfacet
  facet normal 0.707099 0 -0.707115
    outer loop
      vertex 29.8 30.2 0.400391
      vertex 29.3996 15.6004 0
      vertex 29.3996 30.2 0
    endloop
  endfacet
  facet normal 0.707099 0 -0.707115
    outer loop
      vertex 29.3996 15.6004 0
      vertex 29.8 30.2 0.400391
      vertex 29.8 15.2 0.400391
    endloop
  endfacet
  facet normal 0.70689 -0.0242825 -0.706906
    outer loop
      vertex 29.4005 30.2262 0
      vertex 29.8 30.2 0.400391
      vertex 29.3996 30.2 0
    endloop
  endfacet
  facet normal 0.704072 -0.0674399 -0.706919
    outer loop
      vertex 29.403 30.2523 0
      vertex 29.8 30.2 0.400391
      vertex 29.4005 30.2262 0
    endloop
  endfacet
  facet normal 0.697655 -0.116276 -0.706935
    outer loop
      vertex 29.4073 30.2781 0
      vertex 29.8 30.2 0.400391
      vertex 29.403 30.2523 0
    endloop
  endfacet
  facet normal 0.688518 -0.162004 -0.706893
    outer loop
      vertex 29.4133 30.3036 0
      vertex 29.8 30.2 0.400391
      vertex 29.4073 30.2781 0
    endloop
  endfacet
  facet normal 0.676985 -0.204984 -0.706875
    outer loop
      vertex 29.4209 30.3287 0
      vertex 29.8 30.2 0.400391
      vertex 29.4133 30.3036 0
    endloop
  endfacet
  facet normal 0.662176 -0.248654 -0.706891
    outer loop
      vertex 29.4301 30.3532 0
      vertex 29.8 30.2 0.400391
      vertex 29.4209 30.3287 0
    endloop
  endfacet
  facet normal 0.64455 -0.291261 -0.70691
    outer loop
      vertex 29.4409 30.3771 0
      vertex 29.8 30.2 0.400391
      vertex 29.4301 30.3532 0
    endloop
  endfacet
  facet normal 0.623201 -0.334532 -0.706901
    outer loop
      vertex 29.4533 30.4002 0
      vertex 29.8 30.2 0.400391
      vertex 29.4409 30.3771 0
    endloop
  endfacet
  facet normal 0.600724 -0.373423 -0.706885
    outer loop
      vertex 29.4671 30.4224 0
      vertex 29.8 30.2 0.400391
      vertex 29.4533 30.4002 0
    endloop
  endfacet
  facet normal 0.575742 -0.410858 -0.706907
    outer loop
      vertex 29.4823 30.4437 0
      vertex 29.8 30.2 0.400391
      vertex 29.4671 30.4224 0
    endloop
  endfacet
  facet normal 0.54622 -0.449353 -0.706913
    outer loop
      vertex 29.499 30.464 0
      vertex 29.8 30.2 0.400391
      vertex 29.4823 30.4437 0
    endloop
  endfacet
  facet normal 0.516098 -0.483673 -0.706897
    outer loop
      vertex 29.5169 30.4831 0
      vertex 29.8 30.2 0.400391
      vertex 29.499 30.464 0
    endloop
  endfacet
  facet normal 0.483673 -0.516098 -0.706897
    outer loop
      vertex 29.536 30.501 0
      vertex 29.8 30.2 0.400391
      vertex 29.5169 30.4831 0
    endloop
  endfacet
  facet normal 0.449353 -0.54622 -0.706913
    outer loop
      vertex 29.5563 30.5177 0
      vertex 29.8 30.2 0.400391
      vertex 29.536 30.501 0
    endloop
  endfacet
  facet normal 0.410858 -0.575742 -0.706907
    outer loop
      vertex 29.5776 30.5329 0
      vertex 29.8 30.2 0.400391
      vertex 29.5563 30.5177 0
    endloop
  endfacet
  facet normal 0.373423 -0.600724 -0.706885
    outer loop
      vertex 29.5998 30.5467 0
      vertex 29.8 30.2 0.400391
      vertex 29.5776 30.5329 0
    endloop
  endfacet
  facet normal 0.334532 -0.623201 -0.706901
    outer loop
      vertex 29.6229 30.5591 0
      vertex 29.8 30.2 0.400391
      vertex 29.5998 30.5467 0
    endloop
  endfacet
  facet normal 0.291261 -0.64455 -0.70691
    outer loop
      vertex 29.6468 30.5699 0
      vertex 29.8 30.2 0.400391
      vertex 29.6229 30.5591 0
    endloop
  endfacet
  facet normal 0.248654 -0.662176 -0.706891
    outer loop
      vertex 29.6713 30.5791 0
      vertex 29.8 30.2 0.400391
      vertex 29.6468 30.5699 0
    endloop
  endfacet
  facet normal 0.204984 -0.676985 -0.706875
    outer loop
      vertex 29.6964 30.5867 0
      vertex 29.8 30.2 0.400391
      vertex 29.6713 30.5791 0
    endloop
  endfacet
  facet normal 0.162004 -0.688518 -0.706893
    outer loop
      vertex 29.7219 30.5927 0
      vertex 29.8 30.2 0.400391
      vertex 29.6964 30.5867 0
    endloop
  endfacet
  facet normal 0.116276 -0.697655 -0.706935
    outer loop
      vertex 29.7477 30.597 0
      vertex 29.8 30.2 0.400391
      vertex 29.7219 30.5927 0
    endloop
  endfacet
  facet normal 0.0674399 -0.704072 -0.706919
    outer loop
      vertex 29.7738 30.5995 0
      vertex 29.8 30.2 0.400391
      vertex 29.7477 30.597 0
    endloop
  endfacet
  facet normal 0.0242825 -0.70689 -0.706906
    outer loop
      vertex 29.8 30.6004 0
      vertex 29.8 30.2 0.400391
      vertex 29.7738 30.5995 0
    endloop
  endfacet
  facet normal -0 -0.707099 -0.707115
    outer loop
      vertex 44.3996 30.6004 0
      vertex 29.8 30.2 0.400391
      vertex 29.8 30.6004 0
    endloop
  endfacet
  facet normal 0 -0.707099 -0.707115
    outer loop
      vertex 29.8 30.2 0.400391
      vertex 44.3996 30.6004 0
      vertex 44.8 30.2 0.400391
    endloop
  endfacet
  facet normal 0.707099 0 -0.707115
    outer loop
      vertex 44.8 59.8 0.400391
      vertex 44.3996 30.6004 0
      vertex 44.3996 59.3996 0
    endloop
  endfacet
  facet normal 0.707099 0 -0.707115
    outer loop
      vertex 44.3996 30.6004 0
      vertex 44.8 59.8 0.400391
      vertex 44.8 30.2 0.400391
    endloop
  endfacet
  facet normal 0 0.707099 -0.707115
    outer loop
      vertex 44.3996 59.3996 0
      vertex 30.2 59.8 0.400391
      vertex 44.8 59.8 0.400391
    endloop
  endfacet
  facet normal 0 0.707099 -0.707115
    outer loop
      vertex 30.2 59.8 0.400391
      vertex 44.3996 59.3996 0
      vertex 30.6004 59.3996 0
    endloop
  endfacet
  facet normal -0.707099 0 -0.707115
    outer loop
      vertex 30.2 44.8 0.400391
      vertex 30.6004 59.3996 0
      vertex 30.6004 44.8 0
    endloop
  endfacet
  facet normal -0.707099 0 -0.707115
    outer loop
      vertex 30.6004 59.3996 0
      vertex 30.2 44.8 0.400391
      vertex 30.2 59.8 0.400391
    endloop
  endfacet
  facet normal -0.70689 0.0242825 -0.706906
    outer loop
      vertex 30.6004 44.8 0
      vertex 30.5995 44.7738 0
      vertex 30.2 44.8 0.400391
    endloop
  endfacet
  facet normal -0.704072 0.0674399 -0.706919
    outer loop
      vertex 30.5995 44.7738 0
      vertex 30.597 44.7477 0
      vertex 30.2 44.8 0.400391
    endloop
  endfacet
  facet normal -0.697655 0.116276 -0.706935
    outer loop
      vertex 30.597 44.7477 0
      vertex 30.5927 44.7219 0
      vertex 30.2 44.8 0.400391
    endloop
  endfacet
  facet normal -0.688518 0.162004 -0.706893
    outer loop
      vertex 30.5927 44.7219 0
      vertex 30.5867 44.6964 0
      vertex 30.2 44.8 0.400391
    endloop
  endfacet
  facet normal -0.676985 0.204984 -0.706875
    outer loop
      vertex 30.5867 44.6964 0
      vertex 30.5791 44.6713 0
      vertex 30.2 44.8 0.400391
    endloop
  endfacet
  facet normal -0.662176 0.248654 -0.706891
    outer loop
      vertex 30.5791 44.6713 0
      vertex 30.5699 44.6468 0
      vertex 30.2 44.8 0.400391
    endloop
  endfacet
  facet normal -0.64455 0.291261 -0.70691
    outer loop
      vertex 30.5699 44.6468 0
      vertex 30.5591 44.6229 0
      vertex 30.2 44.8 0.400391
    endloop
  endfacet
  facet normal -0.623201 0.334532 -0.706901
    outer loop
      vertex 30.5591 44.6229 0
      vertex 30.5467 44.5998 0
      vertex 30.2 44.8 0.400391
    endloop
  endfacet
  facet normal -0.600724 0.373423 -0.706885
    outer loop
      vertex 30.5467 44.5998 0
      vertex 30.5329 44.5776 0
      vertex 30.2 44.8 0.400391
    endloop
  endfacet
  facet normal -0.575742 0.410858 -0.706907
    outer loop
      vertex 30.5329 44.5776 0
      vertex 30.5177 44.5563 0
      vertex 30.2 44.8 0.400391
    endloop
  endfacet
  facet normal -0.54622 0.449353 -0.706913
    outer loop
      vertex 30.5177 44.5563 0
      vertex 30.501 44.536 0
      vertex 30.2 44.8 0.400391
    endloop
  endfacet
  facet normal -0.516098 0.483673 -0.706897
    outer loop
      vertex 30.501 44.536 0
      vertex 30.4831 44.5169 0
      vertex 30.2 44.8 0.400391
    endloop
  endfacet
  facet normal -0.483673 0.516098 -0.706897
    outer loop
      vertex 30.4831 44.5169 0
      vertex 30.464 44.499 0
      vertex 30.2 44.8 0.400391
    endloop
  endfacet
  facet normal -0.449353 0.54622 -0.706913
    outer loop
      vertex 30.464 44.499 0
      vertex 30.4437 44.4823 0
      vertex 30.2 44.8 0.400391
    endloop
  endfacet
  facet normal -0.410858 0.575742 -0.706907
    outer loop
      vertex 30.4437 44.4823 0
      vertex 30.4224 44.4671 0
      vertex 30.2 44.8 0.400391
    endloop
  endfacet
  facet normal -0.373423 0.600724 -0.706885
    outer loop
      vertex 30.4224 44.4671 0
      vertex 30.4002 44.4533 0
      vertex 30.2 44.8 0.400391
    endloop
  endfacet
  facet normal -0.334532 0.623201 -0.706901
    outer loop
      vertex 30.4002 44.4533 0
      vertex 30.3771 44.4409 0
      vertex 30.2 44.8 0.400391
    endloop
  endfacet
  facet normal -0.291261 0.64455 -0.70691
    outer loop
      vertex 30.3771 44.4409 0
      vertex 30.3532 44.4301 0
      vertex 30.2 44.8 0.400391
    endloop
  endfacet
  facet normal -0.248654 0.662176 -0.706891
    outer loop
      vertex 30.3532 44.4301 0
      vertex 30.3287 44.4209 0
      vertex 30.2 44.8 0.400391
    endloop
  endfacet
  facet normal -0.204984 0.676985 -0.706875
    outer loop
      vertex 30.3287 44.4209 0
      vertex 30.3036 44.4133 0
      vertex 30.2 44.8 0.400391
    endloop
  endfacet
  facet normal -0.162004 0.688518 -0.706893
    outer loop
      vertex 30.3036 44.4133 0
      vertex 30.2781 44.4073 0
      vertex 30.2 44.8 0.400391
    endloop
  endfacet
  facet normal -0.116276 0.697655 -0.706935
    outer loop
      vertex 30.2781 44.4073 0
      vertex 30.2523 44.403 0
      vertex 30.2 44.8 0.400391
    endloop
  endfacet
  facet normal -0.0674399 0.704072 -0.706919
    outer loop
      vertex 30.2523 44.403 0
      vertex 30.2262 44.4005 0
      vertex 30.2 44.8 0.400391
    endloop
  endfacet
  facet normal -0.0242825 0.70689 -0.706906
    outer loop
      vertex 30.2 44.8 0.400391
      vertex 30.2262 44.4005 0
      vertex 30.2 44.3996 0
    endloop
  endfacet
  facet normal 0 0.707099 -0.707115
    outer loop
      vertex 15.6004 44.3996 0
      vertex 30.2 44.8 0.400391
      vertex 30.2 44.3996 0
    endloop
  endfacet
  facet normal 0 0.707099 -0.707115
    outer loop
      vertex 30.2 44.8 0.400391
      vertex 15.6004 44.3996 0
      vertex 15.2 44.8 0.400391
    endloop
  endfacet
  facet normal -0.707099 0 -0.707115
    outer loop
      vertex 15.6004 15.6004 0
      vertex 15.2 44.8 0.400391
      vertex 15.6004 44.3996 0
    endloop
  endfacet
  facet normal -0.707099 -0 -0.707115
    outer loop
      vertex 15.2 44.8 0.400391
      vertex 15.6004 15.6004 0
      vertex 15.2 15.2 0.400391
    endloop
  endfacet
  facet normal 0 0 -1
    outer loop
      vertex 29.3996 15.6004 0
      vertex 15.6004 15.6004 0
      vertex 29.3996 30.2 0
    endloop
  endfacet
  facet normal 0 0 -1
    outer loop
      vertex 44.3996 30.6004 0
      vertex 30.6004 44.8 0
      vertex 44.3996 59.3996 0
    endloop
  endfacet
  facet normal 0 0 -1
    outer loop
      vertex 44.3996 30.6004 0
      vertex 30.5995 44.7738 0
      vertex 30.6004 44.8 0
    endloop
  endfacet
  facet normal 0 0 -1
    outer loop
      vertex 44.3996 30.6004 0
      vertex 30.597 44.7477 0
      vertex 30.5995 44.7738 0
    endloop
  endfacet
  facet normal 0 0 -1
    outer loop
      vertex 44.3996 30.6004 0
      vertex 30.5927 44.7219 0
      vertex 30.597 44.7477 0
    endloop
  endfacet
  facet normal 0 0 -1
    outer loop
      vertex 44.3996 30.6004 0
      vertex 30.5867 44.6964 0
      vertex 30.5927 44.7219 0
    endloop
  endfacet
  facet normal 0 0 -1
    outer loop
      vertex 44.3996 30.6004 0
      vertex 30.5791 44.6713 0
      vertex 30.5867 44.6964 0
    endloop
  endfacet
  facet normal 0 0 -1
    outer loop
      vertex 44.3996 30.6004 0
      vertex 30.5699 44.6468 0
      vertex 30.5791 44.6713 0
    endloop
  endfacet
  facet normal 0 0 -1
    outer loop
      vertex 44.3996 30.6004 0
      vertex 30.5591 44.6229 0
      vertex 30.5699 44.6468 0
    endloop
  endfacet
  facet normal 0 0 -1
    outer loop
      vertex 44.3996 30.6004 0
      vertex 30.5467 44.5998 0
      vertex 30.5591 44.6229 0
    endloop
  endfacet
  facet normal 0 0 -1
    outer loop
      vertex 44.3996 30.6004 0
      vertex 30.5329 44.5776 0
      vertex 30.5467 44.5998 0
    endloop
  endfacet
  facet normal 0 0 -1
    outer loop
      vertex 44.3996 30.6004 0
      vertex 30.5177 44.5563 0
      vertex 30.5329 44.5776 0
    endloop
  endfacet
  facet normal 0 0 -1
    outer loop
      vertex 44.3996 30.6004 0
      vertex 30.501 44.536 0
      vertex 30.5177 44.5563 0
    endloop
  endfacet
  facet normal 0 0 -1
    outer loop
      vertex 44.3996 30.6004 0
      vertex 30.4831 44.5169 0
      vertex 30.501 44.536 0
    endloop
  endfacet
  facet normal 0 0 -1
    outer loop
      vertex 44.3996 30.6004 0
      vertex 30.464 44.499 0
      vertex 30.4831 44.5169 0
    endloop
  endfacet
  facet normal 0 0 -1
    outer loop
      vertex 29.8 30.6004 0
      vertex 30.464 44.499 0
      vertex 44.3996 30.6004 0
    endloop
  endfacet
  facet normal 0 0 -1
    outer loop
      vertex 30.464 44.499 0
      vertex 29.8 30.6004 0
      vertex 30.4437 44.4823 0
    endloop
  endfacet
  facet normal 0 0 -1
    outer loop
      vertex 30.4437 44.4823 0
      vertex 29.8 30.6004 0
      vertex 30.4224 44.4671 0
    endloop
  endfacet
  facet normal 0 0 -1
    outer loop
      vertex 30.4224 44.4671 0
      vertex 29.8 30.6004 0
      vertex 30.4002 44.4533 0
    endloop
  endfacet
  facet normal 0 0 -1
    outer loop
      vertex 30.4002 44.4533 0
      vertex 29.8 30.6004 0
      vertex 30.3771 44.4409 0
    endloop
  endfacet
  facet normal 0 0 -1
    outer loop
      vertex 30.3771 44.4409 0
      vertex 29.8 30.6004 0
      vertex 30.3532 44.4301 0
    endloop
  endfacet
  facet normal 0 0 -1
    outer loop
      vertex 30.3532 44.4301 0
      vertex 29.8 30.6004 0
      vertex 30.3287 44.4209 0
    endloop
  endfacet
  facet normal 0 0 -1
    outer loop
      vertex 30.3287 44.4209 0
      vertex 29.8 30.6004 0
      vertex 30.3036 44.4133 0
    endloop
  endfacet
  facet normal 0 0 -1
    outer loop
      vertex 30.3036 44.4133 0
      vertex 29.8 30.6004 0
      vertex 30.2781 44.4073 0
    endloop
  endfacet
  facet normal 0 0 -1
    outer loop
      vertex 30.2781 44.4073 0
      vertex 29.8 30.6004 0
      vertex 30.2523 44.403 0
    endloop
  endfacet
  facet normal 0 0 -1
    outer loop
      vertex 30.2523 44.403 0
      vertex 29.8 30.6004 0
      vertex 30.2262 44.4005 0
    endloop
  endfacet
  facet normal 0 0 -1
    outer loop
      vertex 30.2262 44.4005 0
      vertex 29.8 30.6004 0
      vertex 30.2 44.3996 0
    endloop
  endfacet
  facet normal 0 0 -1
    outer loop
      vertex 29.7738 30.5995 0
      vertex 30.2 44.3996 0
      vertex 29.8 30.6004 0
    endloop
  endfacet
  facet normal 0 0 -1
    outer loop
      vertex 29.7477 30.597 0
      vertex 30.2 44.3996 0
      vertex 29.7738 30.5995 0
    endloop
  endfacet
  facet normal 0 0 -1
    outer loop
      vertex 29.7219 30.5927 0
      vertex 30.2 44.3996 0
      vertex 29.7477 30.597 0
    endloop
  endfacet
  facet normal 0 0 -1
    outer loop
      vertex 29.6964 30.5867 0
      vertex 30.2 44.3996 0
      vertex 29.7219 30.5927 0
    endloop
  endfacet
  facet normal 0 0 -1
    outer loop
      vertex 29.6713 30.5791 0
      vertex 30.2 44.3996 0
      vertex 29.6964 30.5867 0
    endloop
  endfacet
  facet normal 0 0 -1
    outer loop
      vertex 29.6468 30.5699 0
      vertex 30.2 44.3996 0
      vertex 29.6713 30.5791 0
    endloop
  endfacet
  facet normal 0 0 -1
    outer loop
      vertex 29.6229 30.5591 0
      vertex 30.2 44.3996 0
      vertex 29.6468 30.5699 0
    endloop
  endfacet
  facet normal 0 0 -1
    outer loop
      vertex 29.5998 30.5467 0
      vertex 30.2 44.3996 0
      vertex 29.6229 30.5591 0
    endloop
  endfacet
  facet normal 0 0 -1
    outer loop
      vertex 29.5776 30.5329 0
      vertex 30.2 44.3996 0
      vertex 29.5998 30.5467 0
    endloop
  endfacet
  facet normal 0 0 -1
    outer loop
      vertex 29.5563 30.5177 0
      vertex 30.2 44.3996 0
      vertex 29.5776 30.5329 0
    endloop
  endfacet
  facet normal 0 0 -1
    outer loop
      vertex 29.536 30.501 0
      vertex 30.2 44.3996 0
      vertex 29.5563 30.5177 0
    endloop
  endfacet
  facet normal 0 0 -1
    outer loop
      vertex 15.6004 44.3996 0
      vertex 29.536 30.501 0
      vertex 29.5169 30.4831 0
    endloop
  endfacet
  facet normal 0 0 -1
    outer loop
      vertex 15.6004 44.3996 0
      vertex 29.5169 30.4831 0
      vertex 29.499 30.464 0
    endloop
  endfacet
  facet normal 0 0 -1
    outer loop
      vertex 15.6004 44.3996 0
      vertex 29.499 30.464 0
      vertex 29.4823 30.4437 0
    endloop
  endfacet
  facet normal 0 0 -1
    outer loop
      vertex 15.6004 44.3996 0
      vertex 29.4823 30.4437 0
      vertex 29.4671 30.4224 0
    endloop
  endfacet
  facet normal 0 0 -1
    outer loop
      vertex 15.6004 44.3996 0
      vertex 29.4671 30.4224 0
      vertex 29.4533 30.4002 0
    endloop
  endfacet
  facet normal 0 0 -1
    outer loop
      vertex 15.6004 44.3996 0
      vertex 29.4533 30.4002 0
      vertex 29.4409 30.3771 0
    endloop
  endfacet
  facet normal 0 0 -1
    outer loop
      vertex 15.6004 44.3996 0
      vertex 29.4409 30.3771 0
      vertex 29.4301 30.3532 0
    endloop
  endfacet
  facet normal 0 0 -1
    outer loop
      vertex 15.6004 44.3996 0
      vertex 29.4301 30.3532 0
      vertex 29.4209 30.3287 0
    endloop
  endfacet
  facet normal 0 0 -1
    outer loop
      vertex 15.6004 44.3996 0
      vertex 29.4209 30.3287 0
      vertex 29.4133 30.3036 0
    endloop
  endfacet
  facet normal 0 0 -1
    outer loop
      vertex 15.6004 44.3996 0
      vertex 29.4133 30.3036 0
      vertex 29.4073 30.2781 0
    endloop
  endfacet
  facet normal 0 0 -1
    outer loop
      vertex 15.6004 44.3996 0
      vertex 29.4073 30.2781 0
      vertex 29.403 30.2523 0
    endloop
  endfacet
  facet normal 0 0 -1
    outer loop
      vertex 15.6004 44.3996 0
      vertex 29.403 30.2523 0
      vertex 29.4005 30.2262 0
    endloop
  endfacet
  facet normal 0 0 -1
    outer loop
      vertex 15.6004 44.3996 0
      vertex 29.3996 30.2 0
      vertex 15.6004 15.6004 0
    endloop
  endfacet
  facet normal 0 0 -1
    outer loop
      vertex 29.3996 30.2 0
      vertex 15.6004 44.3996 0
      vertex 29.4005 30.2262 0
    endloop
  endfacet
  facet normal 0 0 -1
    outer loop
      vertex 29.536 30.501 0
      vertex 15.6004 44.3996 0
      vertex 30.2 44.3996 0
    endloop
  endfacet
  facet normal -0 0 -1
    outer loop
      vertex 44.3996 59.3996 0
      vertex 30.6004 44.8 0
      vertex 30.6004 59.3996 0
    endloop
  endfacet
  facet normal 0 -0.707098 0.707116
    outer loop
      vertex 15.2 15.2 1.59961
      vertex 29.3996 15.6004 2
      vertex 15.6004 15.6004 2
    endloop
  endfacet
  facet normal 0 -0.707098 0.707116
    outer loop
      vertex 29.3996 15.6004 2
      vertex 15.2 15.2 1.59961
      vertex 29.8 15.2 1.59961
    endloop
  endfacet
  facet normal 0.707098 -0 0.707116
    outer loop
      vertex 29.3996 15.6004 2
      vertex 29.8 30.2 1.59961
      vertex 29.3996 30.2 2
    endloop
  endfacet
  facet normal 0.707098 0 0.707116
    outer loop
      vertex 29.8 30.2 1.59961
      vertex 29.3996 15.6004 2
      vertex 29.8 15.2 1.59961
    endloop
  endfacet
  facet normal 0.706889 -0.0242825 0.706907
    outer loop
      vertex 29.8 30.2 1.59961
      vertex 29.4005 30.2262 2
      vertex 29.3996 30.2 2
    endloop
  endfacet
  facet normal 0.704072 -0.0674398 0.706919
    outer loop
      vertex 29.8 30.2 1.59961
      vertex 29.403 30.2523 2
      vertex 29.4005 30.2262 2
    endloop
  endfacet
  facet normal 0.697654 -0.116276 0.706936
    outer loop
      vertex 29.8 30.2 1.59961
      vertex 29.4073 30.2781 2
      vertex 29.403 30.2523 2
    endloop
  endfacet
  facet normal 0.688517 -0.162004 0.706894
    outer loop
      vertex 29.8 30.2 1.59961
      vertex 29.4133 30.3036 2
      vertex 29.4073 30.2781 2
    endloop
  endfacet
  facet normal 0.676984 -0.204983 0.706876
    outer loop
      vertex 29.8 30.2 1.59961
      vertex 29.4209 30.3287 2
      vertex 29.4133 30.3036 2
    endloop
  endfacet
  facet normal 0.662175 -0.248654 0.706891
    outer loop
      vertex 29.8 30.2 1.59961
      vertex 29.4301 30.3532 2
      vertex 29.4209 30.3287 2
    endloop
  endfacet
  facet normal 0.64455 -0.291261 0.706911
    outer loop
      vertex 29.8 30.2 1.59961
      vertex 29.4409 30.3771 2
      vertex 29.4301 30.3532 2
    endloop
  endfacet
  facet normal 0.6232 -0.334531 0.706902
    outer loop
      vertex 29.8 30.2 1.59961
      vertex 29.4533 30.4002 2
      vertex 29.4409 30.3771 2
    endloop
  endfacet
  facet normal 0.600723 -0.373423 0.706886
    outer loop
      vertex 29.8 30.2 1.59961
      vertex 29.4671 30.4224 2
      vertex 29.4533 30.4002 2
    endloop
  endfacet
  facet normal 0.575741 -0.410857 0.706908
    outer loop
      vertex 29.8 30.2 1.59961
      vertex 29.4823 30.4437 2
      vertex 29.4671 30.4224 2
    endloop
  endfacet
  facet normal 0.546219 -0.449353 0.706914
    outer loop
      vertex 29.8 30.2 1.59961
      vertex 29.499 30.464 2
      vertex 29.4823 30.4437 2
    endloop
  endfacet
  facet normal 0.516097 -0.483672 0.706898
    outer loop
      vertex 29.8 30.2 1.59961
      vertex 29.5169 30.4831 2
      vertex 29.499 30.464 2
    endloop
  endfacet
  facet normal 0.483672 -0.516097 0.706898
    outer loop
      vertex 29.8 30.2 1.59961
      vertex 29.536 30.501 2
      vertex 29.5169 30.4831 2
    endloop
  endfacet
  facet normal 0.449353 -0.546219 0.706914
    outer loop
      vertex 29.8 30.2 1.59961
      vertex 29.5563 30.5177 2
      vertex 29.536 30.501 2
    endloop
  endfacet
  facet normal 0.410857 -0.575741 0.706908
    outer loop
      vertex 29.8 30.2 1.59961
      vertex 29.5776 30.5329 2
      vertex 29.5563 30.5177 2
    endloop
  endfacet
  facet normal 0.373423 -0.600723 0.706886
    outer loop
      vertex 29.8 30.2 1.59961
      vertex 29.5998 30.5467 2
      vertex 29.5776 30.5329 2
    endloop
  endfacet
  facet normal 0.334531 -0.6232 0.706902
    outer loop
      vertex 29.8 30.2 1.59961
      vertex 29.6229 30.5591 2
      vertex 29.5998 30.5467 2
    endloop
  endfacet
  facet normal 0.291261 -0.64455 0.706911
    outer loop
      vertex 29.8 30.2 1.59961
      vertex 29.6468 30.5699 2
      vertex 29.6229 30.5591 2
    endloop
  endfacet
  facet normal 0.248654 -0.662175 0.706891
    outer loop
      vertex 29.8 30.2 1.59961
      vertex 29.6713 30.5791 2
      vertex 29.6468 30.5699 2
    endloop
  endfacet
  facet normal 0.204983 -0.676984 0.706876
    outer loop
      vertex 29.8 30.2 1.59961
      vertex 29.6964 30.5867 2
      vertex 29.6713 30.5791 2
    endloop
  endfacet
  facet normal 0.162004 -0.688517 0.706894
    outer loop
      vertex 29.8 30.2 1.59961
      vertex 29.7219 30.5927 2
      vertex 29.6964 30.5867 2
    endloop
  endfacet
  facet normal 0.116276 -0.697654 0.706936
    outer loop
      vertex 29.8 30.2 1.59961
      vertex 29.7477 30.597 2
      vertex 29.7219 30.5927 2
    endloop
  endfacet
  facet normal 0.0674398 -0.704072 0.706919
    outer loop
      vertex 29.8 30.2 1.59961
      vertex 29.7738 30.5995 2
      vertex 29.7477 30.597 2
    endloop
  endfacet
  facet normal 0.0242825 -0.706889 0.706907
    outer loop
      vertex 29.8 30.2 1.59961
      vertex 29.8 30.6004 2
      vertex 29.7738 30.5995 2
    endloop
  endfacet
  facet normal 0 -0.707098 0.707116
    outer loop
      vertex 29.8 30.2 1.59961
      vertex 44.3996 30.6004 2
      vertex 29.8 30.6004 2
    endloop
  endfacet
  facet normal 0 -0.707098 0.707116
    outer loop
      vertex 44.3996 30.6004 2
      vertex 29.8 30.2 1.59961
      vertex 44.8 30.2 1.59961
    endloop
  endfacet
  facet normal 0.707098 -0 0.707116
    outer loop
      vertex 44.3996 30.6004 2
      vertex 44.8 59.8 1.59961
      vertex 44.3996 59.3996 2
    endloop
  endfacet
  facet normal 0.707098 0 0.707116
    outer loop
      vertex 44.8 59.8 1.59961
      vertex 44.3996 30.6004 2
      vertex 44.8 30.2 1.59961
    endloop
  endfacet
  facet normal 0 0.707098 0.707116
    outer loop
      vertex 44.8 59.8 1.59961
      vertex 30.6004 59.3996 2
      vertex 44.3996 59.3996 2
    endloop
  endfacet
  facet normal 0 0.707098 0.707116
    outer loop
      vertex 30.6004 59.3996 2
      vertex 44.8 59.8 1.59961
      vertex 30.2 59.8 1.59961
    endloop
  endfacet
  facet normal -0.707098 0 0.707116
    outer loop
      vertex 30.2 44.8 1.59961
      vertex 30.6004 59.3996 2
      vertex 30.2 59.8 1.59961
    endloop
  endfacet
  facet normal -0.707098 0 0.707116
    outer loop
      vertex 30.6004 59.3996 2
      vertex 30.2 44.8 1.59961
      vertex 30.6004 44.8 2
    endloop
  endfacet
  facet normal -0.706889 0.0242825 0.706907
    outer loop
      vertex 30.5995 44.7738 2
      vertex 30.6004 44.8 2
      vertex 30.2 44.8 1.59961
    endloop
  endfacet
  facet normal -0.704072 0.0674398 0.706919
    outer loop
      vertex 30.597 44.7477 2
      vertex 30.5995 44.7738 2
      vertex 30.2 44.8 1.59961
    endloop
  endfacet
  facet normal -0.697654 0.116276 0.706936
    outer loop
      vertex 30.5927 44.7219 2
      vertex 30.597 44.7477 2
      vertex 30.2 44.8 1.59961
    endloop
  endfacet
  facet normal -0.688517 0.162004 0.706894
    outer loop
      vertex 30.5867 44.6964 2
      vertex 30.5927 44.7219 2
      vertex 30.2 44.8 1.59961
    endloop
  endfacet
  facet normal -0.676984 0.204983 0.706876
    outer loop
      vertex 30.5791 44.6713 2
      vertex 30.5867 44.6964 2
      vertex 30.2 44.8 1.59961
    endloop
  endfacet
  facet normal -0.662175 0.248654 0.706891
    outer loop
      vertex 30.5699 44.6468 2
      vertex 30.5791 44.6713 2
      vertex 30.2 44.8 1.59961
    endloop
  endfacet
  facet normal -0.64455 0.291261 0.706911
    outer loop
      vertex 30.5591 44.6229 2
      vertex 30.5699 44.6468 2
      vertex 30.2 44.8 1.59961
    endloop
  endfacet
  facet normal -0.6232 0.334531 0.706902
    outer loop
      vertex 30.5467 44.5998 2
      vertex 30.5591 44.6229 2
      vertex 30.2 44.8 1.59961
    endloop
  endfacet
  facet normal -0.600723 0.373423 0.706886
    outer loop
      vertex 30.5329 44.5776 2
      vertex 30.5467 44.5998 2
      vertex 30.2 44.8 1.59961
    endloop
  endfacet
  facet normal -0.575741 0.410857 0.706908
    outer loop
      vertex 30.5177 44.5563 2
      vertex 30.5329 44.5776 2
      vertex 30.2 44.8 1.59961
    endloop
  endfacet
  facet normal -0.546219 0.449353 0.706914
    outer loop
      vertex 30.501 44.536 2
      vertex 30.5177 44.5563 2
      vertex 30.2 44.8 1.59961
    endloop
  endfacet
  facet normal -0.516097 0.483672 0.706898
    outer loop
      vertex 30.4831 44.5169 2
      vertex 30.501 44.536 2
      vertex 30.2 44.8 1.59961
    endloop
  endfacet
  facet normal -0.483672 0.516097 0.706898
    outer loop
      vertex 30.464 44.499 2
      vertex 30.4831 44.5169 2
      vertex 30.2 44.8 1.59961
    endloop
  endfacet
  facet normal -0.449353 0.546219 0.706914
    outer loop
      vertex 30.4437 44.4823 2
      vertex 30.464 44.499 2
      vertex 30.2 44.8 1.59961
    endloop
  endfacet
  facet normal -0.410857 0.575741 0.706908
    outer loop
      vertex 30.4224 44.4671 2
      vertex 30.4437 44.4823 2
      vertex 30.2 44.8 1.59961
    endloop
  endfacet
  facet normal -0.373423 0.600723 0.706886
    outer loop
      vertex 30.4002 44.4533 2
      vertex 30.4224 44.4671 2
      vertex 30.2 44.8 1.59961
    endloop
  endfacet
  facet normal -0.334531 0.6232 0.706902
    outer loop
      vertex 30.3771 44.4409 2
      vertex 30.4002 44.4533 2
      vertex 30.2 44.8 1.59961
    endloop
  endfacet
  facet normal -0.291261 0.64455 0.706911
    outer loop
      vertex 30.3532 44.4301 2
      vertex 30.3771 44.4409 2
      vertex 30.2 44.8 1.59961
    endloop
  endfacet
  facet normal -0.248654 0.662175 0.706891
    outer loop
      vertex 30.3287 44.4209 2
      vertex 30.3532 44.4301 2
      vertex 30.2 44.8 1.59961
    endloop
  endfacet
  facet normal -0.204983 0.676984 0.706876
    outer loop
      vertex 30.3036 44.4133 2
      vertex 30.3287 44.4209 2
      vertex 30.2 44.8 1.59961
    endloop
  endfacet
  facet normal -0.162004 0.688517 0.706894
    outer loop
      vertex 30.2781 44.4073 2
      vertex 30.3036 44.4133 2
      vertex 30.2 44.8 1.59961
    endloop
  endfacet
  facet normal -0.116276 0.697654 0.706936
    outer loop
      vertex 30.2523 44.403 2
      vertex 30.2781 44.4073 2
      vertex 30.2 44.8 1.59961
    endloop
  endfacet
  facet normal -0.0674398 0.704072 0.706919
    outer loop
      vertex 30.2262 44.4005 2
      vertex 30.2523 44.403 2
      vertex 30.2 44.8 1.59961
    endloop
  endfacet
  facet normal -0.0242825 0.706889 0.706907
    outer loop
      vertex 30.2262 44.4005 2
      vertex 30.2 44.8 1.59961
      vertex 30.2 44.3996 2
    endloop
  endfacet
  facet normal 0 0.707098 0.707116
    outer loop
      vertex 30.2 44.8 1.59961
      vertex 15.6004 44.3996 2
      vertex 30.2 44.3996 2
    endloop
  endfacet
  facet normal 0 0.707098 0.707116
    outer loop
      vertex 15.6004 44.3996 2
      vertex 30.2 44.8 1.59961
      vertex 15.2 44.8 1.59961
    endloop
  endfacet
  facet normal -0.707098 0 0.707116
    outer loop
      vertex 15.2 44.8 1.59961
      vertex 15.6004 15.6004 2
      vertex 15.6004 44.3996 2
    endloop
  endfacet
  facet normal -0.707098 0 0.707116
    outer loop
      vertex 15.6004 15.6004 2
      vertex 15.2 44.8 1.59961
      vertex 15.2 15.2 1.59961
    endloop
  endfacet
  facet normal 0 0 1
    outer loop
      vertex 30.6004 44.8 2
      vertex 44.3996 59.3996 2
      vertex 30.6004 59.3996 2
    endloop
  endfacet
  facet normal 0 0 1
    outer loop
      vertex 44.3996 59.3996 2
      vertex 30.6004 44.8 2
      vertex 44.3996 30.6004 2
    endloop
  endfacet
  facet normal -0 0 1
    outer loop
      vertex 30.5995 44.7738 2
      vertex 44.3996 30.6004 2
      vertex 30.6004 44.8 2
    endloop
  endfacet
  facet normal -0 0 1
    outer loop
      vertex 30.597 44.7477 2
      vertex 44.3996 30.6004 2
      vertex 30.5995 44.7738 2
    endloop
  endfacet
  facet normal -0 0 1
    outer loop
      vertex 30.5927 44.7219 2
      vertex 44.3996 30.6004 2
      vertex 30.597 44.7477 2
    endloop
  endfacet
  facet normal -0 0 1
    outer loop
      vertex 30.5867 44.6964 2
      vertex 44.3996 30.6004 2
      vertex 30.5927 44.7219 2
    endloop
  endfacet
  facet normal -0 0 1
    outer loop
      vertex 30.5791 44.6713 2
      vertex 44.3996 30.6004 2
      vertex 30.5867 44.6964 2
    endloop
  endfacet
  facet normal -0 0 1
    outer loop
      vertex 30.5699 44.6468 2
      vertex 44.3996 30.6004 2
      vertex 30.5791 44.6713 2
    endloop
  endfacet
  facet normal -0 0 1
    outer loop
      vertex 30.5591 44.6229 2
      vertex 44.3996 30.6004 2
      vertex 30.5699 44.6468 2
    endloop
  endfacet
  facet normal -0 0 1
    outer loop
      vertex 30.5467 44.5998 2
      vertex 44.3996 30.6004 2
      vertex 30.5591 44.6229 2
    endloop
  endfacet
  facet normal -0 0 1
    outer loop
      vertex 30.5329 44.5776 2
      vertex 44.3996 30.6004 2
      vertex 30.5467 44.5998 2
    endloop
  endfacet
  facet normal -0 0 1
    outer loop
      vertex 30.5177 44.5563 2
      vertex 44.3996 30.6004 2
      vertex 30.5329 44.5776 2
    endloop
  endfacet
  facet normal -0 0 1
    outer loop
      vertex 30.501 44.536 2
      vertex 44.3996 30.6004 2
      vertex 30.5177 44.5563 2
    endloop
  endfacet
  facet normal -0 0 1
    outer loop
      vertex 30.4831 44.5169 2
      vertex 44.3996 30.6004 2
      vertex 30.501 44.536 2
    endloop
  endfacet
  facet normal -0 0 1
    outer loop
      vertex 30.464 44.499 2
      vertex 44.3996 30.6004 2
      vertex 30.4831 44.5169 2
    endloop
  endfacet
  facet normal 0 0 1
    outer loop
      vertex 29.8 30.6004 2
      vertex 30.464 44.499 2
      vertex 30.4437 44.4823 2
    endloop
  endfacet
  facet normal 0 0 1
    outer loop
      vertex 29.8 30.6004 2
      vertex 30.4437 44.4823 2
      vertex 30.4224 44.4671 2
    endloop
  endfacet
  facet normal 0 0 1
    outer loop
      vertex 29.8 30.6004 2
      vertex 30.4224 44.4671 2
      vertex 30.4002 44.4533 2
    endloop
  endfacet
  facet normal 0 0 1
    outer loop
      vertex 29.8 30.6004 2
      vertex 30.4002 44.4533 2
      vertex 30.3771 44.4409 2
    endloop
  endfacet
  facet normal 0 0 1
    outer loop
      vertex 29.8 30.6004 2
      vertex 30.3771 44.4409 2
      vertex 30.3532 44.4301 2
    endloop
  endfacet
  facet normal 0 0 1
    outer loop
      vertex 29.8 30.6004 2
      vertex 30.3532 44.4301 2
      vertex 30.3287 44.4209 2
    endloop
  endfacet
  facet normal 0 0 1
    outer loop
      vertex 29.8 30.6004 2
      vertex 30.3287 44.4209 2
      vertex 30.3036 44.4133 2
    endloop
  endfacet
  facet normal 0 0 1
    outer loop
      vertex 29.8 30.6004 2
      vertex 30.3036 44.4133 2
      vertex 30.2781 44.4073 2
    endloop
  endfacet
  facet normal 0 0 1
    outer loop
      vertex 29.8 30.6004 2
      vertex 30.2781 44.4073 2
      vertex 30.2523 44.403 2
    endloop
  endfacet
  facet normal 0 0 1
    outer loop
      vertex 29.8 30.6004 2
      vertex 30.2523 44.403 2
      vertex 30.2262 44.4005 2
    endloop
  endfacet
  facet normal 0 0 1
    outer loop
      vertex 29.8 30.6004 2
      vertex 30.2262 44.4005 2
      vertex 30.2 44.3996 2
    endloop
  endfacet
  facet normal 0 0 1
    outer loop
      vertex 30.464 44.499 2
      vertex 29.8 30.6004 2
      vertex 44.3996 30.6004 2
    endloop
  endfacet
  facet normal 0 0 1
    outer loop
      vertex 30.2 44.3996 2
      vertex 29.7738 30.5995 2
      vertex 29.8 30.6004 2
    endloop
  endfacet
  facet normal 0 0 1
    outer loop
      vertex 30.2 44.3996 2
      vertex 29.7477 30.597 2
      vertex 29.7738 30.5995 2
    endloop
  endfacet
  facet normal 0 0 1
    outer loop
      vertex 30.2 44.3996 2
      vertex 29.7219 30.5927 2
      vertex 29.7477 30.597 2
    endloop
  endfacet
  facet normal 0 0 1
    outer loop
      vertex 30.2 44.3996 2
      vertex 29.6964 30.5867 2
      vertex 29.7219 30.5927 2
    endloop
  endfacet
  facet normal 0 0 1
    outer loop
      vertex 30.2 44.3996 2
      vertex 29.6713 30.5791 2
      vertex 29.6964 30.5867 2
    endloop
  endfacet
  facet normal 0 0 1
    outer loop
      vertex 30.2 44.3996 2
      vertex 29.6468 30.5699 2
      vertex 29.6713 30.5791 2
    endloop
  endfacet
  facet normal 0 0 1
    outer loop
      vertex 30.2 44.3996 2
      vertex 29.6229 30.5591 2
      vertex 29.6468 30.5699 2
    endloop
  endfacet
  facet normal 0 0 1
    outer loop
      vertex 30.2 44.3996 2
      vertex 29.5998 30.5467 2
      vertex 29.6229 30.5591 2
    endloop
  endfacet
  facet normal 0 0 1
    outer loop
      vertex 30.2 44.3996 2
      vertex 29.5776 30.5329 2
      vertex 29.5998 30.5467 2
    endloop
  endfacet
  facet normal 0 0 1
    outer loop
      vertex 30.2 44.3996 2
      vertex 29.5563 30.5177 2
      vertex 29.5776 30.5329 2
    endloop
  endfacet
  facet normal 0 0 1
    outer loop
      vertex 30.2 44.3996 2
      vertex 29.536 30.501 2
      vertex 29.5563 30.5177 2
    endloop
  endfacet
  facet normal -0 0 1
    outer loop
      vertex 15.6004 44.3996 2
      vertex 29.536 30.501 2
      vertex 30.2 44.3996 2
    endloop
  endfacet
  facet normal 0 0 1
    outer loop
      vertex 29.536 30.501 2
      vertex 15.6004 44.3996 2
      vertex 29.5169 30.4831 2
    endloop
  endfacet
  facet normal 0 0 1
    outer loop
      vertex 29.5169 30.4831 2
      vertex 15.6004 44.3996 2
      vertex 29.499 30.464 2
    endloop
  endfacet
  facet normal 0 0 1
    outer loop
      vertex 29.499 30.464 2
      vertex 15.6004 44.3996 2
      vertex 29.4823 30.4437 2
    endloop
  endfacet
  facet normal 0 0 1
    outer loop
      vertex 29.4823 30.4437 2
      vertex 15.6004 44.3996 2
      vertex 29.4671 30.4224 2
    endloop
  endfacet
  facet normal 0 0 1
    outer loop
      vertex 29.4671 30.4224 2
      vertex 15.6004 44.3996 2
      vertex 29.4533 30.4002 2
    endloop
  endfacet
  facet normal 0 0 1
    outer loop
      vertex 29.4533 30.4002 2
      vertex 15.6004 44.3996 2
      vertex 29.4409 30.3771 2
    endloop
  endfacet
  facet normal 0 0 1
    outer loop
      vertex 29.4409 30.3771 2
      vertex 15.6004 44.3996 2
      vertex 29.4301 30.3532 2
    endloop
  endfacet
  facet normal 0 0 1
    outer loop
      vertex 29.4301 30.3532 2
      vertex 15.6004 44.3996 2
      vertex 29.4209 30.3287 2
    endloop
  endfacet
  facet normal 0 0 1
    outer loop
      vertex 29.4209 30.3287 2
      vertex 15.6004 44.3996 2
      vertex 29.4133 30.3036 2
    endloop
  endfacet
  facet normal 0 0 1
    outer loop
      vertex 29.4133 30.3036 2
      vertex 15.6004 44.3996 2
      vertex 29.4073 30.2781 2
    endloop
  endfacet
  facet normal 0 0 1
    outer loop
      vertex 29.4073 30.2781 2
      vertex 15.6004 44.3996 2
      vertex 29.403 30.2523 2
    endloop
  endfacet
  facet normal 0 0 1
    outer loop
      vertex 29.403 30.2523 2
      vertex 15.6004 44.3996 2
      vertex 29.4005 30.2262 2
    endloop
  endfacet
  facet normal 0 0 1
    outer loop
      vertex 15.6004 44.3996 2
      vertex 29.3996 30.2 2
      vertex 29.4005 30.2262 2
    endloop
  endfacet
  facet normal 0 0 1
    outer loop
      vertex 15.6004 15.6004 2
      vertex 29.3996 30.2 2
      vertex 15.6004 44.3996 2
    endloop
  endfacet
  facet normal 0 0 1
    outer loop
      vertex 29.3996 30.2 2
      vertex 15.6004 15.6004 2
      vertex 29.3996 15.6004 2
    endloop
  endfacet
  facet normal 0 -1 0
    outer loop
      vertex 15.2 15.2 0.400391
      vertex 29.8 15.2 1.59961
      vertex 15.2 15.2 1.59961
    endloop
  endfacet
  facet normal 0 -1 -0
    outer loop
      vertex 29.8 15.2 1.59961
      vertex 15.2 15.2 0.400391
      vertex 29.8 15.2 0.400391
    endloop
  endfacet
  facet normal 1 -0 0
    outer loop
      vertex 29.8 15.2 1.59961
      vertex 29.8 30.2 0.400391
      vertex 29.8 30.2 1.59961
    endloop
  endfacet
  facet normal 1 0 0
    outer loop
      vertex 29.8 30.2 0.400391
      vertex 29.8 15.2 1.59961
      vertex 29.8 15.2 0.400391
    endloop
  endfacet
  facet normal 0 -1 0
    outer loop
      vertex 29.8 30.2 0.400391
      vertex 44.8 30.2 1.59961
      vertex 29.8 30.2 1.59961
    endloop
  endfacet
  facet normal 0 -1 -0
    outer loop
      vertex 44.8 30.2 1.59961
      vertex 29.8 30.2 0.400391
      vertex 44.8 30.2 0.400391
    endloop
  endfacet
  facet normal 1 -0 0
    outer loop
      vertex 44.8 30.2 1.59961
      vertex 44.8 59.8 0.400391
      vertex 44.8 59.8 1.59961
    endloop
  endfacet
  facet normal 1 0 0
    outer loop
      vertex 44.8 59.8 0.400391
      vertex 44.8 30.2 1.59961
      vertex 44.8 30.2 0.400391
    endloop
  endfacet
  facet normal 0 1 -0
    outer loop
      vertex 44.8 59.8 0.400391
      vertex 30.2 59.8 1.59961
      vertex 44.8 59.8 1.59961
    endloop
  endfacet
  facet normal 0 1 0
    outer loop
      vertex 30.2 59.8 1.59961
      vertex 44.8 59.8 0.400391
      vertex 30.2 59.8 0.400391
    endloop
  endfacet
  facet normal -1 0 0
    outer loop
      vertex 30.2 44.8 0.400391
      vertex 30.2 59.8 1.59961
      vertex 30.2 59.8 0.400391
    endloop
  endfacet
  facet normal -1 -0 0
    outer loop
      vertex 30.2 59.8 1.59961
      vertex 30.2 44.8 0.400391
      vertex 30.2 44.8 1.59961
    endloop
  endfacet
  facet normal 0 1 -0
    outer loop
      vertex 30.2 44.8 0.400391
      vertex 15.2 44.8 1.59961
      vertex 30.2 44.8 1.59961
    endloop
  endfacet
  facet normal 0 1 0
    outer loop
      vertex 15.2 44.8 1.59961
      vertex 30.2 44.8 0.400391
      vertex 15.2 44.8 0.400391
    endloop
  endfacet
  facet normal -1 0 0
    outer loop
      vertex 15.2 15.2 0.400391
      vertex 15.2 44.8 1.59961
      vertex 15.2 44.8 0.400391
    endloop
  endfacet
  facet normal -1 -0 0
    outer loop
      vertex 15.2 44.8 1.59961
      vertex 15.2 15.2 0.400391
      vertex 15.2 15.2 1.59961
    endloop
  endfacet
  facet normal 0 -0.707099 -0.707115
    outer loop
      vertex 30.6004 15.6004 0
      vertex 45.2 15.2 0.400391
      vertex 30.2 15.2 0.400391
    endloop
  endfacet
  facet normal 0 -0.707099 -0.707115
    outer loop
      vertex 45.2 15.2 0.400391
      vertex 30.6004 15.6004 0
      vertex 45.2 15.6004 0
    endloop
  endfacet
  facet normal -0.0242825 -0.70689 -0.706906
    outer loop
      vertex 45.2 15.6004 0
      vertex 45.2262 15.5995 0
      vertex 45.2 15.2 0.400391
    endloop
  endfacet
  facet normal -0.0674399 -0.704072 -0.706919
    outer loop
      vertex 45.2262 15.5995 0
      vertex 45.2523 15.597 0
      vertex 45.2 15.2 0.400391
    endloop
  endfacet
  facet normal -0.116276 -0.697655 -0.706935
    outer loop
      vertex 45.2523 15.597 0
      vertex 45.2781 15.5927 0
      vertex 45.2 15.2 0.400391
    endloop
  endfacet
  facet normal -0.162004 -0.688518 -0.706893
    outer loop
      vertex 45.2781 15.5927 0
      vertex 45.3036 15.5867 0
      vertex 45.2 15.2 0.400391
    endloop
  endfacet
  facet normal -0.204984 -0.676985 -0.706875
    outer loop
      vertex 45.3036 15.5867 0
      vertex 45.3287 15.5791 0
      vertex 45.2 15.2 0.400391
    endloop
  endfacet
  facet normal -0.248654 -0.662176 -0.706891
    outer loop
      vertex 45.3287 15.5791 0
      vertex 45.3532 15.5699 0
      vertex 45.2 15.2 0.400391
    endloop
  endfacet
  facet normal -0.291261 -0.64455 -0.70691
    outer loop
      vertex 45.3532 15.5699 0
      vertex 45.3771 15.5591 0
      vertex 45.2 15.2 0.400391
    endloop
  endfacet
  facet normal -0.334532 -0.623201 -0.706901
    outer loop
      vertex 45.3771 15.5591 0
      vertex 45.4002 15.5467 0
      vertex 45.2 15.2 0.400391
    endloop
  endfacet
  facet normal -0.373423 -0.600724 -0.706885
    outer loop
      vertex 45.4002 15.5467 0
      vertex 45.4224 15.5329 0
      vertex 45.2 15.2 0.400391
    endloop
  endfacet
  facet normal -0.410858 -0.575742 -0.706907
    outer loop
      vertex 45.4224 15.5329 0
      vertex 45.4437 15.5177 0
      vertex 45.2 15.2 0.400391
    endloop
  endfacet
  facet normal -0.449353 -0.54622 -0.706913
    outer loop
      vertex 45.4437 15.5177 0
      vertex 45.464 15.501 0
      vertex 45.2 15.2 0.400391
    endloop
  endfacet
  facet normal -0.483673 -0.516098 -0.706897
    outer loop
      vertex 45.464 15.501 0
      vertex 45.4831 15.4831 0
      vertex 45.2 15.2 0.400391
    endloop
  endfacet
  facet normal -0.516098 -0.483673 -0.706897
    outer loop
      vertex 45.4831 15.4831 0
      vertex 45.501 15.464 0
      vertex 45.2 15.2 0.400391
    endloop
  endfacet
  facet normal -0.54622 -0.449353 -0.706913
    outer loop
      vertex 45.501 15.464 0
      vertex 45.5177 15.4437 0
      vertex 45.2 15.2 0.400391
    endloop
  endfacet
  facet normal -0.575742 -0.410858 -0.706907
    outer loop
      vertex 45.5177 15.4437 0
      vertex 45.5329 15.4224 0
      vertex 45.2 15.2 0.400391
    endloop
  endfacet
  facet normal -0.600724 -0.373423 -0.706885
    outer loop
      vertex 45.5329 15.4224 0
      vertex 45.5467 15.4002 0
      vertex 45.2 15.2 0.400391
    endloop
  endfacet
  facet normal -0.623201 -0.334532 -0.706901
    outer loop
      vertex 45.5467 15.4002 0
      vertex 45.5591 15.3771 0
      vertex 45.2 15.2 0.400391
    endloop
  endfacet
  facet normal -0.64455 -0.291261 -0.70691
    outer loop
      vertex 45.5591 15.3771 0
      vertex 45.5699 15.3532 0
      vertex 45.2 15.2 0.400391
    endloop
  endfacet
  facet normal -0.662176 -0.248654 -0.706891
    outer loop
      vertex 45.5699 15.3532 0
      vertex 45.5791 15.3287 0
      vertex 45.2 15.2 0.400391
    endloop
  endfacet
  facet normal -0.676985 -0.204984 -0.706875
    outer loop
      vertex 45.5791 15.3287 0
      vertex 45.5867 15.3036 0
      vertex 45.2 15.2 0.400391
    endloop
  endfacet
  facet normal -0.688518 -0.162004 -0.706893
    outer loop
      vertex 45.5867 15.3036 0
      vertex 45.5927 15.2781 0
      vertex 45.2 15.2 0.400391
    endloop
  endfacet
  facet normal -0.697655 -0.116276 -0.706935
    outer loop
      vertex 45.5927 15.2781 0
      vertex 45.597 15.2523 0
      vertex 45.2 15.2 0.400391
    endloop
  endfacet
  facet normal -0.704072 -0.0674399 -0.706919
    outer loop
      vertex 45.597 15.2523 0
      vertex 45.5995 15.2262 0
      vertex 45.2 15.2 0.400391
    endloop
  endfacet
  facet normal -0.70689 -0.0242825 -0.706906
    outer loop
      vertex 45.5995 15.2262 0
      vertex 45.6004 15.2 0
      vertex 45.2 15.2 0.400391
    endloop
  endfacet
  facet normal -0.707099 0 -0.707115
    outer loop
      vertex 45.6004 0.60039 0
      vertex 45.2 15.2 0.400391
      vertex 45.6004 15.2 0
    endloop
  endfacet
  facet normal -0.707099 -0 -0.707115
    outer loop
      vertex 45.2 15.2 0.400391
      vertex 45.6004 0.60039 0
      vertex 45.2 0.2 0.400391
    endloop
  endfacet
  facet normal 0 -0.707108 -0.707106
    outer loop
      vertex 45.6004 0.60039 0
      vertex 74.8 0.2 0.400391
      vertex 45.2 0.2 0.400391
    endloop
  endfacet
  facet normal 0 -0.707108 -0.707106
    outer loop
      vertex 74.8 0.2 0.400391
      vertex 45.6004 0.60039 0
      vertex 74.3996 0.60039 0
    endloop
  endfacet
  facet normal 0.707099 0 -0.707115
    outer loop
      vertex 74.8 14.8 0.400391
      vertex 74.3996 0.60039 0
      vertex 74.3996 14.3996 0
    endloop
  endfacet
  facet normal 0.707099 0 -0.707115
    outer loop
      vertex 74.3996 0.60039 0
      vertex 74.8 14.8 0.400391
      vertex 74.8 0.2 0.400391
    endloop
  endfacet
  facet normal 0 0.707099 -0.707115
    outer loop
      vertex 74.3996 14.3996 0
      vertex 59.8 14.8 0.400391
      vertex 74.8 14.8 0.400391
    endloop
  endfacet
  facet normal 0 0.707099 -0.707115
    outer loop
      vertex 59.8 14.8 0.400391
      vertex 74.3996 14.3996 0
      vertex 59.8 14.3996 0
    endloop
  endfacet
  facet normal 0.0242825 0.70689 -0.706906
    outer loop
      vertex 59.8 14.8 0.400391
      vertex 59.8 14.3996 0
      vertex 59.7738 14.4005 0
    endloop
  endfacet
  facet normal 0.0674399 0.704072 -0.706919
    outer loop
      vertex 59.8 14.8 0.400391
      vertex 59.7738 14.4005 0
      vertex 59.7477 14.403 0
    endloop
  endfacet
  facet normal 0.116276 0.697655 -0.706935
    outer loop
      vertex 59.8 14.8 0.400391
      vertex 59.7477 14.403 0
      vertex 59.7219 14.4073 0
    endloop
  endfacet
  facet normal 0.162004 0.688518 -0.706893
    outer loop
      vertex 59.8 14.8 0.400391
      vertex 59.7219 14.4073 0
      vertex 59.6964 14.4133 0
    endloop
  endfacet
  facet normal 0.204984 0.676985 -0.706875
    outer loop
      vertex 59.8 14.8 0.400391
      vertex 59.6964 14.4133 0
      vertex 59.6713 14.4209 0
    endloop
  endfacet
  facet normal 0.248654 0.662176 -0.706891
    outer loop
      vertex 59.8 14.8 0.400391
      vertex 59.6713 14.4209 0
      vertex 59.6468 14.4301 0
    endloop
  endfacet
  facet normal 0.291261 0.64455 -0.70691
    outer loop
      vertex 59.8 14.8 0.400391
      vertex 59.6468 14.4301 0
      vertex 59.6229 14.4409 0
    endloop
  endfacet
  facet normal 0.334532 0.623201 -0.706901
    outer loop
      vertex 59.8 14.8 0.400391
      vertex 59.6229 14.4409 0
      vertex 59.5998 14.4533 0
    endloop
  endfacet
  facet normal 0.373423 0.600724 -0.706885
    outer loop
      vertex 59.8 14.8 0.400391
      vertex 59.5998 14.4533 0
      vertex 59.5776 14.4671 0
    endloop
  endfacet
  facet normal 0.410858 0.575742 -0.706907
    outer loop
      vertex 59.8 14.8 0.400391
      vertex 59.5776 14.4671 0
      vertex 59.5563 14.4823 0
    endloop
  endfacet
  facet normal 0.449353 0.54622 -0.706913
    outer loop
      vertex 59.8 14.8 0.400391
      vertex 59.5563 14.4823 0
      vertex 59.536 14.499 0
    endloop
  endfacet
  facet normal 0.483673 0.516098 -0.706897
    outer loop
      vertex 59.8 14.8 0.400391
      vertex 59.536 14.499 0
      vertex 59.5169 14.5169 0
    endloop
  endfacet
  facet normal 0.516098 0.483673 -0.706897
    outer loop
      vertex 59.8 14.8 0.400391
      vertex 59.5169 14.5169 0
      vertex 59.499 14.536 0
    endloop
  endfacet
  facet normal 0.54622 0.449353 -0.706913
    outer loop
      vertex 59.8 14.8 0.400391
      vertex 59.499 14.536 0
      vertex 59.4823 14.5563 0
    endloop
  endfacet
  facet normal 0.575742 0.410858 -0.706907
    outer loop
      vertex 59.8 14.8 0.400391
      vertex 59.4823 14.5563 0
      vertex 59.4671 14.5776 0
    endloop
  endfacet
  facet normal 0.600724 0.373423 -0.706885
    outer loop
      vertex 59.8 14.8 0.400391
      vertex 59.4671 14.5776 0
      vertex 59.4533 14.5998 0
    endloop
  endfacet
  facet normal 0.623201 0.334532 -0.706901
    outer loop
      vertex 59.8 14.8 0.400391
      vertex 59.4533 14.5998 0
      vertex 59.4409 14.6229 0
    endloop
  endfacet
  facet normal 0.64455 0.291261 -0.70691
    outer loop
      vertex 59.8 14.8 0.400391
      vertex 59.4409 14.6229 0
      vertex 59.4301 14.6468 0
    endloop
  endfacet
  facet normal 0.662176 0.248654 -0.706891
    outer loop
      vertex 59.8 14.8 0.400391
      vertex 59.4301 14.6468 0
      vertex 59.4209 14.6713 0
    endloop
  endfacet
  facet normal 0.676985 0.204984 -0.706875
    outer loop
      vertex 59.8 14.8 0.400391
      vertex 59.4209 14.6713 0
      vertex 59.4133 14.6964 0
    endloop
  endfacet
  facet normal 0.688518 0.162004 -0.706893
    outer loop
      vertex 59.8 14.8 0.400391
      vertex 59.4133 14.6964 0
      vertex 59.4073 14.7219 0
    endloop
  endfacet
  facet normal 0.697655 0.116276 -0.706935
    outer loop
      vertex 59.8 14.8 0.400391
      vertex 59.4073 14.7219 0
      vertex 59.403 14.7477 0
    endloop
  endfacet
  facet normal 0.704072 0.0674399 -0.706919
    outer loop
      vertex 59.8 14.8 0.400391
      vertex 59.403 14.7477 0
      vertex 59.4005 14.7738 0
    endloop
  endfacet
  facet normal 0.70689 0.0242825 -0.706906
    outer loop
      vertex 59.8 14.8 0.400391
      vertex 59.4005 14.7738 0
      vertex 59.3996 14.8 0
    endloop
  endfacet
  facet normal 0.707099 0 -0.707115
    outer loop
      vertex 59.8 14.8 0.400391
      vertex 59.3996 29.3996 0
      vertex 59.8 29.8 0.400391
    endloop
  endfacet
  facet normal 0.707099 0 -0.707115
    outer loop
      vertex 59.3996 29.3996 0
      vertex 59.8 14.8 0.400391
      vertex 59.3996 14.8 0
    endloop
  endfacet
  facet normal 0 0.707099 -0.707115
    outer loop
      vertex 59.3996 29.3996 0
      vertex 30.2 29.8 0.400391
      vertex 59.8 29.8 0.400391
    endloop
  endfacet
  facet normal 0 0.707099 -0.707115
    outer loop
      vertex 30.2 29.8 0.400391
      vertex 59.3996 29.3996 0
      vertex 30.6004 29.3996 0
    endloop
  endfacet
  facet normal -0.707099 0 -0.707115
    outer loop
      vertex 30.6004 15.6004 0
      vertex 30.2 29.8 0.400391
      vertex 30.6004 29.3996 0
    endloop
  endfacet
  facet normal -0.707099 -0 -0.707115
    outer loop
      vertex 30.2 29.8 0.400391
      vertex 30.6004 15.6004 0
      vertex 30.2 15.2 0.400391
    endloop
  endfacet
  facet normal 0 0 -1
    outer loop
      vertex 74.3996 0.60039 0
      vertex 59.8 14.3996 0
      vertex 74.3996 14.3996 0
    endloop
  endfacet
  facet normal 0 0 -1
    outer loop
      vertex 45.6004 0.60039 0
      vertex 59.8 14.3996 0
      vertex 74.3996 0.60039 0
    endloop
  endfacet
  facet normal -0 0 -1
    outer loop
      vertex 59.8 14.3996 0
      vertex 45.6004 0.60039 0
      vertex 59.7738 14.4005 0
    endloop
  endfacet
  facet normal -0 0 -1
    outer loop
      vertex 59.7738 14.4005 0
      vertex 45.6004 0.60039 0
      vertex 59.7477 14.403 0
    endloop
  endfacet
  facet normal -0 0 -1
    outer loop
      vertex 59.7477 14.403 0
      vertex 45.6004 0.60039 0
      vertex 59.7219 14.4073 0
    endloop
  endfacet
  facet normal -0 0 -1
    outer loop
      vertex 59.7219 14.4073 0
      vertex 45.6004 0.60039 0
      vertex 59.6964 14.4133 0
    endloop
  endfacet
  facet normal -0 0 -1
    outer loop
      vertex 59.6964 14.4133 0
      vertex 45.6004 0.60039 0
      vertex 59.6713 14.4209 0
    endloop
  endfacet
  facet normal -0 0 -1
    outer loop
      vertex 59.6713 14.4209 0
      vertex 45.6004 0.60039 0
      vertex 59.6468 14.4301 0
    endloop
  endfacet
  facet normal -0 0 -1
    outer loop
      vertex 59.6468 14.4301 0
      vertex 45.6004 0.60039 0
      vertex 59.6229 14.4409 0
    endloop
  endfacet
  facet normal -0 0 -1
    outer loop
      vertex 59.6229 14.4409 0
      vertex 45.6004 0.60039 0
      vertex 59.5998 14.4533 0
    endloop
  endfacet
  facet normal -0 0 -1
    outer loop
      vertex 59.5998 14.4533 0
      vertex 45.6004 0.60039 0
      vertex 59.5776 14.4671 0
    endloop
  endfacet
  facet normal -0 0 -1
    outer loop
      vertex 59.5776 14.4671 0
      vertex 45.6004 0.60039 0
      vertex 59.5563 14.4823 0
    endloop
  endfacet
  facet normal -0 0 -1
    outer loop
      vertex 59.5563 14.4823 0
      vertex 45.6004 0.60039 0
      vertex 59.536 14.499 0
    endloop
  endfacet
  facet normal 0 0 -1
    outer loop
      vertex 45.6004 0.60039 0
      vertex 59.5169 14.5169 0
      vertex 59.536 14.499 0
    endloop
  endfacet
  facet normal 0 0 -1
    outer loop
      vertex 45.6004 0.60039 0
      vertex 59.499 14.536 0
      vertex 59.5169 14.5169 0
    endloop
  endfacet
  facet normal 0 0 -1
    outer loop
      vertex 45.6004 15.2 0
      vertex 59.499 14.536 0
      vertex 45.6004 0.60039 0
    endloop
  endfacet
  facet normal 0 0 -1
    outer loop
      vertex 59.499 14.536 0
      vertex 45.6004 15.2 0
      vertex 59.4823 14.5563 0
    endloop
  endfacet
  facet normal 0 0 -1
    outer loop
      vertex 59.4823 14.5563 0
      vertex 45.6004 15.2 0
      vertex 59.4671 14.5776 0
    endloop
  endfacet
  facet normal 0 0 -1
    outer loop
      vertex 59.4671 14.5776 0
      vertex 45.6004 15.2 0
      vertex 59.4533 14.5998 0
    endloop
  endfacet
  facet normal 0 0 -1
    outer loop
      vertex 59.4533 14.5998 0
      vertex 45.6004 15.2 0
      vertex 59.4409 14.6229 0
    endloop
  endfacet
  facet normal 0 0 -1
    outer loop
      vertex 59.4409 14.6229 0
      vertex 45.6004 15.2 0
      vertex 59.4301 14.6468 0
    endloop
  endfacet
  facet normal 0 0 -1
    outer loop
      vertex 59.4301 14.6468 0
      vertex 45.6004 15.2 0
      vertex 59.4209 14.6713 0
    endloop
  endfacet
  facet normal 0 0 -1
    outer loop
      vertex 59.4209 14.6713 0
      vertex 45.6004 15.2 0
      vertex 59.4133 14.6964 0
    endloop
  endfacet
  facet normal 0 0 -1
    outer loop
      vertex 59.4133 14.6964 0
      vertex 45.6004 15.2 0
      vertex 59.4073 14.7219 0
    endloop
  endfacet
  facet normal 0 0 -1
    outer loop
      vertex 59.4073 14.7219 0
      vertex 45.6004 15.2 0
      vertex 59.403 14.7477 0
    endloop
  endfacet
  facet normal 0 0 -1
    outer loop
      vertex 59.403 14.7477 0
      vertex 45.6004 15.2 0
      vertex 59.4005 14.7738 0
    endloop
  endfacet
  facet normal 0 0 -1
    outer loop
      vertex 59.4005 14.7738 0
      vertex 45.6004 15.2 0
      vertex 59.3996 14.8 0
    endloop
  endfacet
  facet normal 0 0 -1
    outer loop
      vertex 45.5995 15.2262 0
      vertex 59.3996 14.8 0
      vertex 45.6004 15.2 0
    endloop
  endfacet
  facet normal 0 0 -1
    outer loop
      vertex 45.597 15.2523 0
      vertex 59.3996 14.8 0
      vertex 45.5995 15.2262 0
    endloop
  endfacet
  facet normal 0 0 -1
    outer loop
      vertex 45.5927 15.2781 0
      vertex 59.3996 14.8 0
      vertex 45.597 15.2523 0
    endloop
  endfacet
  facet normal 0 0 -1
    outer loop
      vertex 45.5867 15.3036 0
      vertex 59.3996 14.8 0
      vertex 45.5927 15.2781 0
    endloop
  endfacet
  facet normal 0 0 -1
    outer loop
      vertex 45.5791 15.3287 0
      vertex 59.3996 14.8 0
      vertex 45.5867 15.3036 0
    endloop
  endfacet
  facet normal 0 0 -1
    outer loop
      vertex 45.5699 15.3532 0
      vertex 59.3996 14.8 0
      vertex 45.5791 15.3287 0
    endloop
  endfacet
  facet normal 0 0 -1
    outer loop
      vertex 45.5591 15.3771 0
      vertex 59.3996 14.8 0
      vertex 45.5699 15.3532 0
    endloop
  endfacet
  facet normal 0 0 -1
    outer loop
      vertex 45.5467 15.4002 0
      vertex 59.3996 14.8 0
      vertex 45.5591 15.3771 0
    endloop
  endfacet
  facet normal 0 0 -1
    outer loop
      vertex 45.5329 15.4224 0
      vertex 59.3996 14.8 0
      vertex 45.5467 15.4002 0
    endloop
  endfacet
  facet normal 0 0 -1
    outer loop
      vertex 45.5177 15.4437 0
      vertex 59.3996 14.8 0
      vertex 45.5329 15.4224 0
    endloop
  endfacet
  facet normal 0 0 -1
    outer loop
      vertex 45.501 15.464 0
      vertex 59.3996 14.8 0
      vertex 45.5177 15.4437 0
    endloop
  endfacet
  facet normal 0 0 -1
    outer loop
      vertex 59.3996 14.8 0
      vertex 45.501 15.464 0
      vertex 59.3996 29.3996 0
    endloop
  endfacet
  facet normal 0 0 -1
    outer loop
      vertex 45.4831 15.4831 0
      vertex 59.3996 29.3996 0
      vertex 45.501 15.464 0
    endloop
  endfacet
  facet normal 0 0 -1
    outer loop
      vertex 45.464 15.501 0
      vertex 59.3996 29.3996 0
      vertex 45.4831 15.4831 0
    endloop
  endfacet
  facet normal 0 0 -1
    outer loop
      vertex 45.4437 15.5177 0
      vertex 59.3996 29.3996 0
      vertex 45.464 15.501 0
    endloop
  endfacet
  facet normal 0 0 -1
    outer loop
      vertex 45.4224 15.5329 0
      vertex 59.3996 29.3996 0
      vertex 45.4437 15.5177 0
    endloop
  endfacet
  facet normal 0 0 -1
    outer loop
      vertex 45.4002 15.5467 0
      vertex 59.3996 29.3996 0
      vertex 45.4224 15.5329 0
    endloop
  endfacet
  facet normal 0 0 -1
    outer loop
      vertex 45.3771 15.5591 0
      vertex 59.3996 29.3996 0
      vertex 45.4002 15.5467 0
    endloop
  endfacet
  facet normal 0 0 -1
    outer loop
      vertex 45.3532 15.5699 0
      vertex 59.3996 29.3996 0
      vertex 45.3771 15.5591 0
    endloop
  endfacet
  facet normal 0 0 -1
    outer loop
      vertex 45.3287 15.5791 0
      vertex 59.3996 29.3996 0
      vertex 45.3532 15.5699 0
    endloop
  endfacet
  facet normal 0 0 -1
    outer loop
      vertex 45.3036 15.5867 0
      vertex 59.3996 29.3996 0
      vertex 45.3287 15.5791 0
    endloop
  endfacet
  facet normal 0 0 -1
    outer loop
      vertex 45.2781 15.5927 0
      vertex 59.3996 29.3996 0
      vertex 45.3036 15.5867 0
    endloop
  endfacet
  facet normal 0 0 -1
    outer loop
      vertex 45.2523 15.597 0
      vertex 59.3996 29.3996 0
      vertex 45.2781 15.5927 0
    endloop
  endfacet
  facet normal 0 0 -1
    outer loop
      vertex 45.2262 15.5995 0
      vertex 59.3996 29.3996 0
      vertex 45.2523 15.597 0
    endloop
  endfacet
  facet normal 0 0 -1
    outer loop
      vertex 45.2 15.6004 0
      vertex 59.3996 29.3996 0
      vertex 45.2262 15.5995 0
    endloop
  endfacet
  facet normal 0 0 -1
    outer loop
      vertex 30.6004 29.3996 0
      vertex 45.2 15.6004 0
      vertex 30.6004 15.6004 0
    endloop
  endfacet
  facet normal 0 0 -1
    outer loop
      vertex 45.2 15.6004 0
      vertex 30.6004 29.3996 0
      vertex 59.3996 29.3996 0
    endloop
  endfacet
  facet normal 0 -0.707098 0.707116
    outer loop
      vertex 45.2 15.2 1.59961
      vertex 30.6004 15.6004 2
      vertex 30.2 15.2 1.59961
    endloop
  endfacet
  facet normal 0 -0.707098 0.707116
    outer loop
      vertex 30.6004 15.6004 2
      vertex 45.2 15.2 1.59961
      vertex 45.2 15.6004 2
    endloop
  endfacet
  facet normal -0.0242825 -0.706889 0.706907
    outer loop
      vertex 45.2262 15.5995 2
      vertex 45.2 15.6004 2
      vertex 45.2 15.2 1.59961
    endloop
  endfacet
  facet normal -0.0674398 -0.704072 0.706919
    outer loop
      vertex 45.2523 15.597 2
      vertex 45.2262 15.5995 2
      vertex 45.2 15.2 1.59961
    endloop
  endfacet
  facet normal -0.116276 -0.697654 0.706936
    outer loop
      vertex 45.2781 15.5927 2
      vertex 45.2523 15.597 2
      vertex 45.2 15.2 1.59961
    endloop
  endfacet
  facet normal -0.162004 -0.688517 0.706894
    outer loop
      vertex 45.3036 15.5867 2
      vertex 45.2781 15.5927 2
      vertex 45.2 15.2 1.59961
    endloop
  endfacet
  facet normal -0.204983 -0.676984 0.706876
    outer loop
      vertex 45.3287 15.5791 2
      vertex 45.3036 15.5867 2
      vertex 45.2 15.2 1.59961
    endloop
  endfacet
  facet normal -0.248654 -0.662175 0.706891
    outer loop
      vertex 45.3532 15.5699 2
      vertex 45.3287 15.5791 2
      vertex 45.2 15.2 1.59961
    endloop
  endfacet
  facet normal -0.291261 -0.64455 0.706911
    outer loop
      vertex 45.3771 15.5591 2
      vertex 45.3532 15.5699 2
      vertex 45.2 15.2 1.59961
    endloop
  endfacet
  facet normal -0.334531 -0.6232 0.706902
    outer loop
      vertex 45.4002 15.5467 2
      vertex 45.3771 15.5591 2
      vertex 45.2 15.2 1.59961
    endloop
  endfacet
  facet normal -0.373423 -0.600723 0.706886
    outer loop
      vertex 45.4224 15.5329 2
      vertex 45.4002 15.5467 2
      vertex 45.2 15.2 1.59961
    endloop
  endfacet
  facet normal -0.410857 -0.575741 0.706908
    outer loop
      vertex 45.4437 15.5177 2
      vertex 45.4224 15.5329 2
      vertex 45.2 15.2 1.59961
    endloop
  endfacet
  facet normal -0.449353 -0.546219 0.706914
    outer loop
      vertex 45.464 15.501 2
      vertex 45.4437 15.5177 2
      vertex 45.2 15.2 1.59961
    endloop
  endfacet
  facet normal -0.483672 -0.516097 0.706898
    outer loop
      vertex 45.4831 15.4831 2
      vertex 45.464 15.501 2
      vertex 45.2 15.2 1.59961
    endloop
  endfacet
  facet normal -0.516097 -0.483672 0.706898
    outer loop
      vertex 45.501 15.464 2
      vertex 45.4831 15.4831 2
      vertex 45.2 15.2 1.59961
    endloop
  endfacet
  facet normal -0.546219 -0.449353 0.706914
    outer loop
      vertex 45.5177 15.4437 2
      vertex 45.501 15.464 2
      vertex 45.2 15.2 1.59961
    endloop
  endfacet
  facet normal -0.575741 -0.410857 0.706908
    outer loop
      vertex 45.5329 15.4224 2
      vertex 45.5177 15.4437 2
      vertex 45.2 15.2 1.59961
    endloop
  endfacet
  facet normal -0.600723 -0.373423 0.706886
    outer loop
      vertex 45.5467 15.4002 2
      vertex 45.5329 15.4224 2
      vertex 45.2 15.2 1.59961
    endloop
  endfacet
  facet normal -0.6232 -0.334531 0.706902
    outer loop
      vertex 45.5591 15.3771 2
      vertex 45.5467 15.4002 2
      vertex 45.2 15.2 1.59961
    endloop
  endfacet
  facet normal -0.64455 -0.291261 0.706911
    outer loop
      vertex 45.5699 15.3532 2
      vertex 45.5591 15.3771 2
      vertex 45.2 15.2 1.59961
    endloop
  endfacet
  facet normal -0.662175 -0.248654 0.706891
    outer loop
      vertex 45.5791 15.3287 2
      vertex 45.5699 15.3532 2
      vertex 45.2 15.2 1.59961
    endloop
  endfacet
  facet normal -0.676984 -0.204983 0.706876
    outer loop
      vertex 45.5867 15.3036 2
      vertex 45.5791 15.3287 2
      vertex 45.2 15.2 1.59961
    endloop
  endfacet
  facet normal -0.688517 -0.162004 0.706894
    outer loop
      vertex 45.5927 15.2781 2
      vertex 45.5867 15.3036 2
      vertex 45.2 15.2 1.59961
    endloop
  endfacet
  facet normal -0.697654 -0.116276 0.706936
    outer loop
      vertex 45.597 15.2523 2
      vertex 45.5927 15.2781 2
      vertex 45.2 15.2 1.59961
    endloop
  endfacet
  facet normal -0.704072 -0.0674398 0.706919
    outer loop
      vertex 45.5995 15.2262 2
      vertex 45.597 15.2523 2
      vertex 45.2 15.2 1.59961
    endloop
  endfacet
  facet normal -0.706889 -0.0242825 0.706907
    outer loop
      vertex 45.6004 15.2 2
      vertex 45.5995 15.2262 2
      vertex 45.2 15.2 1.59961
    endloop
  endfacet
  facet normal -0.707098 0 0.707116
    outer loop
      vertex 45.2 15.2 1.59961
      vertex 45.6004 0.60039 2
      vertex 45.6004 15.2 2
    endloop
  endfacet
  facet normal -0.707098 0 0.707116
    outer loop
      vertex 45.6004 0.60039 2
      vertex 45.2 15.2 1.59961
      vertex 45.2 0.2 1.59961
    endloop
  endfacet
  facet normal 0 -0.707107 0.707107
    outer loop
      vertex 45.2 0.2 1.59961
      vertex 74.3996 0.60039 2
      vertex 45.6004 0.60039 2
    endloop
  endfacet
  facet normal 0 -0.707107 0.707107
    outer loop
      vertex 74.3996 0.60039 2
      vertex 45.2 0.2 1.59961
      vertex 74.8 0.2 1.59961
    endloop
  endfacet
  facet normal 0.707098 -0 0.707116
    outer loop
      vertex 74.3996 0.60039 2
      vertex 74.8 14.8 1.59961
      vertex 74.3996 14.3996 2
    endloop
  endfacet
  facet normal 0.707098 0 0.707116
    outer loop
      vertex 74.8 14.8 1.59961
      vertex 74.3996 0.60039 2
      vertex 74.8 0.2 1.59961
    endloop
  endfacet
  facet normal -0 0.707098 0.707116
    outer loop
      vertex 59.8 14.8 1.59961
      vertex 74.3996 14.3996 2
      vertex 74.8 14.8 1.59961
    endloop
  endfacet
  facet normal 0 0.707098 0.707116
    outer loop
      vertex 74.3996 14.3996 2
      vertex 59.8 14.8 1.59961
      vertex 59.8 14.3996 2
    endloop
  endfacet
  facet normal 0.0242825 0.706889 0.706907
    outer loop
      vertex 59.8 14.3996 2
      vertex 59.8 14.8 1.59961
      vertex 59.7738 14.4005 2
    endloop
  endfacet
  facet normal 0.0674398 0.704072 0.706919
    outer loop
      vertex 59.7738 14.4005 2
      vertex 59.8 14.8 1.59961
      vertex 59.7477 14.403 2
    endloop
  endfacet
  facet normal 0.116276 0.697654 0.706936
    outer loop
      vertex 59.7477 14.403 2
      vertex 59.8 14.8 1.59961
      vertex 59.7219 14.4073 2
    endloop
  endfacet
  facet normal 0.162004 0.688517 0.706894
    outer loop
      vertex 59.7219 14.4073 2
      vertex 59.8 14.8 1.59961
      vertex 59.6964 14.4133 2
    endloop
  endfacet
  facet normal 0.204983 0.676984 0.706876
    outer loop
      vertex 59.6964 14.4133 2
      vertex 59.8 14.8 1.59961
      vertex 59.6713 14.4209 2
    endloop
  endfacet
  facet normal 0.248654 0.662175 0.706891
    outer loop
      vertex 59.6713 14.4209 2
      vertex 59.8 14.8 1.59961
      vertex 59.6468 14.4301 2
    endloop
  endfacet
  facet normal 0.291261 0.64455 0.706911
    outer loop
      vertex 59.6468 14.4301 2
      vertex 59.8 14.8 1.59961
      vertex 59.6229 14.4409 2
    endloop
  endfacet
  facet normal 0.334531 0.6232 0.706902
    outer loop
      vertex 59.6229 14.4409 2
      vertex 59.8 14.8 1.59961
      vertex 59.5998 14.4533 2
    endloop
  endfacet
  facet normal 0.373423 0.600723 0.706886
    outer loop
      vertex 59.5998 14.4533 2
      vertex 59.8 14.8 1.59961
      vertex 59.5776 14.4671 2
    endloop
  endfacet
  facet normal 0.410857 0.575741 0.706908
    outer loop
      vertex 59.5776 14.4671 2
      vertex 59.8 14.8 1.59961
      vertex 59.5563 14.4823 2
    endloop
  endfacet
  facet normal 0.449353 0.546219 0.706914
    outer loop
      vertex 59.5563 14.4823 2
      vertex 59.8 14.8 1.59961
      vertex 59.536 14.499 2
    endloop
  endfacet
  facet normal 0.483672 0.516097 0.706898
    outer loop
      vertex 59.536 14.499 2
      vertex 59.8 14.8 1.59961
      vertex 59.5169 14.5169 2
    endloop
  endfacet
  facet normal 0.516097 0.483672 0.706898
    outer loop
      vertex 59.5169 14.5169 2
      vertex 59.8 14.8 1.59961
      vertex 59.499 14.536 2
    endloop
  endfacet
  facet normal 0.546219 0.449353 0.706914
    outer loop
      vertex 59.499 14.536 2
      vertex 59.8 14.8 1.59961
      vertex 59.4823 14.5563 2
    endloop
  endfacet
  facet normal 0.575741 0.410857 0.706908
    outer loop
      vertex 59.4823 14.5563 2
      vertex 59.8 14.8 1.59961
      vertex 59.4671 14.5776 2
    endloop
  endfacet
  facet normal 0.600723 0.373423 0.706886
    outer loop
      vertex 59.4671 14.5776 2
      vertex 59.8 14.8 1.59961
      vertex 59.4533 14.5998 2
    endloop
  endfacet
  facet normal 0.6232 0.334531 0.706902
    outer loop
      vertex 59.4533 14.5998 2
      vertex 59.8 14.8 1.59961
      vertex 59.4409 14.6229 2
    endloop
  endfacet
  facet normal 0.64455 0.291261 0.706911
    outer loop
      vertex 59.4409 14.6229 2
      vertex 59.8 14.8 1.59961
      vertex 59.4301 14.6468 2
    endloop
  endfacet
  facet normal 0.662175 0.248654 0.706891
    outer loop
      vertex 59.4301 14.6468 2
      vertex 59.8 14.8 1.59961
      vertex 59.4209 14.6713 2
    endloop
  endfacet
  facet normal 0.676984 0.204983 0.706876
    outer loop
      vertex 59.4209 14.6713 2
      vertex 59.8 14.8 1.59961
      vertex 59.4133 14.6964 2
    endloop
  endfacet
  facet normal 0.688517 0.162004 0.706894
    outer loop
      vertex 59.4133 14.6964 2
      vertex 59.8 14.8 1.59961
      vertex 59.4073 14.7219 2
    endloop
  endfacet
  facet normal 0.697654 0.116276 0.706936
    outer loop
      vertex 59.4073 14.7219 2
      vertex 59.8 14.8 1.59961
      vertex 59.403 14.7477 2
    endloop
  endfacet
  facet normal 0.704072 0.0674398 0.706919
    outer loop
      vertex 59.403 14.7477 2
      vertex 59.8 14.8 1.59961
      vertex 59.4005 14.7738 2
    endloop
  endfacet
  facet normal 0.706889 0.0242825 0.706907
    outer loop
      vertex 59.4005 14.7738 2
      vertex 59.8 14.8 1.59961
      vertex 59.3996 14.8 2
    endloop
  endfacet
  facet normal 0.707098 0 0.707116
    outer loop
      vertex 59.8 14.8 1.59961
      vertex 59.3996 29.3996 2
      vertex 59.3996 14.8 2
    endloop
  endfacet
  facet normal 0.707098 0 0.707116
    outer loop
      vertex 59.3996 29.3996 2
      vertex 59.8 14.8 1.59961
      vertex 59.8 29.8 1.59961
    endloop
  endfacet
  facet normal 0 0.707098 0.707116
    outer loop
      vertex 59.8 29.8 1.59961
      vertex 30.6004 29.3996 2
      vertex 59.3996 29.3996 2
    endloop
  endfacet
  facet normal 0 0.707098 0.707116
    outer loop
      vertex 30.6004 29.3996 2
      vertex 59.8 29.8 1.59961
      vertex 30.2 29.8 1.59961
    endloop
  endfacet
  facet normal -0.707098 0 0.707116
    outer loop
      vertex 30.2 29.8 1.59961
      vertex 30.6004 15.6004 2
      vertex 30.6004 29.3996 2
    endloop
  endfacet
  facet normal -0.707098 0 0.707116
    outer loop
      vertex 30.6004 15.6004 2
      vertex 30.2 29.8 1.59961
      vertex 30.2 15.2 1.59961
    endloop
  endfacet
  facet normal -0 0 1
    outer loop
      vertex 45.501 15.464 2
      vertex 59.3996 14.8 2
      vertex 59.3996 29.3996 2
    endloop
  endfacet
  facet normal 0 0 1
    outer loop
      vertex 59.3996 14.8 2
      vertex 45.5995 15.2262 2
      vertex 45.6004 15.2 2
    endloop
  endfacet
  facet normal 0 0 1
    outer loop
      vertex 59.3996 14.8 2
      vertex 45.597 15.2523 2
      vertex 45.5995 15.2262 2
    endloop
  endfacet
  facet normal 0 0 1
    outer loop
      vertex 59.3996 14.8 2
      vertex 45.5927 15.2781 2
      vertex 45.597 15.2523 2
    endloop
  endfacet
  facet normal 0 0 1
    outer loop
      vertex 59.3996 14.8 2
      vertex 45.5867 15.3036 2
      vertex 45.5927 15.2781 2
    endloop
  endfacet
  facet normal 0 0 1
    outer loop
      vertex 59.3996 14.8 2
      vertex 45.5791 15.3287 2
      vertex 45.5867 15.3036 2
    endloop
  endfacet
  facet normal 0 0 1
    outer loop
      vertex 59.3996 14.8 2
      vertex 45.5699 15.3532 2
      vertex 45.5791 15.3287 2
    endloop
  endfacet
  facet normal 0 0 1
    outer loop
      vertex 59.3996 14.8 2
      vertex 45.5591 15.3771 2
      vertex 45.5699 15.3532 2
    endloop
  endfacet
  facet normal 0 0 1
    outer loop
      vertex 59.3996 14.8 2
      vertex 45.5467 15.4002 2
      vertex 45.5591 15.3771 2
    endloop
  endfacet
  facet normal 0 0 1
    outer loop
      vertex 59.3996 14.8 2
      vertex 45.5329 15.4224 2
      vertex 45.5467 15.4002 2
    endloop
  endfacet
  facet normal 0 0 1
    outer loop
      vertex 59.3996 14.8 2
      vertex 45.5177 15.4437 2
      vertex 45.5329 15.4224 2
    endloop
  endfacet
  facet normal 0 0 1
    outer loop
      vertex 59.3996 14.8 2
      vertex 45.501 15.464 2
      vertex 45.5177 15.4437 2
    endloop
  endfacet
  facet normal 0 0 1
    outer loop
      vertex 59.3996 29.3996 2
      vertex 45.4831 15.4831 2
      vertex 45.501 15.464 2
    endloop
  endfacet
  facet normal 0 0 1
    outer loop
      vertex 59.3996 29.3996 2
      vertex 45.464 15.501 2
      vertex 45.4831 15.4831 2
    endloop
  endfacet
  facet normal 0 0 1
    outer loop
      vertex 59.3996 29.3996 2
      vertex 45.4437 15.5177 2
      vertex 45.464 15.501 2
    endloop
  endfacet
  facet normal 0 0 1
    outer loop
      vertex 59.3996 29.3996 2
      vertex 45.4224 15.5329 2
      vertex 45.4437 15.5177 2
    endloop
  endfacet
  facet normal 0 0 1
    outer loop
      vertex 59.3996 29.3996 2
      vertex 45.4002 15.5467 2
      vertex 45.4224 15.5329 2
    endloop
  endfacet
  facet normal 0 0 1
    outer loop
      vertex 59.3996 29.3996 2
      vertex 45.3771 15.5591 2
      vertex 45.4002 15.5467 2
    endloop
  endfacet
  facet normal 0 0 1
    outer loop
      vertex 59.3996 29.3996 2
      vertex 45.3532 15.5699 2
      vertex 45.3771 15.5591 2
    endloop
  endfacet
  facet normal 0 0 1
    outer loop
      vertex 59.3996 29.3996 2
      vertex 45.3287 15.5791 2
      vertex 45.3532 15.5699 2
    endloop
  endfacet
  facet normal 0 0 1
    outer loop
      vertex 59.3996 29.3996 2
      vertex 45.3036 15.5867 2
      vertex 45.3287 15.5791 2
    endloop
  endfacet
  facet normal 0 0 1
    outer loop
      vertex 59.3996 29.3996 2
      vertex 45.2781 15.5927 2
      vertex 45.3036 15.5867 2
    endloop
  endfacet
  facet normal 0 0 1
    outer loop
      vertex 59.3996 29.3996 2
      vertex 45.2523 15.597 2
      vertex 45.2781 15.5927 2
    endloop
  endfacet
  facet normal 0 0 1
    outer loop
      vertex 59.3996 29.3996 2
      vertex 45.2262 15.5995 2
      vertex 45.2523 15.597 2
    endloop
  endfacet
  facet normal 0 0 1
    outer loop
      vertex 59.3996 29.3996 2
      vertex 45.2 15.6004 2
      vertex 45.2262 15.5995 2
    endloop
  endfacet
  facet normal -0 0 1
    outer loop
      vertex 30.6004 29.3996 2
      vertex 45.2 15.6004 2
      vertex 59.3996 29.3996 2
    endloop
  endfacet
  facet normal 0 0 1
    outer loop
      vertex 45.2 15.6004 2
      vertex 30.6004 29.3996 2
      vertex 30.6004 15.6004 2
    endloop
  endfacet
  facet normal -0 0 1
    outer loop
      vertex 59.8 14.3996 2
      vertex 74.3996 0.60039 2
      vertex 74.3996 14.3996 2
    endloop
  endfacet
  facet normal 0 0 1
    outer loop
      vertex 45.6004 0.60039 2
      vertex 59.8 14.3996 2
      vertex 59.7738 14.4005 2
    endloop
  endfacet
  facet normal 0 0 1
    outer loop
      vertex 45.6004 0.60039 2
      vertex 59.7738 14.4005 2
      vertex 59.7477 14.403 2
    endloop
  endfacet
  facet normal 0 0 1
    outer loop
      vertex 45.6004 0.60039 2
      vertex 59.7477 14.403 2
      vertex 59.7219 14.4073 2
    endloop
  endfacet
  facet normal 0 0 1
    outer loop
      vertex 45.6004 0.60039 2
      vertex 59.7219 14.4073 2
      vertex 59.6964 14.4133 2
    endloop
  endfacet
  facet normal 0 0 1
    outer loop
      vertex 45.6004 0.60039 2
      vertex 59.6964 14.4133 2
      vertex 59.6713 14.4209 2
    endloop
  endfacet
  facet normal 0 0 1
    outer loop
      vertex 45.6004 0.60039 2
      vertex 59.6713 14.4209 2
      vertex 59.6468 14.4301 2
    endloop
  endfacet
  facet normal 0 0 1
    outer loop
      vertex 45.6004 0.60039 2
      vertex 59.6468 14.4301 2
      vertex 59.6229 14.4409 2
    endloop
  endfacet
  facet normal 0 0 1
    outer loop
      vertex 45.6004 0.60039 2
      vertex 59.6229 14.4409 2
      vertex 59.5998 14.4533 2
    endloop
  endfacet
  facet normal 0 0 1
    outer loop
      vertex 45.6004 0.60039 2
      vertex 59.5998 14.4533 2
      vertex 59.5776 14.4671 2
    endloop
  endfacet
  facet normal 0 0 1
    outer loop
      vertex 45.6004 0.60039 2
      vertex 59.5776 14.4671 2
      vertex 59.5563 14.4823 2
    endloop
  endfacet
  facet normal 0 0 1
    outer loop
      vertex 45.6004 0.60039 2
      vertex 59.5563 14.4823 2
      vertex 59.536 14.499 2
    endloop
  endfacet
  facet normal 0 0 1
    outer loop
      vertex 45.6004 15.2 2
      vertex 59.4005 14.7738 2
      vertex 59.3996 14.8 2
    endloop
  endfacet
  facet normal 0 0 1
    outer loop
      vertex 45.6004 15.2 2
      vertex 59.403 14.7477 2
      vertex 59.4005 14.7738 2
    endloop
  endfacet
  facet normal 0 0 1
    outer loop
      vertex 45.6004 15.2 2
      vertex 59.4073 14.7219 2
      vertex 59.403 14.7477 2
    endloop
  endfacet
  facet normal 0 0 1
    outer loop
      vertex 45.6004 15.2 2
      vertex 59.4133 14.6964 2
      vertex 59.4073 14.7219 2
    endloop
  endfacet
  facet normal 0 0 1
    outer loop
      vertex 45.6004 15.2 2
      vertex 59.4209 14.6713 2
      vertex 59.4133 14.6964 2
    endloop
  endfacet
  facet normal 0 0 1
    outer loop
      vertex 45.6004 15.2 2
      vertex 59.4301 14.6468 2
      vertex 59.4209 14.6713 2
    endloop
  endfacet
  facet normal 0 0 1
    outer loop
      vertex 45.6004 15.2 2
      vertex 59.4409 14.6229 2
      vertex 59.4301 14.6468 2
    endloop
  endfacet
  facet normal 0 0 1
    outer loop
      vertex 45.6004 15.2 2
      vertex 59.4533 14.5998 2
      vertex 59.4409 14.6229 2
    endloop
  endfacet
  facet normal 0 0 1
    outer loop
      vertex 45.6004 15.2 2
      vertex 59.4671 14.5776 2
      vertex 59.4533 14.5998 2
    endloop
  endfacet
  facet normal 0 0 1
    outer loop
      vertex 45.6004 15.2 2
      vertex 59.4823 14.5563 2
      vertex 59.4671 14.5776 2
    endloop
  endfacet
  facet normal 0 0 1
    outer loop
      vertex 45.6004 15.2 2
      vertex 59.499 14.536 2
      vertex 59.4823 14.5563 2
    endloop
  endfacet
  facet normal 0 0 1
    outer loop
      vertex 45.6004 0.60039 2
      vertex 59.499 14.536 2
      vertex 45.6004 15.2 2
    endloop
  endfacet
  facet normal 0 0 1
    outer loop
      vertex 59.499 14.536 2
      vertex 45.6004 0.60039 2
      vertex 59.5169 14.5169 2
    endloop
  endfacet
  facet normal 0 0 1
    outer loop
      vertex 59.5169 14.5169 2
      vertex 45.6004 0.60039 2
      vertex 59.536 14.499 2
    endloop
  endfacet
  facet normal 0 0 1
    outer loop
      vertex 59.8 14.3996 2
      vertex 45.6004 0.60039 2
      vertex 74.3996 0.60039 2
    endloop
  endfacet
  facet normal 0 -1 0
    outer loop
      vertex 30.2 15.2 0.400391
      vertex 45.2 15.2 1.59961
      vertex 30.2 15.2 1.59961
    endloop
  endfacet
  facet normal 0 -1 -0
    outer loop
      vertex 45.2 15.2 1.59961
      vertex 30.2 15.2 0.400391
      vertex 45.2 15.2 0.400391
    endloop
  endfacet
  facet normal -1 0 0
    outer loop
      vertex 45.2 0.2 0.400391
      vertex 45.2 15.2 1.59961
      vertex 45.2 15.2 0.400391
    endloop
  endfacet
  facet normal -1 -0 0
    outer loop
      vertex 45.2 15.2 1.59961
      vertex 45.2 0.2 0.400391
      vertex 45.2 0.2 1.59961
    endloop
  endfacet
  facet normal 0 -1 0
    outer loop
      vertex 45.2 0.2 0.400391
      vertex 74.8 0.2 1.59961
      vertex 45.2 0.2 1.59961
    endloop
  endfacet
  facet normal 0 -1 -0
    outer loop
      vertex 74.8 0.2 1.59961
      vertex 45.2 0.2 0.400391
      vertex 74.8 0.2 0.400391
    endloop
  endfacet
  facet normal 1 -0 0
    outer loop
      vertex 74.8 0.2 1.59961
      vertex 74.8 14.8 0.400391
      vertex 74.8 14.8 1.59961
    endloop
  endfacet
  facet normal 1 0 0
    outer loop
      vertex 74.8 14.8 0.400391
      vertex 74.8 0.2 1.59961
      vertex 74.8 0.2 0.400391
    endloop
  endfacet
  facet normal 0 1 -0
    outer loop
      vertex 74.8 14.8 0.400391
      vertex 59.8 14.8 1.59961
      vertex 74.8 14.8 1.59961
    endloop
  endfacet
  facet normal 0 1 0
    outer loop
      vertex 59.8 14.8 1.59961
      vertex 74.8 14.8 0.400391
      vertex 59.8 14.8 0.400391
    endloop
  endfacet
  facet normal 1 -0 0
    outer loop
      vertex 59.8 14.8 1.59961
      vertex 59.8 29.8 0.400391
      vertex 59.8 29.8 1.59961
    endloop
  endfacet
  facet normal 1 0 0
    outer loop
      vertex 59.8 29.8 0.400391
      vertex 59.8 14.8 1.59961
      vertex 59.8 14.8 0.400391
    endloop
  endfacet
  facet normal 0 1 -0
    outer loop
      vertex 59.8 29.8 0.400391
      vertex 30.2 29.8 1.59961
      vertex 59.8 29.8 1.59961
    endloop
  endfacet
  facet normal 0 1 0
    outer loop
      vertex 30.2 29.8 1.59961
      vertex 59.8 29.8 0.400391
      vertex 30.2 29.8 0.400391
    endloop
  endfacet
  facet normal -1 0 0
    outer loop
      vertex 30.2 15.2 0.400391
      vertex 30.2 29.8 1.59961
      vertex 30.2 29.8 0.400391
    endloop
  endfacet
  facet normal -1 -0 0
    outer loop
      vertex 30.2 29.8 1.59961
      vertex 30.2 15.2 0.400391
      vertex 30.2 15.2 1.59961
    endloop
  endfacet
  facet normal 0 -0.707108 -0.707106
    outer loop
      vertex 75.6004 0.60039 0
      vertex 104.8 0.2 0.400391
      vertex 75.2 0.2 0.400391
    endloop
  endfacet
  facet normal 0 -0.707108 -0.707106
    outer loop
      vertex 104.8 0.2 0.400391
      vertex 75.6004 0.60039 0
      vertex 104.4 0.60039 0
    endloop
  endfacet
  facet normal 0.707452 0 -0.706761
    outer loop
      vertex 104.8 29.8 0.400391
      vertex 104.4 0.60039 0
      vertex 104.4 29.3996 0
    endloop
  endfacet
  facet normal 0.707452 0 -0.706761
    outer loop
      vertex 104.4 0.60039 0
      vertex 104.8 29.8 0.400391
      vertex 104.8 0.2 0.400391
    endloop
  endfacet
  facet normal 0 0.707099 -0.707115
    outer loop
      vertex 104.4 29.3996 0
      vertex 89.8 29.8 0.400391
      vertex 104.8 29.8 0.400391
    endloop
  endfacet
  facet normal 0 0.707099 -0.707115
    outer loop
      vertex 89.8 29.8 0.400391
      vertex 104.4 29.3996 0
      vertex 89.8 29.3996 0
    endloop
  endfacet
  facet normal 0.0242825 0.70689 -0.706906
    outer loop
      vertex 89.8 29.8 0.400391
      vertex 89.8 29.3996 0
      vertex 89.7738 29.4005 0
    endloop
  endfacet
  facet normal 0.0674399 0.704072 -0.706919
    outer loop
      vertex 89.8 29.8 0.400391
      vertex 89.7738 29.4005 0
      vertex 89.7477 29.403 0
    endloop
  endfacet
  facet normal 0.116276 0.697655 -0.706935
    outer loop
      vertex 89.8 29.8 0.400391
      vertex 89.7477 29.403 0
      vertex 89.7219 29.4073 0
    endloop
  endfacet
  facet normal 0.162004 0.688518 -0.706893
    outer loop
      vertex 89.8 29.8 0.400391
      vertex 89.7219 29.4073 0
      vertex 89.6964 29.4133 0
    endloop
  endfacet
  facet normal 0.204984 0.676985 -0.706875
    outer loop
      vertex 89.8 29.8 0.400391
      vertex 89.6964 29.4133 0
      vertex 89.6713 29.4209 0
    endloop
  endfacet
  facet normal 0.248654 0.662176 -0.706891
    outer loop
      vertex 89.8 29.8 0.400391
      vertex 89.6713 29.4209 0
      vertex 89.6468 29.4301 0
    endloop
  endfacet
  facet normal 0.291261 0.64455 -0.70691
    outer loop
      vertex 89.8 29.8 0.400391
      vertex 89.6468 29.4301 0
      vertex 89.6229 29.4409 0
    endloop
  endfacet
  facet normal 0.334532 0.623201 -0.706901
    outer loop
      vertex 89.8 29.8 0.400391
      vertex 89.6229 29.4409 0
      vertex 89.5998 29.4533 0
    endloop
  endfacet
  facet normal 0.373423 0.600724 -0.706885
    outer loop
      vertex 89.8 29.8 0.400391
      vertex 89.5998 29.4533 0
      vertex 89.5776 29.4671 0
    endloop
  endfacet
  facet normal 0.410858 0.575742 -0.706907
    outer loop
      vertex 89.8 29.8 0.400391
      vertex 89.5776 29.4671 0
      vertex 89.5563 29.4823 0
    endloop
  endfacet
  facet normal 0.449353 0.54622 -0.706913
    outer loop
      vertex 89.8 29.8 0.400391
      vertex 89.5563 29.4823 0
      vertex 89.536 29.499 0
    endloop
  endfacet
  facet normal 0.483673 0.516098 -0.706897
    outer loop
      vertex 89.8 29.8 0.400391
      vertex 89.536 29.499 0
      vertex 89.5169 29.5169 0
    endloop
  endfacet
  facet normal 0.516098 0.483673 -0.706897
    outer loop
      vertex 89.8 29.8 0.400391
      vertex 89.5169 29.5169 0
      vertex 89.499 29.536 0
    endloop
  endfacet
  facet normal 0.54622 0.449353 -0.706913
    outer loop
      vertex 89.8 29.8 0.400391
      vertex 89.499 29.536 0
      vertex 89.4823 29.5563 0
    endloop
  endfacet
  facet normal 0.575742 0.410858 -0.706907
    outer loop
      vertex 89.8 29.8 0.400391
      vertex 89.4823 29.5563 0
      vertex 89.4671 29.5776 0
    endloop
  endfacet
  facet normal 0.59948 0.37535 -0.70692
    outer loop
      vertex 89.8 29.8 0.400391
      vertex 89.4671 29.5776 0
      vertex 89.4532 29.5998 0
    endloop
  endfacet
  facet normal 0.624289 0.332414 -0.70694
    outer loop
      vertex 89.8 29.8 0.400391
      vertex 89.4532 29.5998 0
      vertex 89.4409 29.6229 0
    endloop
  endfacet
  facet normal 0.64455 0.291261 -0.70691
    outer loop
      vertex 89.8 29.8 0.400391
      vertex 89.4409 29.6229 0
      vertex 89.4301 29.6468 0
    endloop
  endfacet
  facet normal 0.662176 0.248654 -0.706891
    outer loop
      vertex 89.8 29.8 0.400391
      vertex 89.4301 29.6468 0
      vertex 89.4209 29.6713 0
    endloop
  endfacet
  facet normal 0.676985 0.204984 -0.706875
    outer loop
      vertex 89.8 29.8 0.400391
      vertex 89.4209 29.6713 0
      vertex 89.4133 29.6964 0
    endloop
  endfacet
  facet normal 0.688518 0.162004 -0.706893
    outer loop
      vertex 89.8 29.8 0.400391
      vertex 89.4133 29.6964 0
      vertex 89.4073 29.7219 0
    endloop
  endfacet
  facet normal 0.697655 0.116276 -0.706935
    outer loop
      vertex 89.8 29.8 0.400391
      vertex 89.4073 29.7219 0
      vertex 89.403 29.7477 0
    endloop
  endfacet
  facet normal 0.704072 0.0674399 -0.706919
    outer loop
      vertex 89.8 29.8 0.400391
      vertex 89.403 29.7477 0
      vertex 89.4005 29.7738 0
    endloop
  endfacet
  facet normal 0.70689 0.0242825 -0.706906
    outer loop
      vertex 89.8 29.8 0.400391
      vertex 89.4005 29.7738 0
      vertex 89.3996 29.8 0
    endloop
  endfacet
  facet normal 0.707099 0 -0.707115
    outer loop
      vertex 89.8 29.8 0.400391
      vertex 89.3996 44.3996 0
      vertex 89.8 44.8 0.400391
    endloop
  endfacet
  facet normal 0.707099 0 -0.707115
    outer loop
      vertex 89.3996 44.3996 0
      vertex 89.8 29.8 0.400391
      vertex 89.3996 29.8 0
    endloop
  endfacet
  facet normal 0 0.707099 -0.707115
    outer loop
      vertex 89.3996 44.3996 0
      vertex 75.2 44.8 0.400391
      vertex 89.8 44.8 0.400391
    endloop
  endfacet
  facet normal 0 0.707099 -0.707115
    outer loop
      vertex 75.2 44.8 0.400391
      vertex 89.3996 44.3996 0
      vertex 75.6004 44.3996 0
    endloop
  endfacet
  facet normal -0.707099 0 -0.707115
    outer loop
      vertex 75.6004 0.60039 0
      vertex 75.2 44.8 0.400391
      vertex 75.6004 44.3996 0
    endloop
  endfacet
  facet normal -0.707099 -0 -0.707115
    outer loop
      vertex 75.2 44.8 0.400391
      vertex 75.6004 0.60039 0
      vertex 75.2 0.2 0.400391
    endloop
  endfacet
  facet normal 0 0 -1
    outer loop
      vertex 104.4 0.60039 0
      vertex 89.8 29.3996 0
      vertex 104.4 29.3996 0
    endloop
  endfacet
  facet normal 0 0 -1
    outer loop
      vertex 75.6004 0.60039 0
      vertex 89.8 29.3996 0
      vertex 104.4 0.60039 0
    endloop
  endfacet
  facet normal -0 0 -1
    outer loop
      vertex 89.8 29.3996 0
      vertex 75.6004 0.60039 0
      vertex 89.7738 29.4005 0
    endloop
  endfacet
  facet normal -0 0 -1
    outer loop
      vertex 89.7738 29.4005 0
      vertex 75.6004 0.60039 0
      vertex 89.7477 29.403 0
    endloop
  endfacet
  facet normal -0 0 -1
    outer loop
      vertex 89.7477 29.403 0
      vertex 75.6004 0.60039 0
      vertex 89.7219 29.4073 0
    endloop
  endfacet
  facet normal -0 0 -1
    outer loop
      vertex 89.7219 29.4073 0
      vertex 75.6004 0.60039 0
      vertex 89.6964 29.4133 0
    endloop
  endfacet
  facet normal -0 0 -1
    outer loop
      vertex 89.6964 29.4133 0
      vertex 75.6004 0.60039 0
      vertex 89.6713 29.4209 0
    endloop
  endfacet
  facet normal -0 0 -1
    outer loop
      vertex 89.6713 29.4209 0
      vertex 75.6004 0.60039 0
      vertex 89.6468 29.4301 0
    endloop
  endfacet
  facet normal -0 0 -1
    outer loop
      vertex 89.6468 29.4301 0
      vertex 75.6004 0.60039 0
      vertex 89.6229 29.4409 0
    endloop
  endfacet
  facet normal -0 0 -1
    outer loop
      vertex 89.6229 29.4409 0
      vertex 75.6004 0.60039 0
      vertex 89.5998 29.4533 0
    endloop
  endfacet
  facet normal -0 0 -1
    outer loop
      vertex 89.5998 29.4533 0
      vertex 75.6004 0.60039 0
      vertex 89.5776 29.4671 0
    endloop
  endfacet
  facet normal -0 0 -1
    outer loop
      vertex 89.5776 29.4671 0
      vertex 75.6004 0.60039 0
      vertex 89.5563 29.4823 0
    endloop
  endfacet
  facet normal -0 0 -1
    outer loop
      vertex 89.5563 29.4823 0
      vertex 75.6004 0.60039 0
      vertex 89.536 29.499 0
    endloop
  endfacet
  facet normal -0 0 -1
    outer loop
      vertex 89.536 29.499 0
      vertex 75.6004 0.60039 0
      vertex 89.5169 29.5169 0
    endloop
  endfacet
  facet normal -0 0 -1
    outer loop
      vertex 89.5169 29.5169 0
      vertex 75.6004 0.60039 0
      vertex 89.499 29.536 0
    endloop
  endfacet
  facet normal -0 0 -1
    outer loop
      vertex 89.499 29.536 0
      vertex 75.6004 0.60039 0
      vertex 89.4823 29.5563 0
    endloop
  endfacet
  facet normal -0 0 -1
    outer loop
      vertex 89.4823 29.5563 0
      vertex 75.6004 0.60039 0
      vertex 89.4671 29.5776 0
    endloop
  endfacet
  facet normal -0 0 -1
    outer loop
      vertex 89.4671 29.5776 0
      vertex 75.6004 0.60039 0
      vertex 89.4532 29.5998 0
    endloop
  endfacet
  facet normal -0 0 -1
    outer loop
      vertex 89.4532 29.5998 0
      vertex 75.6004 0.60039 0
      vertex 89.4409 29.6229 0
    endloop
  endfacet
  facet normal 0 0 -1
    outer loop
      vertex 75.6004 0.60039 0
      vertex 89.4301 29.6468 0
      vertex 89.4409 29.6229 0
    endloop
  endfacet
  facet normal 0 0 -1
    outer loop
      vertex 75.6004 0.60039 0
      vertex 89.4209 29.6713 0
      vertex 89.4301 29.6468 0
    endloop
  endfacet
  facet normal 0 0 -1
    outer loop
      vertex 75.6004 44.3996 0
      vertex 89.4209 29.6713 0
      vertex 75.6004 0.60039 0
    endloop
  endfacet
  facet normal 0 0 -1
    outer loop
      vertex 89.4209 29.6713 0
      vertex 75.6004 44.3996 0
      vertex 89.4133 29.6964 0
    endloop
  endfacet
  facet normal 0 0 -1
    outer loop
      vertex 89.4133 29.6964 0
      vertex 75.6004 44.3996 0
      vertex 89.4073 29.7219 0
    endloop
  endfacet
  facet normal 0 0 -1
    outer loop
      vertex 89.4073 29.7219 0
      vertex 75.6004 44.3996 0
      vertex 89.403 29.7477 0
    endloop
  endfacet
  facet normal 0 0 -1
    outer loop
      vertex 89.403 29.7477 0
      vertex 75.6004 44.3996 0
      vertex 89.4005 29.7738 0
    endloop
  endfacet
  facet normal 0 0 -1
    outer loop
      vertex 89.4005 29.7738 0
      vertex 75.6004 44.3996 0
      vertex 89.3996 29.8 0
    endloop
  endfacet
  facet normal 0 0 -1
    outer loop
      vertex 89.3996 29.8 0
      vertex 75.6004 44.3996 0
      vertex 89.3996 44.3996 0
    endloop
  endfacet
  facet normal 0 -0.707107 0.707107
    outer loop
      vertex 75.2 0.2 1.59961
      vertex 104.4 0.60039 2
      vertex 75.6004 0.60039 2
    endloop
  endfacet
  facet normal 0 -0.707107 0.707107
    outer loop
      vertex 104.4 0.60039 2
      vertex 75.2 0.2 1.59961
      vertex 104.8 0.2 1.59961
    endloop
  endfacet
  facet normal 0.707451 -0 0.706762
    outer loop
      vertex 104.4 0.60039 2
      vertex 104.8 29.8 1.59961
      vertex 104.4 29.3996 2
    endloop
  endfacet
  facet normal 0.707451 0 0.706762
    outer loop
      vertex 104.8 29.8 1.59961
      vertex 104.4 0.60039 2
      vertex 104.8 0.2 1.59961
    endloop
  endfacet
  facet normal -0 0.707098 0.707116
    outer loop
      vertex 89.8 29.8 1.59961
      vertex 104.4 29.3996 2
      vertex 104.8 29.8 1.59961
    endloop
  endfacet
  facet normal 0 0.707098 0.707116
    outer loop
      vertex 104.4 29.3996 2
      vertex 89.8 29.8 1.59961
      vertex 89.8 29.3996 2
    endloop
  endfacet
  facet normal 0.0242825 0.706889 0.706907
    outer loop
      vertex 89.8 29.3996 2
      vertex 89.8 29.8 1.59961
      vertex 89.7738 29.4005 2
    endloop
  endfacet
  facet normal 0.0674398 0.704072 0.706919
    outer loop
      vertex 89.7738 29.4005 2
      vertex 89.8 29.8 1.59961
      vertex 89.7477 29.403 2
    endloop
  endfacet
  facet normal 0.116276 0.697654 0.706936
    outer loop
      vertex 89.7477 29.403 2
      vertex 89.8 29.8 1.59961
      vertex 89.7219 29.4073 2
    endloop
  endfacet
  facet normal 0.162004 0.688517 0.706894
    outer loop
      vertex 89.7219 29.4073 2
      vertex 89.8 29.8 1.59961
      vertex 89.6964 29.4133 2
    endloop
  endfacet
  facet normal 0.204983 0.676984 0.706876
    outer loop
      vertex 89.6964 29.4133 2
      vertex 89.8 29.8 1.59961
      vertex 89.6713 29.4209 2
    endloop
  endfacet
  facet normal 0.248654 0.662175 0.706891
    outer loop
      vertex 89.6713 29.4209 2
      vertex 89.8 29.8 1.59961
      vertex 89.6468 29.4301 2
    endloop
  endfacet
  facet normal 0.291261 0.64455 0.706911
    outer loop
      vertex 89.6468 29.4301 2
      vertex 89.8 29.8 1.59961
      vertex 89.6229 29.4409 2
    endloop
  endfacet
  facet normal 0.334531 0.6232 0.706902
    outer loop
      vertex 89.6229 29.4409 2
      vertex 89.8 29.8 1.59961
      vertex 89.5998 29.4533 2
    endloop
  endfacet
  facet normal 0.373423 0.600723 0.706886
    outer loop
      vertex 89.5998 29.4533 2
      vertex 89.8 29.8 1.59961
      vertex 89.5776 29.4671 2
    endloop
  endfacet
  facet normal 0.410857 0.575741 0.706908
    outer loop
      vertex 89.5776 29.4671 2
      vertex 89.8 29.8 1.59961
      vertex 89.5563 29.4823 2
    endloop
  endfacet
  facet normal 0.449353 0.546219 0.706914
    outer loop
      vertex 89.5563 29.4823 2
      vertex 89.8 29.8 1.59961
      vertex 89.536 29.499 2
    endloop
  endfacet
  facet normal 0.483672 0.516097 0.706898
    outer loop
      vertex 89.536 29.499 2
      vertex 89.8 29.8 1.59961
      vertex 89.5169 29.5169 2
    endloop
  endfacet
  facet normal 0.516097 0.483672 0.706898
    outer loop
      vertex 89.5169 29.5169 2
      vertex 89.8 29.8 1.59961
      vertex 89.499 29.536 2
    endloop
  endfacet
  facet normal 0.546219 0.449353 0.706914
    outer loop
      vertex 89.499 29.536 2
      vertex 89.8 29.8 1.59961
      vertex 89.4823 29.5563 2
    endloop
  endfacet
  facet normal 0.575741 0.410857 0.706908
    outer loop
      vertex 89.4823 29.5563 2
      vertex 89.8 29.8 1.59961
      vertex 89.4671 29.5776 2
    endloop
  endfacet
  facet normal 0.599479 0.375349 0.706921
    outer loop
      vertex 89.4671 29.5776 2
      vertex 89.8 29.8 1.59961
      vertex 89.4532 29.5998 2
    endloop
  endfacet
  facet normal 0.624288 0.332413 0.706941
    outer loop
      vertex 89.4532 29.5998 2
      vertex 89.8 29.8 1.59961
      vertex 89.4409 29.6229 2
    endloop
  endfacet
  facet normal 0.64455 0.291261 0.706911
    outer loop
      vertex 89.4409 29.6229 2
      vertex 89.8 29.8 1.59961
      vertex 89.4301 29.6468 2
    endloop
  endfacet
  facet normal 0.662175 0.248654 0.706891
    outer loop
      vertex 89.4301 29.6468 2
      vertex 89.8 29.8 1.59961
      vertex 89.4209 29.6713 2
    endloop
  endfacet
  facet normal 0.676984 0.204983 0.706876
    outer loop
      vertex 89.4209 29.6713 2
      vertex 89.8 29.8 1.59961
      vertex 89.4133 29.6964 2
    endloop
  endfacet
  facet normal 0.688517 0.162004 0.706894
    outer loop
      vertex 89.4133 29.6964 2
      vertex 89.8 29.8 1.59961
      vertex 89.4073 29.7219 2
    endloop
  endfacet
  facet normal 0.697654 0.116276 0.706936
    outer loop
      vertex 89.4073 29.7219 2
      vertex 89.8 29.8 1.59961
      vertex 89.403 29.7477 2
    endloop
  endfacet
  facet normal 0.704072 0.0674398 0.706919
    outer loop
      vertex 89.403 29.7477 2
      vertex 89.8 29.8 1.59961
      vertex 89.4005 29.7738 2
    endloop
  endfacet
  facet normal 0.706889 0.0242825 0.706907
    outer loop
      vertex 89.4005 29.7738 2
      vertex 89.8 29.8 1.59961
      vertex 89.3996 29.8 2
    endloop
  endfacet
  facet normal 0.707098 0 0.707116
    outer loop
      vertex 89.8 29.8 1.59961
      vertex 89.3996 44.3996 2
      vertex 89.3996 29.8 2
    endloop
  endfacet
  facet normal 0.707098 0 0.707116
    outer loop
      vertex 89.3996 44.3996 2
      vertex 89.8 29.8 1.59961
      vertex 89.8 44.8 1.59961
    endloop
  endfacet
  facet normal 0 0.707098 0.707116
    outer loop
      vertex 89.8 44.8 1.59961
      vertex 75.6004 44.3996 2
      vertex 89.3996 44.3996 2
    endloop
  endfacet
  facet normal 0 0.707098 0.707116
    outer loop
      vertex 75.6004 44.3996 2
      vertex 89.8 44.8 1.59961
      vertex 75.2 44.8 1.59961
    endloop
  endfacet
  facet normal -0.707098 0 0.707116
    outer loop
      vertex 75.2 44.8 1.59961
      vertex 75.6004 0.60039 2
      vertex 75.6004 44.3996 2
    endloop
  endfacet
  facet normal -0.707098 0 0.707116
    outer loop
      vertex 75.6004 0.60039 2
      vertex 75.2 44.8 1.59961
      vertex 75.2 0.2 1.59961
    endloop
  endfacet
  facet normal 0 0 1
    outer loop
      vertex 89.3996 44.3996 2
      vertex 75.6004 44.3996 2
      vertex 89.3996 29.8 2
    endloop
  endfacet
  facet normal -0 0 1
    outer loop
      vertex 89.8 29.3996 2
      vertex 104.4 0.60039 2
      vertex 104.4 29.3996 2
    endloop
  endfacet
  facet normal 0 0 1
    outer loop
      vertex 75.6004 0.60039 2
      vertex 89.8 29.3996 2
      vertex 89.7738 29.4005 2
    endloop
  endfacet
  facet normal 0 0 1
    outer loop
      vertex 75.6004 0.60039 2
      vertex 89.7738 29.4005 2
      vertex 89.7477 29.403 2
    endloop
  endfacet
  facet normal 0 0 1
    outer loop
      vertex 75.6004 0.60039 2
      vertex 89.7477 29.403 2
      vertex 89.7219 29.4073 2
    endloop
  endfacet
  facet normal 0 0 1
    outer loop
      vertex 75.6004 0.60039 2
      vertex 89.7219 29.4073 2
      vertex 89.6964 29.4133 2
    endloop
  endfacet
  facet normal 0 0 1
    outer loop
      vertex 75.6004 0.60039 2
      vertex 89.6964 29.4133 2
      vertex 89.6713 29.4209 2
    endloop
  endfacet
  facet normal 0 0 1
    outer loop
      vertex 75.6004 0.60039 2
      vertex 89.6713 29.4209 2
      vertex 89.6468 29.4301 2
    endloop
  endfacet
  facet normal 0 0 1
    outer loop
      vertex 75.6004 0.60039 2
      vertex 89.6468 29.4301 2
      vertex 89.6229 29.4409 2
    endloop
  endfacet
  facet normal 0 0 1
    outer loop
      vertex 75.6004 0.60039 2
      vertex 89.6229 29.4409 2
      vertex 89.5998 29.4533 2
    endloop
  endfacet
  facet normal 0 0 1
    outer loop
      vertex 75.6004 0.60039 2
      vertex 89.5998 29.4533 2
      vertex 89.5776 29.4671 2
    endloop
  endfacet
  facet normal 0 0 1
    outer loop
      vertex 75.6004 0.60039 2
      vertex 89.5776 29.4671 2
      vertex 89.5563 29.4823 2
    endloop
  endfacet
  facet normal 0 0 1
    outer loop
      vertex 75.6004 0.60039 2
      vertex 89.5563 29.4823 2
      vertex 89.536 29.499 2
    endloop
  endfacet
  facet normal 0 0 1
    outer loop
      vertex 75.6004 0.60039 2
      vertex 89.536 29.499 2
      vertex 89.5169 29.5169 2
    endloop
  endfacet
  facet normal 0 0 1
    outer loop
      vertex 75.6004 0.60039 2
      vertex 89.5169 29.5169 2
      vertex 89.499 29.536 2
    endloop
  endfacet
  facet normal 0 0 1
    outer loop
      vertex 75.6004 0.60039 2
      vertex 89.499 29.536 2
      vertex 89.4823 29.5563 2
    endloop
  endfacet
  facet normal 0 0 1
    outer loop
      vertex 75.6004 0.60039 2
      vertex 89.4823 29.5563 2
      vertex 89.4671 29.5776 2
    endloop
  endfacet
  facet normal 0 0 1
    outer loop
      vertex 75.6004 0.60039 2
      vertex 89.4671 29.5776 2
      vertex 89.4532 29.5998 2
    endloop
  endfacet
  facet normal 0 0 1
    outer loop
      vertex 75.6004 0.60039 2
      vertex 89.4532 29.5998 2
      vertex 89.4409 29.6229 2
    endloop
  endfacet
  facet normal 0 0 1
    outer loop
      vertex 75.6004 44.3996 2
      vertex 89.4005 29.7738 2
      vertex 89.3996 29.8 2
    endloop
  endfacet
  facet normal 0 0 1
    outer loop
      vertex 75.6004 44.3996 2
      vertex 89.403 29.7477 2
      vertex 89.4005 29.7738 2
    endloop
  endfacet
  facet normal 0 0 1
    outer loop
      vertex 75.6004 44.3996 2
      vertex 89.4073 29.7219 2
      vertex 89.403 29.7477 2
    endloop
  endfacet
  facet normal 0 0 1
    outer loop
      vertex 75.6004 44.3996 2
      vertex 89.4133 29.6964 2
      vertex 89.4073 29.7219 2
    endloop
  endfacet
  facet normal 0 0 1
    outer loop
      vertex 75.6004 44.3996 2
      vertex 89.4209 29.6713 2
      vertex 89.4133 29.6964 2
    endloop
  endfacet
  facet normal 0 0 1
    outer loop
      vertex 75.6004 0.60039 2
      vertex 89.4209 29.6713 2
      vertex 75.6004 44.3996 2
    endloop
  endfacet
  facet normal 0 0 1
    outer loop
      vertex 89.4209 29.6713 2
      vertex 75.6004 0.60039 2
      vertex 89.4301 29.6468 2
    endloop
  endfacet
  facet normal 0 0 1
    outer loop
      vertex 89.4301 29.6468 2
      vertex 75.6004 0.60039 2
      vertex 89.4409 29.6229 2
    endloop
  endfacet
  facet normal 0 0 1
    outer loop
      vertex 89.8 29.3996 2
      vertex 75.6004 0.60039 2
      vertex 104.4 0.60039 2
    endloop
  endfacet
  facet normal 0 -1 0
    outer loop
      vertex 75.2 0.2 0.400391
      vertex 104.8 0.2 1.59961
      vertex 75.2 0.2 1.59961
    endloop
  endfacet
  facet normal 0 -1 -0
    outer loop
      vertex 104.8 0.2 1.59961
      vertex 75.2 0.2 0.400391
      vertex 104.8 0.2 0.400391
    endloop
  endfacet
  facet normal 1 -0 0
    outer loop
      vertex 104.8 0.2 1.59961
      vertex 104.8 29.8 0.400391
      vertex 104.8 29.8 1.59961
    endloop
  endfacet
  facet normal 1 0 0
    outer loop
      vertex 104.8 29.8 0.400391
      vertex 104.8 0.2 1.59961
      vertex 104.8 0.2 0.400391
    endloop
  endfacet
  facet normal 0 1 -0
    outer loop
      vertex 104.8 29.8 0.400391
      vertex 89.8 29.8 1.59961
      vertex 104.8 29.8 1.59961
    endloop
  endfacet
  facet normal 0 1 0
    outer loop
      vertex 89.8 29.8 1.59961
      vertex 104.8 29.8 0.400391
      vertex 89.8 29.8 0.400391
    endloop
  endfacet
  facet normal 1 -0 0
    outer loop
      vertex 89.8 29.8 1.59961
      vertex 89.8 44.8 0.400391
      vertex 89.8 44.8 1.59961
    endloop
  endfacet
  facet normal 1 0 0
    outer loop
      vertex 89.8 44.8 0.400391
      vertex 89.8 29.8 1.59961
      vertex 89.8 29.8 0.400391
    endloop
  endfacet
  facet normal 0 1 -0
    outer loop
      vertex 89.8 44.8 0.400391
      vertex 75.2 44.8 1.59961
      vertex 89.8 44.8 1.59961
    endloop
  endfacet
  facet normal 0 1 0
    outer loop
      vertex 75.2 44.8 1.59961
      vertex 89.8 44.8 0.400391
      vertex 75.2 44.8 0.400391
    endloop
  endfacet
  facet normal -1 0 0
    outer loop
      vertex 75.2 0.2 0.400391
      vertex 75.2 44.8 1.59961
      vertex 75.2 44.8 0.400391
    endloop
  endfacet
  facet normal -1 -0 0
    outer loop
      vertex 75.2 44.8 1.59961
      vertex 75.2 0.2 0.400391
      vertex 75.2 0.2 1.59961
    endloop
  endfacet
  facet normal 0 -0.707108 -0.707106
    outer loop
      vertex 105.6 0.60039 0
      vertex 149.8 0.2 0.400391
      vertex 105.2 0.2 0.400391
    endloop
  endfacet
  facet normal 0 -0.707108 -0.707106
    outer loop
      vertex 149.8 0.2 0.400391
      vertex 105.6 0.60039 0
      vertex 149.4 0.60039 0
    endloop
  endfacet
  facet normal 0.707452 0 -0.706761
    outer loop
      vertex 149.8 14.8 0.400391
      vertex 149.4 0.60039 0
      vertex 149.4 14.3996 0
    endloop
  endfacet
  facet normal 0.707452 0 -0.706761
    outer loop
      vertex 149.4 0.60039 0
      vertex 149.8 14.8 0.400391
      vertex 149.8 0.2 0.400391
    endloop
  endfacet
  facet normal 0 0.707099 -0.707115
    outer loop
      vertex 149.4 14.3996 0
      vertex 134.8 14.8 0.400391
      vertex 149.8 14.8 0.400391
    endloop
  endfacet
  facet normal 0 0.707099 -0.707115
    outer loop
      vertex 134.8 14.8 0.400391
      vertex 149.4 14.3996 0
      vertex 134.8 14.3996 0
    endloop
  endfacet
  facet normal 0.0244692 0.706887 -0.706903
    outer loop
      vertex 134.8 14.8 0.400391
      vertex 134.8 14.3996 0
      vertex 134.774 14.4005 0
    endloop
  endfacet
  facet normal 0.0676989 0.704068 -0.706898
    outer loop
      vertex 134.8 14.8 0.400391
      vertex 134.774 14.4005 0
      vertex 134.748 14.403 0
    endloop
  endfacet
  facet normal 0.11541 0.697828 -0.706906
    outer loop
      vertex 134.8 14.8 0.400391
      vertex 134.748 14.403 0
      vertex 134.722 14.4073 0
    endloop
  endfacet
  facet normal 0.159041 0.689178 -0.706923
    outer loop
      vertex 134.8 14.8 0.400391
      vertex 134.722 14.4073 0
      vertex 134.696 14.4133 0
    endloop
  endfacet
  facet normal 0.205708 0.676672 -0.706965
    outer loop
      vertex 134.8 14.8 0.400391
      vertex 134.696 14.4133 0
      vertex 134.671 14.4209 0
    endloop
  endfacet
  facet normal 0.253173 0.660451 -0.7069
    outer loop
      vertex 134.8 14.8 0.400391
      vertex 134.671 14.4209 0
      vertex 134.647 14.4301 0
    endloop
  endfacet
  facet normal 0.290275 0.645056 -0.706855
    outer loop
      vertex 134.8 14.8 0.400391
      vertex 134.647 14.4301 0
      vertex 134.623 14.4409 0
    endloop
  endfacet
  facet normal 0.33569 0.622651 -0.706837
    outer loop
      vertex 134.8 14.8 0.400391
      vertex 134.623 14.4409 0
      vertex 134.6 14.4533 0
    endloop
  endfacet
  facet normal 0.375939 0.599322 -0.706741
    outer loop
      vertex 134.8 14.8 0.400391
      vertex 134.6 14.4533 0
      vertex 134.578 14.4671 0
    endloop
  endfacet
  facet normal 0.402099 0.581985 -0.706831
    outer loop
      vertex 134.8 14.8 0.400391
      vertex 134.578 14.4671 0
      vertex 134.556 14.4823 0
    endloop
  endfacet
  facet normal 0.45329 0.542863 -0.706985
    outer loop
      vertex 134.8 14.8 0.400391
      vertex 134.556 14.4823 0
      vertex 134.536 14.499 0
    endloop
  endfacet
  facet normal 0.485045 0.514852 -0.706865
    outer loop
      vertex 134.8 14.8 0.400391
      vertex 134.536 14.499 0
      vertex 134.517 14.5169 0
    endloop
  endfacet
  facet normal 0.514776 0.485129 -0.706863
    outer loop
      vertex 134.8 14.8 0.400391
      vertex 134.517 14.5169 0
      vertex 134.499 14.536 0
    endloop
  endfacet
  facet normal 0.542203 0.454061 -0.706997
    outer loop
      vertex 134.8 14.8 0.400391
      vertex 134.499 14.536 0
      vertex 134.482 14.5563 0
    endloop
  endfacet
  facet normal 0.578189 0.407175 -0.70704
    outer loop
      vertex 134.8 14.8 0.400391
      vertex 134.482 14.5563 0
      vertex 134.467 14.5776 0
    endloop
  endfacet
  facet normal 0.598174 0.377227 -0.707027
    outer loop
      vertex 134.8 14.8 0.400391
      vertex 134.467 14.5776 0
      vertex 134.453 14.5998 0
    endloop
  endfacet
  facet normal 0.627625 0.326039 -0.706956
    outer loop
      vertex 134.8 14.8 0.400391
      vertex 134.453 14.5998 0
      vertex 134.441 14.6229 0
    endloop
  endfacet
  facet normal 0.642523 0.295722 -0.706904
    outer loop
      vertex 134.8 14.8 0.400391
      vertex 134.441 14.6229 0
      vertex 134.43 14.6468 0
    endloop
  endfacet
  facet normal 0.663953 0.243901 -0.70688
    outer loop
      vertex 134.8 14.8 0.400391
      vertex 134.43 14.6468 0
      vertex 134.421 14.6713 0
    endloop
  endfacet
  facet normal 0.673888 0.214785 -0.706925
    outer loop
      vertex 134.8 14.8 0.400391
      vertex 134.421 14.6713 0
      vertex 134.413 14.6964 0
    endloop
  endfacet
  facet normal 0.688267 0.161945 -0.707151
    outer loop
      vertex 134.8 14.8 0.400391
      vertex 134.413 14.6964 0
      vertex 134.407 14.7219 0
    endloop
  endfacet
  facet normal 0.698816 0.108343 -0.707049
    outer loop
      vertex 134.8 14.8 0.400391
      vertex 134.407 14.7219 0
      vertex 134.403 14.7477 0
    endloop
  endfacet
  facet normal 0.702495 0.0807466 -0.707093
    outer loop
      vertex 134.8 14.8 0.400391
      vertex 134.403 14.7477 0
      vertex 134.4 14.7738 0
    endloop
  endfacet
  facet normal 0.707452 0 -0.706761
    outer loop
      vertex 134.8 14.8 0.400391
      vertex 134.4 14.7738 0
      vertex 134.4 14.8 0
    endloop
  endfacet
  facet normal 0.707452 0 -0.706761
    outer loop
      vertex 134.8 14.8 0.400391
      vertex 134.4 29.3996 0
      vertex 134.8 29.8 0.400391
    endloop
  endfacet
  facet normal 0.707452 0 -0.706761
    outer loop
      vertex 134.4 29.3996 0
      vertex 134.8 14.8 0.400391
      vertex 134.4 14.8 0
    endloop
  endfacet
  facet normal 0 0.707099 -0.707115
    outer loop
      vertex 134.4 29.3996 0
      vertex 120.2 29.8 0.400391
      vertex 134.8 29.8 0.400391
    endloop
  endfacet
  facet normal 0 0.707099 -0.707115
    outer loop
      vertex 120.2 29.8 0.400391
      vertex 134.4 29.3996 0
      vertex 120.6 29.3996 0
    endloop
  endfacet
  facet normal -0.707452 0 -0.706761
    outer loop
      vertex 120.2 14.8 0.400391
      vertex 120.6 29.3996 0
      vertex 120.6 14.8 0
    endloop
  endfacet
  facet normal -0.707452 0 -0.706761
    outer loop
      vertex 120.6 29.3996 0
      vertex 120.2 14.8 0.400391
      vertex 120.2 29.8 0.400391
    endloop
  endfacet
  facet normal -0.707452 -0 -0.706761
    outer loop
      vertex 120.6 14.8 0
      vertex 120.6 14.7738 0
      vertex 120.2 14.8 0.400391
    endloop
  endfacet
  facet normal -0.702495 0.0807466 -0.707093
    outer loop
      vertex 120.6 14.7738 0
      vertex 120.597 14.7477 0
      vertex 120.2 14.8 0.400391
    endloop
  endfacet
  facet normal -0.698816 0.108343 -0.707049
    outer loop
      vertex 120.597 14.7477 0
      vertex 120.593 14.7219 0
      vertex 120.2 14.8 0.400391
    endloop
  endfacet
  facet normal -0.688267 0.161945 -0.707151
    outer loop
      vertex 120.593 14.7219 0
      vertex 120.587 14.6964 0
      vertex 120.2 14.8 0.400391
    endloop
  endfacet
  facet normal -0.673888 0.214785 -0.706925
    outer loop
      vertex 120.587 14.6964 0
      vertex 120.579 14.6713 0
      vertex 120.2 14.8 0.400391
    endloop
  endfacet
  facet normal -0.663953 0.243901 -0.70688
    outer loop
      vertex 120.579 14.6713 0
      vertex 120.57 14.6468 0
      vertex 120.2 14.8 0.400391
    endloop
  endfacet
  facet normal -0.642523 0.295722 -0.706904
    outer loop
      vertex 120.57 14.6468 0
      vertex 120.559 14.6229 0
      vertex 120.2 14.8 0.400391
    endloop
  endfacet
  facet normal -0.627625 0.326039 -0.706956
    outer loop
      vertex 120.559 14.6229 0
      vertex 120.547 14.5998 0
      vertex 120.2 14.8 0.400391
    endloop
  endfacet
  facet normal -0.598174 0.377227 -0.707027
    outer loop
      vertex 120.547 14.5998 0
      vertex 120.533 14.5776 0
      vertex 120.2 14.8 0.400391
    endloop
  endfacet
  facet normal -0.578189 0.407175 -0.70704
    outer loop
      vertex 120.533 14.5776 0
      vertex 120.518 14.5563 0
      vertex 120.2 14.8 0.400391
    endloop
  endfacet
  facet normal -0.542203 0.454061 -0.706997
    outer loop
      vertex 120.518 14.5563 0
      vertex 120.501 14.536 0
      vertex 120.2 14.8 0.400391
    endloop
  endfacet
  facet normal -0.514776 0.485129 -0.706863
    outer loop
      vertex 120.501 14.536 0
      vertex 120.483 14.5169 0
      vertex 120.2 14.8 0.400391
    endloop
  endfacet
  facet normal -0.485045 0.514852 -0.706865
    outer loop
      vertex 120.483 14.5169 0
      vertex 120.464 14.499 0
      vertex 120.2 14.8 0.400391
    endloop
  endfacet
  facet normal -0.45329 0.542863 -0.706985
    outer loop
      vertex 120.464 14.499 0
      vertex 120.444 14.4823 0
      vertex 120.2 14.8 0.400391
    endloop
  endfacet
  facet normal -0.402099 0.581985 -0.706831
    outer loop
      vertex 120.444 14.4823 0
      vertex 120.422 14.4671 0
      vertex 120.2 14.8 0.400391
    endloop
  endfacet
  facet normal -0.375939 0.599322 -0.706741
    outer loop
      vertex 120.422 14.4671 0
      vertex 120.4 14.4533 0
      vertex 120.2 14.8 0.400391
    endloop
  endfacet
  facet normal -0.33569 0.622651 -0.706837
    outer loop
      vertex 120.4 14.4533 0
      vertex 120.377 14.4409 0
      vertex 120.2 14.8 0.400391
    endloop
  endfacet
  facet normal -0.290275 0.645056 -0.706855
    outer loop
      vertex 120.377 14.4409 0
      vertex 120.353 14.4301 0
      vertex 120.2 14.8 0.400391
    endloop
  endfacet
  facet normal -0.253173 0.660451 -0.7069
    outer loop
      vertex 120.353 14.4301 0
      vertex 120.329 14.4209 0
      vertex 120.2 14.8 0.400391
    endloop
  endfacet
  facet normal -0.205708 0.676672 -0.706965
    outer loop
      vertex 120.329 14.4209 0
      vertex 120.304 14.4133 0
      vertex 120.2 14.8 0.400391
    endloop
  endfacet
  facet normal -0.159041 0.689178 -0.706923
    outer loop
      vertex 120.304 14.4133 0
      vertex 120.278 14.4073 0
      vertex 120.2 14.8 0.400391
    endloop
  endfacet
  facet normal -0.11541 0.697828 -0.706906
    outer loop
      vertex 120.278 14.4073 0
      vertex 120.252 14.403 0
      vertex 120.2 14.8 0.400391
    endloop
  endfacet
  facet normal -0.0676989 0.704068 -0.706898
    outer loop
      vertex 120.252 14.403 0
      vertex 120.226 14.4005 0
      vertex 120.2 14.8 0.400391
    endloop
  endfacet
  facet normal -0.0244692 0.706887 -0.706903
    outer loop
      vertex 120.2 14.8 0.400391
      vertex 120.226 14.4005 0
      vertex 120.2 14.3996 0
    endloop
  endfacet
  facet normal 0 0.707099 -0.707115
    outer loop
      vertex 105.6 14.3996 0
      vertex 120.2 14.8 0.400391
      vertex 120.2 14.3996 0
    endloop
  endfacet
  facet normal 0 0.707099 -0.707115
    outer loop
      vertex 120.2 14.8 0.400391
      vertex 105.6 14.3996 0
      vertex 105.2 14.8 0.400391
    endloop
  endfacet
  facet normal -0.707452 0 -0.706761
    outer loop
      vertex 105.6 0.60039 0
      vertex 105.2 14.8 0.400391
      vertex 105.6 14.3996 0
    endloop
  endfacet
  facet normal -0.707452 -0 -0.706761
    outer loop
      vertex 105.2 14.8 0.400391
      vertex 105.6 0.60039 0
      vertex 105.2 0.2 0.400391
    endloop
  endfacet
  facet normal 0 0 -1
    outer loop
      vertex 149.4 0.60039 0
      vertex 134.8 14.3996 0
      vertex 149.4 14.3996 0
    endloop
  endfacet
  facet normal 0 0 -1
    outer loop
      vertex 149.4 0.60039 0
      vertex 134.774 14.4005 0
      vertex 134.8 14.3996 0
    endloop
  endfacet
  facet normal 0 0 -1
    outer loop
      vertex 149.4 0.60039 0
      vertex 134.748 14.403 0
      vertex 134.774 14.4005 0
    endloop
  endfacet
  facet normal 0 0 -1
    outer loop
      vertex 149.4 0.60039 0
      vertex 134.722 14.4073 0
      vertex 134.748 14.403 0
    endloop
  endfacet
  facet normal 0 0 -1
    outer loop
      vertex 149.4 0.60039 0
      vertex 134.696 14.4133 0
      vertex 134.722 14.4073 0
    endloop
  endfacet
  facet normal 0 0 -1
    outer loop
      vertex 149.4 0.60039 0
      vertex 134.671 14.4209 0
      vertex 134.696 14.4133 0
    endloop
  endfacet
  facet normal 0 0 -1
    outer loop
      vertex 120.329 14.4209 0
      vertex 134.671 14.4209 0
      vertex 149.4 0.60039 0
    endloop
  endfacet
  facet normal 0 0 -1
    outer loop
      vertex 134.671 14.4209 0
      vertex 120.329 14.4209 0
      vertex 134.647 14.4301 0
    endloop
  endfacet
  facet normal 0 -0 -1
    outer loop
      vertex 120.353 14.4301 0
      vertex 134.647 14.4301 0
      vertex 120.329 14.4209 0
    endloop
  endfacet
  facet normal 0 0 -1
    outer loop
      vertex 134.647 14.4301 0
      vertex 120.353 14.4301 0
      vertex 134.623 14.4409 0
    endloop
  endfacet
  facet normal 0 -0 -1
    outer loop
      vertex 120.377 14.4409 0
      vertex 134.623 14.4409 0
      vertex 120.353 14.4301 0
    endloop
  endfacet
  facet normal 0 0 -1
    outer loop
      vertex 134.623 14.4409 0
      vertex 120.377 14.4409 0
      vertex 134.6 14.4533 0
    endloop
  endfacet
  facet normal 0 0 -1
    outer loop
      vertex 134.4 14.8 0
      vertex 120.6 14.8 0
      vertex 134.4 29.3996 0
    endloop
  endfacet
  facet normal 0 0 -1
    outer loop
      vertex 134.4 14.7738 0
      vertex 120.6 14.8 0
      vertex 134.4 14.8 0
    endloop
  endfacet
  facet normal 0 0 -1
    outer loop
      vertex 120.6 14.7738 0
      vertex 134.4 14.7738 0
      vertex 134.403 14.7477 0
    endloop
  endfacet
  facet normal 0 0 -1
    outer loop
      vertex 120.597 14.7477 0
      vertex 134.403 14.7477 0
      vertex 134.407 14.7219 0
    endloop
  endfacet
  facet normal 0 0 -1
    outer loop
      vertex 120.593 14.7219 0
      vertex 134.407 14.7219 0
      vertex 134.413 14.6964 0
    endloop
  endfacet
  facet normal 0 0 -1
    outer loop
      vertex 120.587 14.6964 0
      vertex 134.413 14.6964 0
      vertex 134.421 14.6713 0
    endloop
  endfacet
  facet normal 0 0 -1
    outer loop
      vertex 120.579 14.6713 0
      vertex 134.421 14.6713 0
      vertex 134.43 14.6468 0
    endloop
  endfacet
  facet normal 0 0 -1
    outer loop
      vertex 120.57 14.6468 0
      vertex 134.43 14.6468 0
      vertex 134.441 14.6229 0
    endloop
  endfacet
  facet normal 0 0 -1
    outer loop
      vertex 120.559 14.6229 0
      vertex 134.441 14.6229 0
      vertex 134.453 14.5998 0
    endloop
  endfacet
  facet normal 0 0 -1
    outer loop
      vertex 120.547 14.5998 0
      vertex 134.453 14.5998 0
      vertex 134.467 14.5776 0
    endloop
  endfacet
  facet normal 0 0 -1
    outer loop
      vertex 120.533 14.5776 0
      vertex 134.467 14.5776 0
      vertex 134.482 14.5563 0
    endloop
  endfacet
  facet normal 0 0 -1
    outer loop
      vertex 120.518 14.5563 0
      vertex 134.482 14.5563 0
      vertex 134.499 14.536 0
    endloop
  endfacet
  facet normal 0 0 -1
    outer loop
      vertex 120.501 14.536 0
      vertex 134.499 14.536 0
      vertex 134.517 14.5169 0
    endloop
  endfacet
  facet normal 0 0 -1
    outer loop
      vertex 120.483 14.5169 0
      vertex 134.517 14.5169 0
      vertex 134.536 14.499 0
    endloop
  endfacet
  facet normal 0 -0 -1
    outer loop
      vertex 120.4 14.4533 0
      vertex 134.6 14.4533 0
      vertex 120.377 14.4409 0
    endloop
  endfacet
  facet normal 0 0 -1
    outer loop
      vertex 134.4 14.7738 0
      vertex 120.6 14.7738 0
      vertex 120.6 14.8 0
    endloop
  endfacet
  facet normal 0 0 -1
    outer loop
      vertex 134.403 14.7477 0
      vertex 120.597 14.7477 0
      vertex 120.6 14.7738 0
    endloop
  endfacet
  facet normal 0 0 -1
    outer loop
      vertex 134.407 14.7219 0
      vertex 120.593 14.7219 0
      vertex 120.597 14.7477 0
    endloop
  endfacet
  facet normal 0 0 -1
    outer loop
      vertex 134.413 14.6964 0
      vertex 120.587 14.6964 0
      vertex 120.593 14.7219 0
    endloop
  endfacet
  facet normal 0 0 -1
    outer loop
      vertex 134.421 14.6713 0
      vertex 120.579 14.6713 0
      vertex 120.587 14.6964 0
    endloop
  endfacet
  facet normal 0 0 -1
    outer loop
      vertex 134.43 14.6468 0
      vertex 120.57 14.6468 0
      vertex 120.579 14.6713 0
    endloop
  endfacet
  facet normal 0 0 -1
    outer loop
      vertex 134.441 14.6229 0
      vertex 120.559 14.6229 0
      vertex 120.57 14.6468 0
    endloop
  endfacet
  facet normal 0 0 -1
    outer loop
      vertex 134.453 14.5998 0
      vertex 120.547 14.5998 0
      vertex 120.559 14.6229 0
    endloop
  endfacet
  facet normal 0 0 -1
    outer loop
      vertex 134.467 14.5776 0
      vertex 120.533 14.5776 0
      vertex 120.547 14.5998 0
    endloop
  endfacet
  facet normal 0 0 -1
    outer loop
      vertex 134.482 14.5563 0
      vertex 120.518 14.5563 0
      vertex 120.533 14.5776 0
    endloop
  endfacet
  facet normal 0 0 -1
    outer loop
      vertex 134.499 14.536 0
      vertex 120.501 14.536 0
      vertex 120.518 14.5563 0
    endloop
  endfacet
  facet normal 0 0 -1
    outer loop
      vertex 134.517 14.5169 0
      vertex 120.483 14.5169 0
      vertex 120.501 14.536 0
    endloop
  endfacet
  facet normal 0 0 -1
    outer loop
      vertex 134.536 14.499 0
      vertex 120.464 14.499 0
      vertex 120.483 14.5169 0
    endloop
  endfacet
  facet normal -0 0 -1
    outer loop
      vertex 134.536 14.499 0
      vertex 120.444 14.4823 0
      vertex 120.464 14.499 0
    endloop
  endfacet
  facet normal 0 0 -1
    outer loop
      vertex 134.556 14.4823 0
      vertex 120.444 14.4823 0
      vertex 134.536 14.499 0
    endloop
  endfacet
  facet normal 0 -0 -1
    outer loop
      vertex 120.444 14.4823 0
      vertex 134.556 14.4823 0
      vertex 120.422 14.4671 0
    endloop
  endfacet
  facet normal 0 0 -1
    outer loop
      vertex 134.578 14.4671 0
      vertex 120.422 14.4671 0
      vertex 134.556 14.4823 0
    endloop
  endfacet
  facet normal 0 -0 -1
    outer loop
      vertex 120.422 14.4671 0
      vertex 134.578 14.4671 0
      vertex 120.4 14.4533 0
    endloop
  endfacet
  facet normal 0 0 -1
    outer loop
      vertex 134.6 14.4533 0
      vertex 120.4 14.4533 0
      vertex 134.578 14.4671 0
    endloop
  endfacet
  facet normal 0 0 -1
    outer loop
      vertex 105.6 0.60039 0
      vertex 120.329 14.4209 0
      vertex 149.4 0.60039 0
    endloop
  endfacet
  facet normal 0 0 -1
    outer loop
      vertex 120.329 14.4209 0
      vertex 105.6 0.60039 0
      vertex 120.304 14.4133 0
    endloop
  endfacet
  facet normal 0 0 -1
    outer loop
      vertex 120.304 14.4133 0
      vertex 105.6 0.60039 0
      vertex 120.278 14.4073 0
    endloop
  endfacet
  facet normal 0 0 -1
    outer loop
      vertex 120.278 14.4073 0
      vertex 105.6 0.60039 0
      vertex 120.252 14.403 0
    endloop
  endfacet
  facet normal 0 0 -1
    outer loop
      vertex 120.252 14.403 0
      vertex 105.6 0.60039 0
      vertex 120.226 14.4005 0
    endloop
  endfacet
  facet normal 0 0 -1
    outer loop
      vertex 120.226 14.4005 0
      vertex 105.6 0.60039 0
      vertex 120.2 14.3996 0
    endloop
  endfacet
  facet normal -0 0 -1
    outer loop
      vertex 120.2 14.3996 0
      vertex 105.6 0.60039 0
      vertex 105.6 14.3996 0
    endloop
  endfacet
  facet normal -0 0 -1
    outer loop
      vertex 134.4 29.3996 0
      vertex 120.6 14.8 0
      vertex 120.6 29.3996 0
    endloop
  endfacet
  facet normal 0 -0.707107 0.707107
    outer loop
      vertex 105.2 0.2 1.59961
      vertex 149.4 0.60039 2
      vertex 105.6 0.60039 2
    endloop
  endfacet
  facet normal 0 -0.707107 0.707107
    outer loop
      vertex 149.4 0.60039 2
      vertex 105.2 0.2 1.59961
      vertex 149.8 0.2 1.59961
    endloop
  endfacet
  facet normal 0.707451 -0 0.706762
    outer loop
      vertex 149.4 0.60039 2
      vertex 149.8 14.8 1.59961
      vertex 149.4 14.3996 2
    endloop
  endfacet
  facet normal 0.707451 0 0.706762
    outer loop
      vertex 149.8 14.8 1.59961
      vertex 149.4 0.60039 2
      vertex 149.8 0.2 1.59961
    endloop
  endfacet
  facet normal -0 0.707098 0.707116
    outer loop
      vertex 134.8 14.8 1.59961
      vertex 149.4 14.3996 2
      vertex 149.8 14.8 1.59961
    endloop
  endfacet
  facet normal 0 0.707098 0.707116
    outer loop
      vertex 149.4 14.3996 2
      vertex 134.8 14.8 1.59961
      vertex 134.8 14.3996 2
    endloop
  endfacet
  facet normal 0.0244691 0.706886 0.706904
    outer loop
      vertex 134.8 14.3996 2
      vertex 134.8 14.8 1.59961
      vertex 134.774 14.4005 2
    endloop
  endfacet
  facet normal 0.0676988 0.704068 0.706899
    outer loop
      vertex 134.774 14.4005 2
      vertex 134.8 14.8 1.59961
      vertex 134.748 14.403 2
    endloop
  endfacet
  facet normal 0.11541 0.697827 0.706907
    outer loop
      vertex 134.748 14.403 2
      vertex 134.8 14.8 1.59961
      vertex 134.722 14.4073 2
    endloop
  endfacet
  facet normal 0.159041 0.689177 0.706923
    outer loop
      vertex 134.722 14.4073 2
      vertex 134.8 14.8 1.59961
      vertex 134.696 14.4133 2
    endloop
  endfacet
  facet normal 0.205708 0.676671 0.706966
    outer loop
      vertex 134.696 14.4133 2
      vertex 134.8 14.8 1.59961
      vertex 134.671 14.4209 2
    endloop
  endfacet
  facet normal 0.253173 0.66045 0.706901
    outer loop
      vertex 134.671 14.4209 2
      vertex 134.8 14.8 1.59961
      vertex 134.647 14.4301 2
    endloop
  endfacet
  facet normal 0.290275 0.645055 0.706855
    outer loop
      vertex 134.647 14.4301 2
      vertex 134.8 14.8 1.59961
      vertex 134.623 14.4409 2
    endloop
  endfacet
  facet normal 0.33569 0.62265 0.706838
    outer loop
      vertex 134.623 14.4409 2
      vertex 134.8 14.8 1.59961
      vertex 134.6 14.4533 2
    endloop
  endfacet
  facet normal 0.375938 0.599322 0.706742
    outer loop
      vertex 134.6 14.4533 2
      vertex 134.8 14.8 1.59961
      vertex 134.578 14.4671 2
    endloop
  endfacet
  facet normal 0.402098 0.581984 0.706832
    outer loop
      vertex 134.578 14.4671 2
      vertex 134.8 14.8 1.59961
      vertex 134.556 14.4823 2
    endloop
  endfacet
  facet normal 0.45329 0.542862 0.706986
    outer loop
      vertex 134.556 14.4823 2
      vertex 134.8 14.8 1.59961
      vertex 134.536 14.499 2
    endloop
  endfacet
  facet normal 0.485044 0.514852 0.706866
    outer loop
      vertex 134.536 14.499 2
      vertex 134.8 14.8 1.59961
      vertex 134.517 14.5169 2
    endloop
  endfacet
  facet normal 0.514775 0.485129 0.706864
    outer loop
      vertex 134.517 14.5169 2
      vertex 134.8 14.8 1.59961
      vertex 134.499 14.536 2
    endloop
  endfacet
  facet normal 0.542202 0.454061 0.706998
    outer loop
      vertex 134.499 14.536 2
      vertex 134.8 14.8 1.59961
      vertex 134.482 14.5563 2
    endloop
  endfacet
  facet normal 0.578188 0.407175 0.707041
    outer loop
      vertex 134.482 14.5563 2
      vertex 134.8 14.8 1.59961
      vertex 134.467 14.5776 2
    endloop
  endfacet
  facet normal 0.598173 0.377227 0.707028
    outer loop
      vertex 134.467 14.5776 2
      vertex 134.8 14.8 1.59961
      vertex 134.453 14.5998 2
    endloop
  endfacet
  facet normal 0.627624 0.326038 0.706956
    outer loop
      vertex 134.453 14.5998 2
      vertex 134.8 14.8 1.59961
      vertex 134.441 14.6229 2
    endloop
  endfacet
  facet normal 0.642522 0.295721 0.706905
    outer loop
      vertex 134.441 14.6229 2
      vertex 134.8 14.8 1.59961
      vertex 134.43 14.6468 2
    endloop
  endfacet
  facet normal 0.663952 0.243901 0.70688
    outer loop
      vertex 134.43 14.6468 2
      vertex 134.8 14.8 1.59961
      vertex 134.421 14.6713 2
    endloop
  endfacet
  facet normal 0.673887 0.214785 0.706926
    outer loop
      vertex 134.421 14.6713 2
      vertex 134.8 14.8 1.59961
      vertex 134.413 14.6964 2
    endloop
  endfacet
  facet normal 0.688266 0.161945 0.707152
    outer loop
      vertex 134.413 14.6964 2
      vertex 134.8 14.8 1.59961
      vertex 134.407 14.7219 2
    endloop
  endfacet
  facet normal 0.698815 0.108343 0.70705
    outer loop
      vertex 134.407 14.7219 2
      vertex 134.8 14.8 1.59961
      vertex 134.403 14.7477 2
    endloop
  endfacet
  facet normal 0.702494 0.0807465 0.707094
    outer loop
      vertex 134.403 14.7477 2
      vertex 134.8 14.8 1.59961
      vertex 134.4 14.7738 2
    endloop
  endfacet
  facet normal 0.707451 -0 0.706762
    outer loop
      vertex 134.4 14.7738 2
      vertex 134.8 14.8 1.59961
      vertex 134.4 14.8 2
    endloop
  endfacet
  facet normal 0.707451 0 0.706762
    outer loop
      vertex 134.8 14.8 1.59961
      vertex 134.4 29.3996 2
      vertex 134.4 14.8 2
    endloop
  endfacet
  facet normal 0.707451 0 0.706762
    outer loop
      vertex 134.4 29.3996 2
      vertex 134.8 14.8 1.59961
      vertex 134.8 29.8 1.59961
    endloop
  endfacet
  facet normal 0 0.707098 0.707116
    outer loop
      vertex 134.8 29.8 1.59961
      vertex 120.6 29.3996 2
      vertex 134.4 29.3996 2
    endloop
  endfacet
  facet normal 0 0.707098 0.707116
    outer loop
      vertex 120.6 29.3996 2
      vertex 134.8 29.8 1.59961
      vertex 120.2 29.8 1.59961
    endloop
  endfacet
  facet normal -0.707451 0 0.706762
    outer loop
      vertex 120.2 14.8 1.59961
      vertex 120.6 29.3996 2
      vertex 120.2 29.8 1.59961
    endloop
  endfacet
  facet normal -0.707451 0 0.706762
    outer loop
      vertex 120.6 29.3996 2
      vertex 120.2 14.8 1.59961
      vertex 120.6 14.8 2
    endloop
  endfacet
  facet normal -0.707451 0 0.706762
    outer loop
      vertex 120.6 14.7738 2
      vertex 120.6 14.8 2
      vertex 120.2 14.8 1.59961
    endloop
  endfacet
  facet normal -0.702494 0.0807465 0.707094
    outer loop
      vertex 120.597 14.7477 2
      vertex 120.6 14.7738 2
      vertex 120.2 14.8 1.59961
    endloop
  endfacet
  facet normal -0.698815 0.108343 0.70705
    outer loop
      vertex 120.593 14.7219 2
      vertex 120.597 14.7477 2
      vertex 120.2 14.8 1.59961
    endloop
  endfacet
  facet normal -0.688266 0.161945 0.707152
    outer loop
      vertex 120.587 14.6964 2
      vertex 120.593 14.7219 2
      vertex 120.2 14.8 1.59961
    endloop
  endfacet
  facet normal -0.673887 0.214785 0.706926
    outer loop
      vertex 120.579 14.6713 2
      vertex 120.587 14.6964 2
      vertex 120.2 14.8 1.59961
    endloop
  endfacet
  facet normal -0.663952 0.243901 0.70688
    outer loop
      vertex 120.57 14.6468 2
      vertex 120.579 14.6713 2
      vertex 120.2 14.8 1.59961
    endloop
  endfacet
  facet normal -0.642522 0.295721 0.706905
    outer loop
      vertex 120.559 14.6229 2
      vertex 120.57 14.6468 2
      vertex 120.2 14.8 1.59961
    endloop
  endfacet
  facet normal -0.627624 0.326038 0.706956
    outer loop
      vertex 120.547 14.5998 2
      vertex 120.559 14.6229 2
      vertex 120.2 14.8 1.59961
    endloop
  endfacet
  facet normal -0.598173 0.377227 0.707028
    outer loop
      vertex 120.533 14.5776 2
      vertex 120.547 14.5998 2
      vertex 120.2 14.8 1.59961
    endloop
  endfacet
  facet normal -0.578188 0.407175 0.707041
    outer loop
      vertex 120.518 14.5563 2
      vertex 120.533 14.5776 2
      vertex 120.2 14.8 1.59961
    endloop
  endfacet
  facet normal -0.542202 0.454061 0.706998
    outer loop
      vertex 120.501 14.536 2
      vertex 120.518 14.5563 2
      vertex 120.2 14.8 1.59961
    endloop
  endfacet
  facet normal -0.514775 0.485129 0.706864
    outer loop
      vertex 120.483 14.5169 2
      vertex 120.501 14.536 2
      vertex 120.2 14.8 1.59961
    endloop
  endfacet
  facet normal -0.485044 0.514852 0.706866
    outer loop
      vertex 120.464 14.499 2
      vertex 120.483 14.5169 2
      vertex 120.2 14.8 1.59961
    endloop
  endfacet
  facet normal -0.45329 0.542862 0.706986
    outer loop
      vertex 120.444 14.4823 2
      vertex 120.464 14.499 2
      vertex 120.2 14.8 1.59961
    endloop
  endfacet
  facet normal -0.402098 0.581984 0.706832
    outer loop
      vertex 120.422 14.4671 2
      vertex 120.444 14.4823 2
      vertex 120.2 14.8 1.59961
    endloop
  endfacet
  facet normal -0.375938 0.599322 0.706742
    outer loop
      vertex 120.4 14.4533 2
      vertex 120.422 14.4671 2
      vertex 120.2 14.8 1.59961
    endloop
  endfacet
  facet normal -0.33569 0.62265 0.706838
    outer loop
      vertex 120.377 14.4409 2
      vertex 120.4 14.4533 2
      vertex 120.2 14.8 1.59961
    endloop
  endfacet
  facet normal -0.290275 0.645055 0.706855
    outer loop
      vertex 120.353 14.4301 2
      vertex 120.377 14.4409 2
      vertex 120.2 14.8 1.59961
    endloop
  endfacet
  facet normal -0.253173 0.66045 0.706901
    outer loop
      vertex 120.329 14.4209 2
      vertex 120.353 14.4301 2
      vertex 120.2 14.8 1.59961
    endloop
  endfacet
  facet normal -0.205708 0.676671 0.706966
    outer loop
      vertex 120.304 14.4133 2
      vertex 120.329 14.4209 2
      vertex 120.2 14.8 1.59961
    endloop
  endfacet
  facet normal -0.159041 0.689177 0.706923
    outer loop
      vertex 120.278 14.4073 2
      vertex 120.304 14.4133 2
      vertex 120.2 14.8 1.59961
    endloop
  endfacet
  facet normal -0.11541 0.697827 0.706907
    outer loop
      vertex 120.252 14.403 2
      vertex 120.278 14.4073 2
      vertex 120.2 14.8 1.59961
    endloop
  endfacet
  facet normal -0.0676988 0.704068 0.706899
    outer loop
      vertex 120.226 14.4005 2
      vertex 120.252 14.403 2
      vertex 120.2 14.8 1.59961
    endloop
  endfacet
  facet normal -0.0244691 0.706886 0.706904
    outer loop
      vertex 120.226 14.4005 2
      vertex 120.2 14.8 1.59961
      vertex 120.2 14.3996 2
    endloop
  endfacet
  facet normal 0 0.707098 0.707116
    outer loop
      vertex 120.2 14.8 1.59961
      vertex 105.6 14.3996 2
      vertex 120.2 14.3996 2
    endloop
  endfacet
  facet normal 0 0.707098 0.707116
    outer loop
      vertex 105.6 14.3996 2
      vertex 120.2 14.8 1.59961
      vertex 105.2 14.8 1.59961
    endloop
  endfacet
  facet normal -0.707451 0 0.706762
    outer loop
      vertex 105.2 14.8 1.59961
      vertex 105.6 0.60039 2
      vertex 105.6 14.3996 2
    endloop
  endfacet
  facet normal -0.707451 0 0.706762
    outer loop
      vertex 105.6 0.60039 2
      vertex 105.2 14.8 1.59961
      vertex 105.2 0.2 1.59961
    endloop
  endfacet
  facet normal 0 0 1
    outer loop
      vertex 134.4 29.3996 2
      vertex 120.6 29.3996 2
      vertex 134.4 14.8 2
    endloop
  endfacet
  facet normal -0 0 1
    outer loop
      vertex 134.8 14.3996 2
      vertex 149.4 0.60039 2
      vertex 149.4 14.3996 2
    endloop
  endfacet
  facet normal 0 0 1
    outer loop
      vertex 134.774 14.4005 2
      vertex 149.4 0.60039 2
      vertex 134.8 14.3996 2
    endloop
  endfacet
  facet normal 0 0 1
    outer loop
      vertex 134.748 14.403 2
      vertex 149.4 0.60039 2
      vertex 134.774 14.4005 2
    endloop
  endfacet
  facet normal 0 0 1
    outer loop
      vertex 134.722 14.4073 2
      vertex 149.4 0.60039 2
      vertex 134.748 14.403 2
    endloop
  endfacet
  facet normal 0 0 1
    outer loop
      vertex 134.696 14.4133 2
      vertex 149.4 0.60039 2
      vertex 134.722 14.4073 2
    endloop
  endfacet
  facet normal 0 0 1
    outer loop
      vertex 134.671 14.4209 2
      vertex 149.4 0.60039 2
      vertex 134.696 14.4133 2
    endloop
  endfacet
  facet normal 0 0 1
    outer loop
      vertex 120.329 14.4209 2
      vertex 134.671 14.4209 2
      vertex 134.647 14.4301 2
    endloop
  endfacet
  facet normal 0 0 1
    outer loop
      vertex 120.353 14.4301 2
      vertex 134.647 14.4301 2
      vertex 134.623 14.4409 2
    endloop
  endfacet
  facet normal 0 0 1
    outer loop
      vertex 120.377 14.4409 2
      vertex 134.623 14.4409 2
      vertex 134.6 14.4533 2
    endloop
  endfacet
  facet normal 0 0 1
    outer loop
      vertex 120.4 14.4533 2
      vertex 134.6 14.4533 2
      vertex 134.578 14.4671 2
    endloop
  endfacet
  facet normal 0 0 1
    outer loop
      vertex 120.422 14.4671 2
      vertex 134.578 14.4671 2
      vertex 134.556 14.4823 2
    endloop
  endfacet
  facet normal 0 0 1
    outer loop
      vertex 120.444 14.4823 2
      vertex 134.556 14.4823 2
      vertex 134.536 14.499 2
    endloop
  endfacet
  facet normal 0 0 1
    outer loop
      vertex 120.6 14.8 2
      vertex 134.4 14.8 2
      vertex 120.6 29.3996 2
    endloop
  endfacet
  facet normal 0 0 1
    outer loop
      vertex 134.4 14.8 2
      vertex 120.6 14.8 2
      vertex 134.4 14.7738 2
    endloop
  endfacet
  facet normal 0 0 1
    outer loop
      vertex 120.6 14.7738 2
      vertex 134.4 14.7738 2
      vertex 120.6 14.8 2
    endloop
  endfacet
  facet normal 0 0 1
    outer loop
      vertex 134.4 14.7738 2
      vertex 120.6 14.7738 2
      vertex 134.403 14.7477 2
    endloop
  endfacet
  facet normal 0 0 1
    outer loop
      vertex 120.597 14.7477 2
      vertex 134.403 14.7477 2
      vertex 120.6 14.7738 2
    endloop
  endfacet
  facet normal 0 0 1
    outer loop
      vertex 134.403 14.7477 2
      vertex 120.597 14.7477 2
      vertex 134.407 14.7219 2
    endloop
  endfacet
  facet normal 0 0 1
    outer loop
      vertex 120.593 14.7219 2
      vertex 134.407 14.7219 2
      vertex 120.597 14.7477 2
    endloop
  endfacet
  facet normal 0 0 1
    outer loop
      vertex 134.407 14.7219 2
      vertex 120.593 14.7219 2
      vertex 134.413 14.6964 2
    endloop
  endfacet
  facet normal 0 0 1
    outer loop
      vertex 120.587 14.6964 2
      vertex 134.413 14.6964 2
      vertex 120.593 14.7219 2
    endloop
  endfacet
  facet normal 0 0 1
    outer loop
      vertex 134.413 14.6964 2
      vertex 120.587 14.6964 2
      vertex 134.421 14.6713 2
    endloop
  endfacet
  facet normal 0 0 1
    outer loop
      vertex 120.579 14.6713 2
      vertex 134.421 14.6713 2
      vertex 120.587 14.6964 2
    endloop
  endfacet
  facet normal 0 0 1
    outer loop
      vertex 134.421 14.6713 2
      vertex 120.579 14.6713 2
      vertex 134.43 14.6468 2
    endloop
  endfacet
  facet normal 0 0 1
    outer loop
      vertex 120.57 14.6468 2
      vertex 134.43 14.6468 2
      vertex 120.579 14.6713 2
    endloop
  endfacet
  facet normal 0 0 1
    outer loop
      vertex 134.43 14.6468 2
      vertex 120.57 14.6468 2
      vertex 134.441 14.6229 2
    endloop
  endfacet
  facet normal 0 0 1
    outer loop
      vertex 120.559 14.6229 2
      vertex 134.441 14.6229 2
      vertex 120.57 14.6468 2
    endloop
  endfacet
  facet normal 0 0 1
    outer loop
      vertex 134.441 14.6229 2
      vertex 120.559 14.6229 2
      vertex 134.453 14.5998 2
    endloop
  endfacet
  facet normal 0 0 1
    outer loop
      vertex 120.547 14.5998 2
      vertex 134.453 14.5998 2
      vertex 120.559 14.6229 2
    endloop
  endfacet
  facet normal 0 0 1
    outer loop
      vertex 134.453 14.5998 2
      vertex 120.547 14.5998 2
      vertex 134.467 14.5776 2
    endloop
  endfacet
  facet normal 0 0 1
    outer loop
      vertex 120.533 14.5776 2
      vertex 134.467 14.5776 2
      vertex 120.547 14.5998 2
    endloop
  endfacet
  facet normal 0 0 1
    outer loop
      vertex 134.467 14.5776 2
      vertex 120.533 14.5776 2
      vertex 134.482 14.5563 2
    endloop
  endfacet
  facet normal 0 0 1
    outer loop
      vertex 120.518 14.5563 2
      vertex 134.482 14.5563 2
      vertex 120.533 14.5776 2
    endloop
  endfacet
  facet normal 0 0 1
    outer loop
      vertex 134.482 14.5563 2
      vertex 120.518 14.5563 2
      vertex 134.499 14.536 2
    endloop
  endfacet
  facet normal 0 0 1
    outer loop
      vertex 120.501 14.536 2
      vertex 134.499 14.536 2
      vertex 120.518 14.5563 2
    endloop
  endfacet
  facet normal 0 0 1
    outer loop
      vertex 134.499 14.536 2
      vertex 120.501 14.536 2
      vertex 134.517 14.5169 2
    endloop
  endfacet
  facet normal 0 0 1
    outer loop
      vertex 120.483 14.5169 2
      vertex 134.517 14.5169 2
      vertex 120.501 14.536 2
    endloop
  endfacet
  facet normal 0 0 1
    outer loop
      vertex 134.517 14.5169 2
      vertex 120.483 14.5169 2
      vertex 134.536 14.499 2
    endloop
  endfacet
  facet normal 0 0 1
    outer loop
      vertex 120.464 14.499 2
      vertex 134.536 14.499 2
      vertex 120.483 14.5169 2
    endloop
  endfacet
  facet normal 0 0 1
    outer loop
      vertex 120.444 14.4823 2
      vertex 134.536 14.499 2
      vertex 120.464 14.499 2
    endloop
  endfacet
  facet normal 0 0 1
    outer loop
      vertex 134.556 14.4823 2
      vertex 120.444 14.4823 2
      vertex 120.422 14.4671 2
    endloop
  endfacet
  facet normal 0 0 1
    outer loop
      vertex 134.578 14.4671 2
      vertex 120.422 14.4671 2
      vertex 120.4 14.4533 2
    endloop
  endfacet
  facet normal 0 0 1
    outer loop
      vertex 134.6 14.4533 2
      vertex 120.4 14.4533 2
      vertex 120.377 14.4409 2
    endloop
  endfacet
  facet normal 0 0 1
    outer loop
      vertex 134.623 14.4409 2
      vertex 120.377 14.4409 2
      vertex 120.353 14.4301 2
    endloop
  endfacet
  facet normal 0 0 1
    outer loop
      vertex 134.647 14.4301 2
      vertex 120.353 14.4301 2
      vertex 120.329 14.4209 2
    endloop
  endfacet
  facet normal 0 0 1
    outer loop
      vertex 134.671 14.4209 2
      vertex 120.329 14.4209 2
      vertex 149.4 0.60039 2
    endloop
  endfacet
  facet normal 0 0 1
    outer loop
      vertex 105.6 0.60039 2
      vertex 120.329 14.4209 2
      vertex 120.304 14.4133 2
    endloop
  endfacet
  facet normal 0 0 1
    outer loop
      vertex 105.6 0.60039 2
      vertex 120.304 14.4133 2
      vertex 120.278 14.4073 2
    endloop
  endfacet
  facet normal 0 0 1
    outer loop
      vertex 105.6 0.60039 2
      vertex 120.278 14.4073 2
      vertex 120.252 14.403 2
    endloop
  endfacet
  facet normal 0 0 1
    outer loop
      vertex 105.6 0.60039 2
      vertex 120.252 14.403 2
      vertex 120.226 14.4005 2
    endloop
  endfacet
  facet normal 0 0 1
    outer loop
      vertex 105.6 0.60039 2
      vertex 120.226 14.4005 2
      vertex 120.2 14.3996 2
    endloop
  endfacet
  facet normal 0 0 1
    outer loop
      vertex 105.6 0.60039 2
      vertex 120.2 14.3996 2
      vertex 105.6 14.3996 2
    endloop
  endfacet
  facet normal 0 0 1
    outer loop
      vertex 120.329 14.4209 2
      vertex 105.6 0.60039 2
      vertex 149.4 0.60039 2
    endloop
  endfacet
  facet normal 0 -1 0
    outer loop
      vertex 105.2 0.2 0.400391
      vertex 149.8 0.2 1.59961
      vertex 105.2 0.2 1.59961
    endloop
  endfacet
  facet normal 0 -1 -0
    outer loop
      vertex 149.8 0.2 1.59961
      vertex 105.2 0.2 0.400391
      vertex 149.8 0.2 0.400391
    endloop
  endfacet
  facet normal 1 -0 0
    outer loop
      vertex 149.8 0.2 1.59961
      vertex 149.8 14.8 0.400391
      vertex 149.8 14.8 1.59961
    endloop
  endfacet
  facet normal 1 0 0
    outer loop
      vertex 149.8 14.8 0.400391
      vertex 149.8 0.2 1.59961
      vertex 149.8 0.2 0.400391
    endloop
  endfacet
  facet normal 0 1 -0
    outer loop
      vertex 149.8 14.8 0.400391
      vertex 134.8 14.8 1.59961
      vertex 149.8 14.8 1.59961
    endloop
  endfacet
  facet normal 0 1 0
    outer loop
      vertex 134.8 14.8 1.59961
      vertex 149.8 14.8 0.400391
      vertex 134.8 14.8 0.400391
    endloop
  endfacet
  facet normal 1 -0 0
    outer loop
      vertex 134.8 14.8 1.59961
      vertex 134.8 29.8 0.400391
      vertex 134.8 29.8 1.59961
    endloop
  endfacet
  facet normal 1 0 0
    outer loop
      vertex 134.8 29.8 0.400391
      vertex 134.8 14.8 1.59961
      vertex 134.8 14.8 0.400391
    endloop
  endfacet
  facet normal 0 1 -0
    outer loop
      vertex 134.8 29.8 0.400391
      vertex 120.2 29.8 1.59961
      vertex 134.8 29.8 1.59961
    endloop
  endfacet
  facet normal 0 1 0
    outer loop
      vertex 120.2 29.8 1.59961
      vertex 134.8 29.8 0.400391
      vertex 120.2 29.8 0.400391
    endloop
  endfacet
  facet normal -1 0 0
    outer loop
      vertex 120.2 14.8 0.400391
      vertex 120.2 29.8 1.59961
      vertex 120.2 29.8 0.400391
    endloop
  endfacet
  facet normal -1 -0 0
    outer loop
      vertex 120.2 29.8 1.59961
      vertex 120.2 14.8 0.400391
      vertex 120.2 14.8 1.59961
    endloop
  endfacet
  facet normal 0 1 -0
    outer loop
      vertex 120.2 14.8 0.400391
      vertex 105.2 14.8 1.59961
      vertex 120.2 14.8 1.59961
    endloop
  endfacet
  facet normal 0 1 0
    outer loop
      vertex 105.2 14.8 1.59961
      vertex 120.2 14.8 0.400391
      vertex 105.2 14.8 0.400391
    endloop
  endfacet
  facet normal -1 0 0
    outer loop
      vertex 105.2 0.2 0.400391
      vertex 105.2 14.8 1.59961
      vertex 105.2 14.8 0.400391
    endloop
  endfacet
  facet normal -1 -0 0
    outer loop
      vertex 105.2 14.8 1.59961
      vertex 105.2 0.2 0.400391
      vertex 105.2 0.2 1.59961
    endloop
  endfacet
  facet normal 0 -0.707099 -0.707115
    outer loop
      vertex 105.6 15.6004 0
      vertex 119.8 15.2 0.400391
      vertex 105.2 15.2 0.400391
    endloop
  endfacet
  facet normal 0 -0.707099 -0.707115
    outer loop
      vertex 119.8 15.2 0.400391
      vertex 105.6 15.6004 0
      vertex 119.4 15.6004 0
    endloop
  endfacet
  facet normal 0.707452 0 -0.706761
    outer loop
      vertex 119.8 30.2 0.400391
      vertex 119.4 15.6004 0
      vertex 119.4 30.2 0
    endloop
  endfacet
  facet normal 0.707452 0 -0.706761
    outer loop
      vertex 119.4 15.6004 0
      vertex 119.8 30.2 0.400391
      vertex 119.8 15.2 0.400391
    endloop
  endfacet
  facet normal 0.707452 0 -0.706761
    outer loop
      vertex 119.4 30.2262 0
      vertex 119.8 30.2 0.400391
      vertex 119.4 30.2 0
    endloop
  endfacet
  facet normal 0.702495 -0.0807466 -0.707093
    outer loop
      vertex 119.403 30.2523 0
      vertex 119.8 30.2 0.400391
      vertex 119.4 30.2262 0
    endloop
  endfacet
  facet normal 0.698816 -0.108343 -0.707049
    outer loop
      vertex 119.407 30.2781 0
      vertex 119.8 30.2 0.400391
      vertex 119.403 30.2523 0
    endloop
  endfacet
  facet normal 0.688267 -0.161945 -0.707151
    outer loop
      vertex 119.413 30.3036 0
      vertex 119.8 30.2 0.400391
      vertex 119.407 30.2781 0
    endloop
  endfacet
  facet normal 0.673888 -0.214785 -0.706925
    outer loop
      vertex 119.421 30.3287 0
      vertex 119.8 30.2 0.400391
      vertex 119.413 30.3036 0
    endloop
  endfacet
  facet normal 0.663953 -0.243901 -0.70688
    outer loop
      vertex 119.43 30.3532 0
      vertex 119.8 30.2 0.400391
      vertex 119.421 30.3287 0
    endloop
  endfacet
  facet normal 0.642523 -0.295722 -0.706904
    outer loop
      vertex 119.441 30.3771 0
      vertex 119.8 30.2 0.400391
      vertex 119.43 30.3532 0
    endloop
  endfacet
  facet normal 0.627625 -0.326039 -0.706956
    outer loop
      vertex 119.453 30.4002 0
      vertex 119.8 30.2 0.400391
      vertex 119.441 30.3771 0
    endloop
  endfacet
  facet normal 0.598174 -0.377227 -0.707027
    outer loop
      vertex 119.467 30.4224 0
      vertex 119.8 30.2 0.400391
      vertex 119.453 30.4002 0
    endloop
  endfacet
  facet normal 0.578189 -0.407175 -0.70704
    outer loop
      vertex 119.482 30.4437 0
      vertex 119.8 30.2 0.400391
      vertex 119.467 30.4224 0
    endloop
  endfacet
  facet normal 0.542203 -0.454061 -0.706997
    outer loop
      vertex 119.499 30.464 0
      vertex 119.8 30.2 0.400391
      vertex 119.482 30.4437 0
    endloop
  endfacet
  facet normal 0.514776 -0.485129 -0.706863
    outer loop
      vertex 119.517 30.4831 0
      vertex 119.8 30.2 0.400391
      vertex 119.499 30.464 0
    endloop
  endfacet
  facet normal 0.485045 -0.514852 -0.706865
    outer loop
      vertex 119.536 30.501 0
      vertex 119.8 30.2 0.400391
      vertex 119.517 30.4831 0
    endloop
  endfacet
  facet normal 0.45329 -0.542863 -0.706985
    outer loop
      vertex 119.556 30.5177 0
      vertex 119.8 30.2 0.400391
      vertex 119.536 30.501 0
    endloop
  endfacet
  facet normal 0.402099 -0.581985 -0.706831
    outer loop
      vertex 119.578 30.5329 0
      vertex 119.8 30.2 0.400391
      vertex 119.556 30.5177 0
    endloop
  endfacet
  facet normal 0.375939 -0.599322 -0.706741
    outer loop
      vertex 119.6 30.5467 0
      vertex 119.8 30.2 0.400391
      vertex 119.578 30.5329 0
    endloop
  endfacet
  facet normal 0.33569 -0.622651 -0.706837
    outer loop
      vertex 119.623 30.5591 0
      vertex 119.8 30.2 0.400391
      vertex 119.6 30.5467 0
    endloop
  endfacet
  facet normal 0.290275 -0.645056 -0.706855
    outer loop
      vertex 119.647 30.5699 0
      vertex 119.8 30.2 0.400391
      vertex 119.623 30.5591 0
    endloop
  endfacet
  facet normal 0.253173 -0.660451 -0.7069
    outer loop
      vertex 119.671 30.5791 0
      vertex 119.8 30.2 0.400391
      vertex 119.647 30.5699 0
    endloop
  endfacet
  facet normal 0.205708 -0.676672 -0.706965
    outer loop
      vertex 119.696 30.5867 0
      vertex 119.8 30.2 0.400391
      vertex 119.671 30.5791 0
    endloop
  endfacet
  facet normal 0.159041 -0.689178 -0.706923
    outer loop
      vertex 119.722 30.5927 0
      vertex 119.8 30.2 0.400391
      vertex 119.696 30.5867 0
    endloop
  endfacet
  facet normal 0.11541 -0.697828 -0.706906
    outer loop
      vertex 119.748 30.597 0
      vertex 119.8 30.2 0.400391
      vertex 119.722 30.5927 0
    endloop
  endfacet
  facet normal 0.0676989 -0.704068 -0.706898
    outer loop
      vertex 119.774 30.5995 0
      vertex 119.8 30.2 0.400391
      vertex 119.748 30.597 0
    endloop
  endfacet
  facet normal 0.0244692 -0.706887 -0.706903
    outer loop
      vertex 119.8 30.6004 0
      vertex 119.8 30.2 0.400391
      vertex 119.774 30.5995 0
    endloop
  endfacet
  facet normal -0 -0.707099 -0.707115
    outer loop
      vertex 134.4 30.6004 0
      vertex 119.8 30.2 0.400391
      vertex 119.8 30.6004 0
    endloop
  endfacet
  facet normal 0 -0.707099 -0.707115
    outer loop
      vertex 119.8 30.2 0.400391
      vertex 134.4 30.6004 0
      vertex 134.8 30.2 0.400391
    endloop
  endfacet
  facet normal 0.707452 0 -0.706761
    outer loop
      vertex 134.8 44.8 0.400391
      vertex 134.4 30.6004 0
      vertex 134.4 44.3996 0
    endloop
  endfacet
  facet normal 0.707452 0 -0.706761
    outer loop
      vertex 134.4 30.6004 0
      vertex 134.8 44.8 0.400391
      vertex 134.8 30.2 0.400391
    endloop
  endfacet
  facet normal 0 0.707099 -0.707115
    outer loop
      vertex 134.4 44.3996 0
      vertex 90.2 44.8 0.400391
      vertex 134.8 44.8 0.400391
    endloop
  endfacet
  facet normal 0 0.707099 -0.707115
    outer loop
      vertex 90.2 44.8 0.400391
      vertex 134.4 44.3996 0
      vertex 90.6004 44.3996 0
    endloop
  endfacet
  facet normal -0.707099 0 -0.707115
    outer loop
      vertex 90.6004 30.6004 0
      vertex 90.2 44.8 0.400391
      vertex 90.6004 44.3996 0
    endloop
  endfacet
  facet normal -0.707099 -0 -0.707115
    outer loop
      vertex 90.2 44.8 0.400391
      vertex 90.6004 30.6004 0
      vertex 90.2 30.2 0.400391
    endloop
  endfacet
  facet normal 0 -0.707099 -0.707115
    outer loop
      vertex 90.6004 30.6004 0
      vertex 105.2 30.2 0.400391
      vertex 90.2 30.2 0.400391
    endloop
  endfacet
  facet normal 0 -0.707099 -0.707115
    outer loop
      vertex 105.2 30.2 0.400391
      vertex 90.6004 30.6004 0
      vertex 105.2 30.6004 0
    endloop
  endfacet
  facet normal -0.0244692 -0.706887 -0.706903
    outer loop
      vertex 105.2 30.6004 0
      vertex 105.226 30.5995 0
      vertex 105.2 30.2 0.400391
    endloop
  endfacet
  facet normal -0.0676989 -0.704068 -0.706898
    outer loop
      vertex 105.226 30.5995 0
      vertex 105.252 30.597 0
      vertex 105.2 30.2 0.400391
    endloop
  endfacet
  facet normal -0.11541 -0.697828 -0.706906
    outer loop
      vertex 105.252 30.597 0
      vertex 105.278 30.5927 0
      vertex 105.2 30.2 0.400391
    endloop
  endfacet
  facet normal -0.159041 -0.689178 -0.706923
    outer loop
      vertex 105.278 30.5927 0
      vertex 105.304 30.5867 0
      vertex 105.2 30.2 0.400391
    endloop
  endfacet
  facet normal -0.205708 -0.676672 -0.706965
    outer loop
      vertex 105.304 30.5867 0
      vertex 105.329 30.5791 0
      vertex 105.2 30.2 0.400391
    endloop
  endfacet
  facet normal -0.253173 -0.660451 -0.7069
    outer loop
      vertex 105.329 30.5791 0
      vertex 105.353 30.5699 0
      vertex 105.2 30.2 0.400391
    endloop
  endfacet
  facet normal -0.290275 -0.645056 -0.706855
    outer loop
      vertex 105.353 30.5699 0
      vertex 105.377 30.5591 0
      vertex 105.2 30.2 0.400391
    endloop
  endfacet
  facet normal -0.33569 -0.622651 -0.706837
    outer loop
      vertex 105.377 30.5591 0
      vertex 105.4 30.5467 0
      vertex 105.2 30.2 0.400391
    endloop
  endfacet
  facet normal -0.375939 -0.599322 -0.706741
    outer loop
      vertex 105.4 30.5467 0
      vertex 105.422 30.5329 0
      vertex 105.2 30.2 0.400391
    endloop
  endfacet
  facet normal -0.402099 -0.581985 -0.706831
    outer loop
      vertex 105.422 30.5329 0
      vertex 105.444 30.5177 0
      vertex 105.2 30.2 0.400391
    endloop
  endfacet
  facet normal -0.45329 -0.542863 -0.706985
    outer loop
      vertex 105.444 30.5177 0
      vertex 105.464 30.501 0
      vertex 105.2 30.2 0.400391
    endloop
  endfacet
  facet normal -0.485045 -0.514852 -0.706865
    outer loop
      vertex 105.464 30.501 0
      vertex 105.483 30.4831 0
      vertex 105.2 30.2 0.400391
    endloop
  endfacet
  facet normal -0.514776 -0.485129 -0.706863
    outer loop
      vertex 105.483 30.4831 0
      vertex 105.501 30.464 0
      vertex 105.2 30.2 0.400391
    endloop
  endfacet
  facet normal -0.542203 -0.454061 -0.706997
    outer loop
      vertex 105.501 30.464 0
      vertex 105.518 30.4437 0
      vertex 105.2 30.2 0.400391
    endloop
  endfacet
  facet normal -0.578189 -0.407175 -0.70704
    outer loop
      vertex 105.518 30.4437 0
      vertex 105.533 30.4224 0
      vertex 105.2 30.2 0.400391
    endloop
  endfacet
  facet normal -0.598174 -0.377227 -0.707027
    outer loop
      vertex 105.533 30.4224 0
      vertex 105.547 30.4002 0
      vertex 105.2 30.2 0.400391
    endloop
  endfacet
  facet normal -0.627625 -0.326039 -0.706956
    outer loop
      vertex 105.547 30.4002 0
      vertex 105.559 30.3771 0
      vertex 105.2 30.2 0.400391
    endloop
  endfacet
  facet normal -0.642523 -0.295722 -0.706904
    outer loop
      vertex 105.559 30.3771 0
      vertex 105.57 30.3532 0
      vertex 105.2 30.2 0.400391
    endloop
  endfacet
  facet normal -0.663953 -0.243901 -0.70688
    outer loop
      vertex 105.57 30.3532 0
      vertex 105.579 30.3287 0
      vertex 105.2 30.2 0.400391
    endloop
  endfacet
  facet normal -0.673888 -0.214785 -0.706925
    outer loop
      vertex 105.579 30.3287 0
      vertex 105.587 30.3036 0
      vertex 105.2 30.2 0.400391
    endloop
  endfacet
  facet normal -0.688267 -0.161945 -0.707151
    outer loop
      vertex 105.587 30.3036 0
      vertex 105.593 30.2781 0
      vertex 105.2 30.2 0.400391
    endloop
  endfacet
  facet normal -0.698816 -0.108343 -0.707049
    outer loop
      vertex 105.593 30.2781 0
      vertex 105.597 30.2523 0
      vertex 105.2 30.2 0.400391
    endloop
  endfacet
  facet normal -0.702495 -0.0807466 -0.707093
    outer loop
      vertex 105.597 30.2523 0
      vertex 105.6 30.2262 0
      vertex 105.2 30.2 0.400391
    endloop
  endfacet
  facet normal -0.707452 -0 -0.706761
    outer loop
      vertex 105.6 30.2262 0
      vertex 105.6 30.2 0
      vertex 105.2 30.2 0.400391
    endloop
  endfacet
  facet normal -0.707452 0 -0.706761
    outer loop
      vertex 105.6 15.6004 0
      vertex 105.2 30.2 0.400391
      vertex 105.6 30.2 0
    endloop
  endfacet
  facet normal -0.707452 -0 -0.706761
    outer loop
      vertex 105.2 30.2 0.400391
      vertex 105.6 15.6004 0
      vertex 105.2 15.2 0.400391
    endloop
  endfacet
  facet normal 0 0 -1
    outer loop
      vertex 119.4 15.6004 0
      vertex 105.6 15.6004 0
      vertex 119.4 30.2 0
    endloop
  endfacet
  facet normal 0 0 -1
    outer loop
      vertex 119.8 30.6004 0
      vertex 134.4 44.3996 0
      vertex 134.4 30.6004 0
    endloop
  endfacet
  facet normal 0 0 -1
    outer loop
      vertex 119.774 30.5995 0
      vertex 134.4 44.3996 0
      vertex 119.8 30.6004 0
    endloop
  endfacet
  facet normal 0 0 -1
    outer loop
      vertex 119.748 30.597 0
      vertex 134.4 44.3996 0
      vertex 119.774 30.5995 0
    endloop
  endfacet
  facet normal 0 0 -1
    outer loop
      vertex 119.722 30.5927 0
      vertex 134.4 44.3996 0
      vertex 119.748 30.597 0
    endloop
  endfacet
  facet normal 0 0 -1
    outer loop
      vertex 119.696 30.5867 0
      vertex 134.4 44.3996 0
      vertex 119.722 30.5927 0
    endloop
  endfacet
  facet normal 0 0 -1
    outer loop
      vertex 119.671 30.5791 0
      vertex 134.4 44.3996 0
      vertex 119.696 30.5867 0
    endloop
  endfacet
  facet normal 0 0 -1
    outer loop
      vertex 105.329 30.5791 0
      vertex 119.671 30.5791 0
      vertex 119.647 30.5699 0
    endloop
  endfacet
  facet normal 0 0 -1
    outer loop
      vertex 105.353 30.5699 0
      vertex 119.647 30.5699 0
      vertex 119.623 30.5591 0
    endloop
  endfacet
  facet normal 0 0 -1
    outer loop
      vertex 105.377 30.5591 0
      vertex 119.623 30.5591 0
      vertex 119.6 30.5467 0
    endloop
  endfacet
  facet normal 0 0 -1
    outer loop
      vertex 105.4 30.5467 0
      vertex 119.6 30.5467 0
      vertex 119.578 30.5329 0
    endloop
  endfacet
  facet normal 0 0 -1
    outer loop
      vertex 105.422 30.5329 0
      vertex 119.578 30.5329 0
      vertex 119.556 30.5177 0
    endloop
  endfacet
  facet normal 0 0 -1
    outer loop
      vertex 105.444 30.5177 0
      vertex 119.556 30.5177 0
      vertex 119.536 30.501 0
    endloop
  endfacet
  facet normal 0 0 -1
    outer loop
      vertex 105.6 30.2 0
      vertex 119.4 30.2 0
      vertex 105.6 15.6004 0
    endloop
  endfacet
  facet normal 0 0 -1
    outer loop
      vertex 119.4 30.2 0
      vertex 105.6 30.2 0
      vertex 119.4 30.2262 0
    endloop
  endfacet
  facet normal 0 0 -1
    outer loop
      vertex 105.6 30.2262 0
      vertex 119.4 30.2262 0
      vertex 105.6 30.2 0
    endloop
  endfacet
  facet normal 0 0 -1
    outer loop
      vertex 119.4 30.2262 0
      vertex 105.6 30.2262 0
      vertex 119.403 30.2523 0
    endloop
  endfacet
  facet normal 0 0 -1
    outer loop
      vertex 105.597 30.2523 0
      vertex 119.403 30.2523 0
      vertex 105.6 30.2262 0
    endloop
  endfacet
  facet normal 0 0 -1
    outer loop
      vertex 119.403 30.2523 0
      vertex 105.597 30.2523 0
      vertex 119.407 30.2781 0
    endloop
  endfacet
  facet normal 0 0 -1
    outer loop
      vertex 105.593 30.2781 0
      vertex 119.407 30.2781 0
      vertex 105.597 30.2523 0
    endloop
  endfacet
  facet normal 0 0 -1
    outer loop
      vertex 119.407 30.2781 0
      vertex 105.593 30.2781 0
      vertex 119.413 30.3036 0
    endloop
  endfacet
  facet normal 0 0 -1
    outer loop
      vertex 105.587 30.3036 0
      vertex 119.413 30.3036 0
      vertex 105.593 30.2781 0
    endloop
  endfacet
  facet normal 0 0 -1
    outer loop
      vertex 119.413 30.3036 0
      vertex 105.587 30.3036 0
      vertex 119.421 30.3287 0
    endloop
  endfacet
  facet normal 0 0 -1
    outer loop
      vertex 105.579 30.3287 0
      vertex 119.421 30.3287 0
      vertex 105.587 30.3036 0
    endloop
  endfacet
  facet normal 0 0 -1
    outer loop
      vertex 119.421 30.3287 0
      vertex 105.579 30.3287 0
      vertex 119.43 30.3532 0
    endloop
  endfacet
  facet normal 0 0 -1
    outer loop
      vertex 105.57 30.3532 0
      vertex 119.43 30.3532 0
      vertex 105.579 30.3287 0
    endloop
  endfacet
  facet normal 0 0 -1
    outer loop
      vertex 119.43 30.3532 0
      vertex 105.57 30.3532 0
      vertex 119.441 30.3771 0
    endloop
  endfacet
  facet normal 0 0 -1
    outer loop
      vertex 105.559 30.3771 0
      vertex 119.441 30.3771 0
      vertex 105.57 30.3532 0
    endloop
  endfacet
  facet normal 0 0 -1
    outer loop
      vertex 119.441 30.3771 0
      vertex 105.559 30.3771 0
      vertex 119.453 30.4002 0
    endloop
  endfacet
  facet normal 0 0 -1
    outer loop
      vertex 105.547 30.4002 0
      vertex 119.453 30.4002 0
      vertex 105.559 30.3771 0
    endloop
  endfacet
  facet normal 0 0 -1
    outer loop
      vertex 119.453 30.4002 0
      vertex 105.547 30.4002 0
      vertex 119.467 30.4224 0
    endloop
  endfacet
  facet normal 0 0 -1
    outer loop
      vertex 105.533 30.4224 0
      vertex 119.467 30.4224 0
      vertex 105.547 30.4002 0
    endloop
  endfacet
  facet normal 0 0 -1
    outer loop
      vertex 119.467 30.4224 0
      vertex 105.533 30.4224 0
      vertex 119.482 30.4437 0
    endloop
  endfacet
  facet normal 0 0 -1
    outer loop
      vertex 105.518 30.4437 0
      vertex 119.482 30.4437 0
      vertex 105.533 30.4224 0
    endloop
  endfacet
  facet normal 0 0 -1
    outer loop
      vertex 119.482 30.4437 0
      vertex 105.518 30.4437 0
      vertex 119.499 30.464 0
    endloop
  endfacet
  facet normal 0 0 -1
    outer loop
      vertex 105.501 30.464 0
      vertex 119.499 30.464 0
      vertex 105.518 30.4437 0
    endloop
  endfacet
  facet normal 0 0 -1
    outer loop
      vertex 119.499 30.464 0
      vertex 105.501 30.464 0
      vertex 119.517 30.4831 0
    endloop
  endfacet
  facet normal 0 0 -1
    outer loop
      vertex 105.483 30.4831 0
      vertex 119.517 30.4831 0
      vertex 105.501 30.464 0
    endloop
  endfacet
  facet normal 0 0 -1
    outer loop
      vertex 119.517 30.4831 0
      vertex 105.483 30.4831 0
      vertex 119.536 30.501 0
    endloop
  endfacet
  facet normal 0 0 -1
    outer loop
      vertex 105.464 30.501 0
      vertex 119.536 30.501 0
      vertex 105.483 30.4831 0
    endloop
  endfacet
  facet normal 0 0 -1
    outer loop
      vertex 105.444 30.5177 0
      vertex 119.536 30.501 0
      vertex 105.464 30.501 0
    endloop
  endfacet
  facet normal 0 0 -1
    outer loop
      vertex 119.556 30.5177 0
      vertex 105.444 30.5177 0
      vertex 105.422 30.5329 0
    endloop
  endfacet
  facet normal 0 0 -1
    outer loop
      vertex 119.578 30.5329 0
      vertex 105.422 30.5329 0
      vertex 105.4 30.5467 0
    endloop
  endfacet
  facet normal 0 0 -1
    outer loop
      vertex 119.6 30.5467 0
      vertex 105.4 30.5467 0
      vertex 105.377 30.5591 0
    endloop
  endfacet
  facet normal 0 0 -1
    outer loop
      vertex 119.623 30.5591 0
      vertex 105.377 30.5591 0
      vertex 105.353 30.5699 0
    endloop
  endfacet
  facet normal 0 0 -1
    outer loop
      vertex 119.647 30.5699 0
      vertex 105.353 30.5699 0
      vertex 105.329 30.5791 0
    endloop
  endfacet
  facet normal 0 0 -1
    outer loop
      vertex 119.671 30.5791 0
      vertex 105.329 30.5791 0
      vertex 134.4 44.3996 0
    endloop
  endfacet
  facet normal 0 0 -1
    outer loop
      vertex 90.6004 44.3996 0
      vertex 105.329 30.5791 0
      vertex 105.304 30.5867 0
    endloop
  endfacet
  facet normal 0 0 -1
    outer loop
      vertex 90.6004 44.3996 0
      vertex 105.304 30.5867 0
      vertex 105.278 30.5927 0
    endloop
  endfacet
  facet normal 0 0 -1
    outer loop
      vertex 90.6004 44.3996 0
      vertex 105.278 30.5927 0
      vertex 105.252 30.597 0
    endloop
  endfacet
  facet normal 0 0 -1
    outer loop
      vertex 90.6004 44.3996 0
      vertex 105.252 30.597 0
      vertex 105.226 30.5995 0
    endloop
  endfacet
  facet normal 0 0 -1
    outer loop
      vertex 90.6004 44.3996 0
      vertex 105.226 30.5995 0
      vertex 105.2 30.6004 0
    endloop
  endfacet
  facet normal 0 0 -1
    outer loop
      vertex 90.6004 44.3996 0
      vertex 105.2 30.6004 0
      vertex 90.6004 30.6004 0
    endloop
  endfacet
  facet normal 0 0 -1
    outer loop
      vertex 105.329 30.5791 0
      vertex 90.6004 44.3996 0
      vertex 134.4 44.3996 0
    endloop
  endfacet
  facet normal 0 -0.707098 0.707116
    outer loop
      vertex 105.2 15.2 1.59961
      vertex 119.4 15.6004 2
      vertex 105.6 15.6004 2
    endloop
  endfacet
  facet normal 0 -0.707098 0.707116
    outer loop
      vertex 119.4 15.6004 2
      vertex 105.2 15.2 1.59961
      vertex 119.8 15.2 1.59961
    endloop
  endfacet
  facet normal 0.707451 -0 0.706762
    outer loop
      vertex 119.4 15.6004 2
      vertex 119.8 30.2 1.59961
      vertex 119.4 30.2 2
    endloop
  endfacet
  facet normal 0.707451 0 0.706762
    outer loop
      vertex 119.8 30.2 1.59961
      vertex 119.4 15.6004 2
      vertex 119.8 15.2 1.59961
    endloop
  endfacet
  facet normal 0.707451 0 0.706762
    outer loop
      vertex 119.8 30.2 1.59961
      vertex 119.4 30.2262 2
      vertex 119.4 30.2 2
    endloop
  endfacet
  facet normal 0.702494 -0.0807465 0.707094
    outer loop
      vertex 119.8 30.2 1.59961
      vertex 119.403 30.2523 2
      vertex 119.4 30.2262 2
    endloop
  endfacet
  facet normal 0.698815 -0.108343 0.70705
    outer loop
      vertex 119.8 30.2 1.59961
      vertex 119.407 30.2781 2
      vertex 119.403 30.2523 2
    endloop
  endfacet
  facet normal 0.688266 -0.161945 0.707152
    outer loop
      vertex 119.8 30.2 1.59961
      vertex 119.413 30.3036 2
      vertex 119.407 30.2781 2
    endloop
  endfacet
  facet normal 0.673887 -0.214785 0.706926
    outer loop
      vertex 119.8 30.2 1.59961
      vertex 119.421 30.3287 2
      vertex 119.413 30.3036 2
    endloop
  endfacet
  facet normal 0.663952 -0.243901 0.70688
    outer loop
      vertex 119.8 30.2 1.59961
      vertex 119.43 30.3532 2
      vertex 119.421 30.3287 2
    endloop
  endfacet
  facet normal 0.642522 -0.295721 0.706905
    outer loop
      vertex 119.8 30.2 1.59961
      vertex 119.441 30.3771 2
      vertex 119.43 30.3532 2
    endloop
  endfacet
  facet normal 0.627624 -0.326038 0.706956
    outer loop
      vertex 119.8 30.2 1.59961
      vertex 119.453 30.4002 2
      vertex 119.441 30.3771 2
    endloop
  endfacet
  facet normal 0.598173 -0.377227 0.707028
    outer loop
      vertex 119.8 30.2 1.59961
      vertex 119.467 30.4224 2
      vertex 119.453 30.4002 2
    endloop
  endfacet
  facet normal 0.578188 -0.407175 0.707041
    outer loop
      vertex 119.8 30.2 1.59961
      vertex 119.482 30.4437 2
      vertex 119.467 30.4224 2
    endloop
  endfacet
  facet normal 0.542202 -0.454061 0.706998
    outer loop
      vertex 119.8 30.2 1.59961
      vertex 119.499 30.464 2
      vertex 119.482 30.4437 2
    endloop
  endfacet
  facet normal 0.514775 -0.485129 0.706864
    outer loop
      vertex 119.8 30.2 1.59961
      vertex 119.517 30.4831 2
      vertex 119.499 30.464 2
    endloop
  endfacet
  facet normal 0.485044 -0.514852 0.706866
    outer loop
      vertex 119.8 30.2 1.59961
      vertex 119.536 30.501 2
      vertex 119.517 30.4831 2
    endloop
  endfacet
  facet normal 0.45329 -0.542862 0.706986
    outer loop
      vertex 119.8 30.2 1.59961
      vertex 119.556 30.5177 2
      vertex 119.536 30.501 2
    endloop
  endfacet
  facet normal 0.402098 -0.581984 0.706832
    outer loop
      vertex 119.8 30.2 1.59961
      vertex 119.578 30.5329 2
      vertex 119.556 30.5177 2
    endloop
  endfacet
  facet normal 0.375938 -0.599322 0.706742
    outer loop
      vertex 119.8 30.2 1.59961
      vertex 119.6 30.5467 2
      vertex 119.578 30.5329 2
    endloop
  endfacet
  facet normal 0.33569 -0.62265 0.706838
    outer loop
      vertex 119.8 30.2 1.59961
      vertex 119.623 30.5591 2
      vertex 119.6 30.5467 2
    endloop
  endfacet
  facet normal 0.290275 -0.645055 0.706855
    outer loop
      vertex 119.8 30.2 1.59961
      vertex 119.647 30.5699 2
      vertex 119.623 30.5591 2
    endloop
  endfacet
  facet normal 0.253173 -0.66045 0.706901
    outer loop
      vertex 119.8 30.2 1.59961
      vertex 119.671 30.5791 2
      vertex 119.647 30.5699 2
    endloop
  endfacet
  facet normal 0.205708 -0.676671 0.706966
    outer loop
      vertex 119.8 30.2 1.59961
      vertex 119.696 30.5867 2
      vertex 119.671 30.5791 2
    endloop
  endfacet
  facet normal 0.159041 -0.689177 0.706923
    outer loop
      vertex 119.8 30.2 1.59961
      vertex 119.722 30.5927 2
      vertex 119.696 30.5867 2
    endloop
  endfacet
  facet normal 0.11541 -0.697827 0.706907
    outer loop
      vertex 119.8 30.2 1.59961
      vertex 119.748 30.597 2
      vertex 119.722 30.5927 2
    endloop
  endfacet
  facet normal 0.0676988 -0.704068 0.706899
    outer loop
      vertex 119.8 30.2 1.59961
      vertex 119.774 30.5995 2
      vertex 119.748 30.597 2
    endloop
  endfacet
  facet normal 0.0244691 -0.706886 0.706904
    outer loop
      vertex 119.8 30.2 1.59961
      vertex 119.8 30.6004 2
      vertex 119.774 30.5995 2
    endloop
  endfacet
  facet normal 0 -0.707098 0.707116
    outer loop
      vertex 119.8 30.2 1.59961
      vertex 134.4 30.6004 2
      vertex 119.8 30.6004 2
    endloop
  endfacet
  facet normal 0 -0.707098 0.707116
    outer loop
      vertex 134.4 30.6004 2
      vertex 119.8 30.2 1.59961
      vertex 134.8 30.2 1.59961
    endloop
  endfacet
  facet normal 0.707451 -0 0.706762
    outer loop
      vertex 134.4 30.6004 2
      vertex 134.8 44.8 1.59961
      vertex 134.4 44.3996 2
    endloop
  endfacet
  facet normal 0.707451 0 0.706762
    outer loop
      vertex 134.8 44.8 1.59961
      vertex 134.4 30.6004 2
      vertex 134.8 30.2 1.59961
    endloop
  endfacet
  facet normal 0 0.707098 0.707116
    outer loop
      vertex 134.8 44.8 1.59961
      vertex 90.6004 44.3996 2
      vertex 134.4 44.3996 2
    endloop
  endfacet
  facet normal 0 0.707098 0.707116
    outer loop
      vertex 90.6004 44.3996 2
      vertex 134.8 44.8 1.59961
      vertex 90.2 44.8 1.59961
    endloop
  endfacet
  facet normal -0.707098 0 0.707116
    outer loop
      vertex 90.2 44.8 1.59961
      vertex 90.6004 30.6004 2
      vertex 90.6004 44.3996 2
    endloop
  endfacet
  facet normal -0.707098 0 0.707116
    outer loop
      vertex 90.6004 30.6004 2
      vertex 90.2 44.8 1.59961
      vertex 90.2 30.2 1.59961
    endloop
  endfacet
  facet normal 0 -0.707098 0.707116
    outer loop
      vertex 105.2 30.2 1.59961
      vertex 90.6004 30.6004 2
      vertex 90.2 30.2 1.59961
    endloop
  endfacet
  facet normal 0 -0.707098 0.707116
    outer loop
      vertex 90.6004 30.6004 2
      vertex 105.2 30.2 1.59961
      vertex 105.2 30.6004 2
    endloop
  endfacet
  facet normal -0.0244691 -0.706886 0.706904
    outer loop
      vertex 105.226 30.5995 2
      vertex 105.2 30.6004 2
      vertex 105.2 30.2 1.59961
    endloop
  endfacet
  facet normal -0.0676988 -0.704068 0.706899
    outer loop
      vertex 105.252 30.597 2
      vertex 105.226 30.5995 2
      vertex 105.2 30.2 1.59961
    endloop
  endfacet
  facet normal -0.11541 -0.697827 0.706907
    outer loop
      vertex 105.278 30.5927 2
      vertex 105.252 30.597 2
      vertex 105.2 30.2 1.59961
    endloop
  endfacet
  facet normal -0.159041 -0.689177 0.706923
    outer loop
      vertex 105.304 30.5867 2
      vertex 105.278 30.5927 2
      vertex 105.2 30.2 1.59961
    endloop
  endfacet
  facet normal -0.205708 -0.676671 0.706966
    outer loop
      vertex 105.329 30.5791 2
      vertex 105.304 30.5867 2
      vertex 105.2 30.2 1.59961
    endloop
  endfacet
  facet normal -0.253173 -0.66045 0.706901
    outer loop
      vertex 105.353 30.5699 2
      vertex 105.329 30.5791 2
      vertex 105.2 30.2 1.59961
    endloop
  endfacet
  facet normal -0.290275 -0.645055 0.706855
    outer loop
      vertex 105.377 30.5591 2
      vertex 105.353 30.5699 2
      vertex 105.2 30.2 1.59961
    endloop
  endfacet
  facet normal -0.33569 -0.62265 0.706838
    outer loop
      vertex 105.4 30.5467 2
      vertex 105.377 30.5591 2
      vertex 105.2 30.2 1.59961
    endloop
  endfacet
  facet normal -0.375938 -0.599322 0.706742
    outer loop
      vertex 105.422 30.5329 2
      vertex 105.4 30.5467 2
      vertex 105.2 30.2 1.59961
    endloop
  endfacet
  facet normal -0.402098 -0.581984 0.706832
    outer loop
      vertex 105.444 30.5177 2
      vertex 105.422 30.5329 2
      vertex 105.2 30.2 1.59961
    endloop
  endfacet
  facet normal -0.45329 -0.542862 0.706986
    outer loop
      vertex 105.464 30.501 2
      vertex 105.444 30.5177 2
      vertex 105.2 30.2 1.59961
    endloop
  endfacet
  facet normal -0.485044 -0.514852 0.706866
    outer loop
      vertex 105.483 30.4831 2
      vertex 105.464 30.501 2
      vertex 105.2 30.2 1.59961
    endloop
  endfacet
  facet normal -0.514775 -0.485129 0.706864
    outer loop
      vertex 105.501 30.464 2
      vertex 105.483 30.4831 2
      vertex 105.2 30.2 1.59961
    endloop
  endfacet
  facet normal -0.542202 -0.454061 0.706998
    outer loop
      vertex 105.518 30.4437 2
      vertex 105.501 30.464 2
      vertex 105.2 30.2 1.59961
    endloop
  endfacet
  facet normal -0.578188 -0.407175 0.707041
    outer loop
      vertex 105.533 30.4224 2
      vertex 105.518 30.4437 2
      vertex 105.2 30.2 1.59961
    endloop
  endfacet
  facet normal -0.598173 -0.377227 0.707028
    outer loop
      vertex 105.547 30.4002 2
      vertex 105.533 30.4224 2
      vertex 105.2 30.2 1.59961
    endloop
  endfacet
  facet normal -0.627624 -0.326038 0.706956
    outer loop
      vertex 105.559 30.3771 2
      vertex 105.547 30.4002 2
      vertex 105.2 30.2 1.59961
    endloop
  endfacet
  facet normal -0.642522 -0.295721 0.706905
    outer loop
      vertex 105.57 30.3532 2
      vertex 105.559 30.3771 2
      vertex 105.2 30.2 1.59961
    endloop
  endfacet
  facet normal -0.663952 -0.243901 0.70688
    outer loop
      vertex 105.579 30.3287 2
      vertex 105.57 30.3532 2
      vertex 105.2 30.2 1.59961
    endloop
  endfacet
  facet normal -0.673887 -0.214785 0.706926
    outer loop
      vertex 105.587 30.3036 2
      vertex 105.579 30.3287 2
      vertex 105.2 30.2 1.59961
    endloop
  endfacet
  facet normal -0.688266 -0.161945 0.707152
    outer loop
      vertex 105.593 30.2781 2
      vertex 105.587 30.3036 2
      vertex 105.2 30.2 1.59961
    endloop
  endfacet
  facet normal -0.698815 -0.108343 0.70705
    outer loop
      vertex 105.597 30.2523 2
      vertex 105.593 30.2781 2
      vertex 105.2 30.2 1.59961
    endloop
  endfacet
  facet normal -0.702494 -0.0807465 0.707094
    outer loop
      vertex 105.6 30.2262 2
      vertex 105.597 30.2523 2
      vertex 105.2 30.2 1.59961
    endloop
  endfacet
  facet normal -0.707451 0 0.706762
    outer loop
      vertex 105.6 30.2 2
      vertex 105.6 30.2262 2
      vertex 105.2 30.2 1.59961
    endloop
  endfacet
  facet normal -0.707451 0 0.706762
    outer loop
      vertex 105.2 30.2 1.59961
      vertex 105.6 15.6004 2
      vertex 105.6 30.2 2
    endloop
  endfacet
  facet normal -0.707451 0 0.706762
    outer loop
      vertex 105.6 15.6004 2
      vertex 105.2 30.2 1.59961
      vertex 105.2 15.2 1.59961
    endloop
  endfacet
  facet normal 0 0 1
    outer loop
      vertex 134.4 44.3996 2
      vertex 119.8 30.6004 2
      vertex 134.4 30.6004 2
    endloop
  endfacet
  facet normal 0 0 1
    outer loop
      vertex 134.4 44.3996 2
      vertex 119.774 30.5995 2
      vertex 119.8 30.6004 2
    endloop
  endfacet
  facet normal 0 0 1
    outer loop
      vertex 134.4 44.3996 2
      vertex 119.748 30.597 2
      vertex 119.774 30.5995 2
    endloop
  endfacet
  facet normal 0 0 1
    outer loop
      vertex 134.4 44.3996 2
      vertex 119.722 30.5927 2
      vertex 119.748 30.597 2
    endloop
  endfacet
  facet normal 0 0 1
    outer loop
      vertex 134.4 44.3996 2
      vertex 119.696 30.5867 2
      vertex 119.722 30.5927 2
    endloop
  endfacet
  facet normal 0 0 1
    outer loop
      vertex 134.4 44.3996 2
      vertex 119.671 30.5791 2
      vertex 119.696 30.5867 2
    endloop
  endfacet
  facet normal 0 0 1
    outer loop
      vertex 105.329 30.5791 2
      vertex 119.671 30.5791 2
      vertex 134.4 44.3996 2
    endloop
  endfacet
  facet normal 0 0 1
    outer loop
      vertex 119.671 30.5791 2
      vertex 105.329 30.5791 2
      vertex 119.647 30.5699 2
    endloop
  endfacet
  facet normal 0 -0 1
    outer loop
      vertex 105.353 30.5699 2
      vertex 119.647 30.5699 2
      vertex 105.329 30.5791 2
    endloop
  endfacet
  facet normal 0 0 1
    outer loop
      vertex 119.647 30.5699 2
      vertex 105.353 30.5699 2
      vertex 119.623 30.5591 2
    endloop
  endfacet
  facet normal 0 -0 1
    outer loop
      vertex 105.377 30.5591 2
      vertex 119.623 30.5591 2
      vertex 105.353 30.5699 2
    endloop
  endfacet
  facet normal 0 0 1
    outer loop
      vertex 119.623 30.5591 2
      vertex 105.377 30.5591 2
      vertex 119.6 30.5467 2
    endloop
  endfacet
  facet normal 0 0 1
    outer loop
      vertex 119.4 30.2 2
      vertex 105.6 30.2 2
      vertex 119.4 15.6004 2
    endloop
  endfacet
  facet normal 0 0 1
    outer loop
      vertex 119.4 30.2262 2
      vertex 105.6 30.2 2
      vertex 119.4 30.2 2
    endloop
  endfacet
  facet normal 0 0 1
    outer loop
      vertex 105.6 30.2262 2
      vertex 119.4 30.2262 2
      vertex 119.403 30.2523 2
    endloop
  endfacet
  facet normal 0 0 1
    outer loop
      vertex 105.597 30.2523 2
      vertex 119.403 30.2523 2
      vertex 119.407 30.2781 2
    endloop
  endfacet
  facet normal 0 0 1
    outer loop
      vertex 105.593 30.2781 2
      vertex 119.407 30.2781 2
      vertex 119.413 30.3036 2
    endloop
  endfacet
  facet normal 0 0 1
    outer loop
      vertex 105.587 30.3036 2
      vertex 119.413 30.3036 2
      vertex 119.421 30.3287 2
    endloop
  endfacet
  facet normal 0 0 1
    outer loop
      vertex 105.579 30.3287 2
      vertex 119.421 30.3287 2
      vertex 119.43 30.3532 2
    endloop
  endfacet
  facet normal 0 0 1
    outer loop
      vertex 105.57 30.3532 2
      vertex 119.43 30.3532 2
      vertex 119.441 30.3771 2
    endloop
  endfacet
  facet normal 0 0 1
    outer loop
      vertex 105.559 30.3771 2
      vertex 119.441 30.3771 2
      vertex 119.453 30.4002 2
    endloop
  endfacet
  facet normal 0 0 1
    outer loop
      vertex 105.547 30.4002 2
      vertex 119.453 30.4002 2
      vertex 119.467 30.4224 2
    endloop
  endfacet
  facet normal 0 0 1
    outer loop
      vertex 105.533 30.4224 2
      vertex 119.467 30.4224 2
      vertex 119.482 30.4437 2
    endloop
  endfacet
  facet normal 0 0 1
    outer loop
      vertex 105.518 30.4437 2
      vertex 119.482 30.4437 2
      vertex 119.499 30.464 2
    endloop
  endfacet
  facet normal 0 0 1
    outer loop
      vertex 105.501 30.464 2
      vertex 119.499 30.464 2
      vertex 119.517 30.4831 2
    endloop
  endfacet
  facet normal 0 0 1
    outer loop
      vertex 105.483 30.4831 2
      vertex 119.517 30.4831 2
      vertex 119.536 30.501 2
    endloop
  endfacet
  facet normal 0 -0 1
    outer loop
      vertex 105.4 30.5467 2
      vertex 119.6 30.5467 2
      vertex 105.377 30.5591 2
    endloop
  endfacet
  facet normal 0 0 1
    outer loop
      vertex 119.4 30.2262 2
      vertex 105.6 30.2262 2
      vertex 105.6 30.2 2
    endloop
  endfacet
  facet normal 0 0 1
    outer loop
      vertex 119.403 30.2523 2
      vertex 105.597 30.2523 2
      vertex 105.6 30.2262 2
    endloop
  endfacet
  facet normal 0 0 1
    outer loop
      vertex 119.407 30.2781 2
      vertex 105.593 30.2781 2
      vertex 105.597 30.2523 2
    endloop
  endfacet
  facet normal 0 0 1
    outer loop
      vertex 119.413 30.3036 2
      vertex 105.587 30.3036 2
      vertex 105.593 30.2781 2
    endloop
  endfacet
  facet normal 0 0 1
    outer loop
      vertex 119.421 30.3287 2
      vertex 105.579 30.3287 2
      vertex 105.587 30.3036 2
    endloop
  endfacet
  facet normal 0 0 1
    outer loop
      vertex 119.43 30.3532 2
      vertex 105.57 30.3532 2
      vertex 105.579 30.3287 2
    endloop
  endfacet
  facet normal 0 0 1
    outer loop
      vertex 119.441 30.3771 2
      vertex 105.559 30.3771 2
      vertex 105.57 30.3532 2
    endloop
  endfacet
  facet normal 0 0 1
    outer loop
      vertex 119.453 30.4002 2
      vertex 105.547 30.4002 2
      vertex 105.559 30.3771 2
    endloop
  endfacet
  facet normal 0 0 1
    outer loop
      vertex 119.467 30.4224 2
      vertex 105.533 30.4224 2
      vertex 105.547 30.4002 2
    endloop
  endfacet
  facet normal 0 0 1
    outer loop
      vertex 119.482 30.4437 2
      vertex 105.518 30.4437 2
      vertex 105.533 30.4224 2
    endloop
  endfacet
  facet normal 0 0 1
    outer loop
      vertex 119.499 30.464 2
      vertex 105.501 30.464 2
      vertex 105.518 30.4437 2
    endloop
  endfacet
  facet normal 0 0 1
    outer loop
      vertex 119.517 30.4831 2
      vertex 105.483 30.4831 2
      vertex 105.501 30.464 2
    endloop
  endfacet
  facet normal 0 0 1
    outer loop
      vertex 119.536 30.501 2
      vertex 105.464 30.501 2
      vertex 105.483 30.4831 2
    endloop
  endfacet
  facet normal 0 0 1
    outer loop
      vertex 119.536 30.501 2
      vertex 105.444 30.5177 2
      vertex 105.464 30.501 2
    endloop
  endfacet
  facet normal 0 0 1
    outer loop
      vertex 119.556 30.5177 2
      vertex 105.444 30.5177 2
      vertex 119.536 30.501 2
    endloop
  endfacet
  facet normal 0 -0 1
    outer loop
      vertex 105.444 30.5177 2
      vertex 119.556 30.5177 2
      vertex 105.422 30.5329 2
    endloop
  endfacet
  facet normal 0 0 1
    outer loop
      vertex 119.578 30.5329 2
      vertex 105.422 30.5329 2
      vertex 119.556 30.5177 2
    endloop
  endfacet
  facet normal 0 -0 1
    outer loop
      vertex 105.422 30.5329 2
      vertex 119.578 30.5329 2
      vertex 105.4 30.5467 2
    endloop
  endfacet
  facet normal 0 0 1
    outer loop
      vertex 119.6 30.5467 2
      vertex 105.4 30.5467 2
      vertex 119.578 30.5329 2
    endloop
  endfacet
  facet normal -0 0 1
    outer loop
      vertex 90.6004 44.3996 2
      vertex 105.329 30.5791 2
      vertex 134.4 44.3996 2
    endloop
  endfacet
  facet normal 0 0 1
    outer loop
      vertex 105.329 30.5791 2
      vertex 90.6004 44.3996 2
      vertex 105.304 30.5867 2
    endloop
  endfacet
  facet normal 0 0 1
    outer loop
      vertex 105.304 30.5867 2
      vertex 90.6004 44.3996 2
      vertex 105.278 30.5927 2
    endloop
  endfacet
  facet normal 0 0 1
    outer loop
      vertex 105.278 30.5927 2
      vertex 90.6004 44.3996 2
      vertex 105.252 30.597 2
    endloop
  endfacet
  facet normal 0 0 1
    outer loop
      vertex 105.252 30.597 2
      vertex 90.6004 44.3996 2
      vertex 105.226 30.5995 2
    endloop
  endfacet
  facet normal 0 0 1
    outer loop
      vertex 105.226 30.5995 2
      vertex 90.6004 44.3996 2
      vertex 105.2 30.6004 2
    endloop
  endfacet
  facet normal 0 0 1
    outer loop
      vertex 105.2 30.6004 2
      vertex 90.6004 44.3996 2
      vertex 90.6004 30.6004 2
    endloop
  endfacet
  facet normal 0 0 1
    outer loop
      vertex 119.4 15.6004 2
      vertex 105.6 30.2 2
      vertex 105.6 15.6004 2
    endloop
  endfacet
  facet normal 0 -1 0
    outer loop
      vertex 105.2 15.2 0.400391
      vertex 119.8 15.2 1.59961
      vertex 105.2 15.2 1.59961
    endloop
  endfacet
  facet normal 0 -1 -0
    outer loop
      vertex 119.8 15.2 1.59961
      vertex 105.2 15.2 0.400391
      vertex 119.8 15.2 0.400391
    endloop
  endfacet
  facet normal 1 -0 0
    outer loop
      vertex 119.8 15.2 1.59961
      vertex 119.8 30.2 0.400391
      vertex 119.8 30.2 1.59961
    endloop
  endfacet
  facet normal 1 0 0
    outer loop
      vertex 119.8 30.2 0.400391
      vertex 119.8 15.2 1.59961
      vertex 119.8 15.2 0.400391
    endloop
  endfacet
  facet normal 0 -1 0
    outer loop
      vertex 119.8 30.2 0.400391
      vertex 134.8 30.2 1.59961
      vertex 119.8 30.2 1.59961
    endloop
  endfacet
  facet normal 0 -1 -0
    outer loop
      vertex 134.8 30.2 1.59961
      vertex 119.8 30.2 0.400391
      vertex 134.8 30.2 0.400391
    endloop
  endfacet
  facet normal 1 -0 0
    outer loop
      vertex 134.8 30.2 1.59961
      vertex 134.8 44.8 0.400391
      vertex 134.8 44.8 1.59961
    endloop
  endfacet
  facet normal 1 0 0
    outer loop
      vertex 134.8 44.8 0.400391
      vertex 134.8 30.2 1.59961
      vertex 134.8 30.2 0.400391
    endloop
  endfacet
  facet normal 0 1 -0
    outer loop
      vertex 134.8 44.8 0.400391
      vertex 90.2 44.8 1.59961
      vertex 134.8 44.8 1.59961
    endloop
  endfacet
  facet normal 0 1 0
    outer loop
      vertex 90.2 44.8 1.59961
      vertex 134.8 44.8 0.400391
      vertex 90.2 44.8 0.400391
    endloop
  endfacet
  facet normal -1 0 0
    outer loop
      vertex 90.2 30.2 0.400391
      vertex 90.2 44.8 1.59961
      vertex 90.2 44.8 0.400391
    endloop
  endfacet
  facet normal -1 -0 0
    outer loop
      vertex 90.2 44.8 1.59961
      vertex 90.2 30.2 0.400391
      vertex 90.2 30.2 1.59961
    endloop
  endfacet
  facet normal 0 -1 0
    outer loop
      vertex 90.2 30.2 0.400391
      vertex 105.2 30.2 1.59961
      vertex 90.2 30.2 1.59961
    endloop
  endfacet
  facet normal 0 -1 -0
    outer loop
      vertex 105.2 30.2 1.59961
      vertex 90.2 30.2 0.400391
      vertex 105.2 30.2 0.400391
    endloop
  endfacet
  facet normal -1 0 0
    outer loop
      vertex 105.2 15.2 0.400391
      vertex 105.2 30.2 1.59961
      vertex 105.2 30.2 0.400391
    endloop
  endfacet
  facet normal -1 -0 0
    outer loop
      vertex 105.2 30.2 1.59961
      vertex 105.2 15.2 0.400391
      vertex 105.2 15.2 1.59961
    endloop
  endfacet
  facet normal 1 -0 0
    outer loop
      vertex 104.8 45.2 1.59961
      vertex 104.8 74.8 0.400391
      vertex 104.8 74.8 1.59961
    endloop
  endfacet
  facet normal 1 0 0
    outer loop
      vertex 104.8 74.8 0.400391
      vertex 104.8 45.2 1.59961
      vertex 104.8 45.2 0.400391
    endloop
  endfacet
  facet normal 0 -0.707099 -0.707115
    outer loop
      vertex 75.6004 45.6004 0
      vertex 104.8 45.2 0.400391
      vertex 75.2 45.2 0.400391
    endloop
  endfacet
  facet normal 0 -0.707099 -0.707115
    outer loop
      vertex 104.8 45.2 0.400391
      vertex 75.6004 45.6004 0
      vertex 104.4 45.6004 0
    endloop
  endfacet
  facet normal 0.707452 0 -0.706761
    outer loop
      vertex 104.8 74.8 0.400391
      vertex 104.4 45.6004 0
      vertex 104.4 74.3996 0
    endloop
  endfacet
  facet normal 0.707452 0 -0.706761
    outer loop
      vertex 104.4 45.6004 0
      vertex 104.8 74.8 0.400391
      vertex 104.8 45.2 0.400391
    endloop
  endfacet
  facet normal -0.707098 0 0.707116
    outer loop
      vertex 75.2 74.8 1.59961
      vertex 75.6004 45.6004 2
      vertex 75.6004 74.3996 2
    endloop
  endfacet
  facet normal -0.707098 0 0.707116
    outer loop
      vertex 75.6004 45.6004 2
      vertex 75.2 74.8 1.59961
      vertex 75.2 45.2 1.59961
    endloop
  endfacet
  facet normal 0 1 -0
    outer loop
      vertex 104.8 74.8 0.400391
      vertex 75.2 74.8 1.59961
      vertex 104.8 74.8 1.59961
    endloop
  endfacet
  facet normal 0 1 0
    outer loop
      vertex 75.2 74.8 1.59961
      vertex 104.8 74.8 0.400391
      vertex 75.2 74.8 0.400391
    endloop
  endfacet
  facet normal 0 -0.707098 0.707116
    outer loop
      vertex 75.2 45.2 1.59961
      vertex 104.4 45.6004 2
      vertex 75.6004 45.6004 2
    endloop
  endfacet
  facet normal 0 -0.707098 0.707116
    outer loop
      vertex 104.4 45.6004 2
      vertex 75.2 45.2 1.59961
      vertex 104.8 45.2 1.59961
    endloop
  endfacet
  facet normal 0 0.707099 -0.707115
    outer loop
      vertex 104.4 74.3996 0
      vertex 75.2 74.8 0.400391
      vertex 104.8 74.8 0.400391
    endloop
  endfacet
  facet normal 0 0.707099 -0.707115
    outer loop
      vertex 75.2 74.8 0.400391
      vertex 104.4 74.3996 0
      vertex 75.6004 74.3996 0
    endloop
  endfacet
  facet normal -0.707099 0 -0.707115
    outer loop
      vertex 75.6004 45.6004 0
      vertex 75.2 74.8 0.400391
      vertex 75.6004 74.3996 0
    endloop
  endfacet
  facet normal -0.707099 -0 -0.707115
    outer loop
      vertex 75.2 74.8 0.400391
      vertex 75.6004 45.6004 0
      vertex 75.2 45.2 0.400391
    endloop
  endfacet
  facet normal -0 0 1
    outer loop
      vertex 75.6004 74.3996 2
      vertex 104.4 45.6004 2
      vertex 104.4 74.3996 2
    endloop
  endfacet
  facet normal 0 0 1
    outer loop
      vertex 104.4 45.6004 2
      vertex 75.6004 74.3996 2
      vertex 75.6004 45.6004 2
    endloop
  endfacet
  facet normal 0 0.707098 0.707116
    outer loop
      vertex 104.8 74.8 1.59961
      vertex 75.6004 74.3996 2
      vertex 104.4 74.3996 2
    endloop
  endfacet
  facet normal 0 0.707098 0.707116
    outer loop
      vertex 75.6004 74.3996 2
      vertex 104.8 74.8 1.59961
      vertex 75.2 74.8 1.59961
    endloop
  endfacet
  facet normal -1 0 0
    outer loop
      vertex 75.2 45.2 0.400391
      vertex 75.2 74.8 1.59961
      vertex 75.2 74.8 0.400391
    endloop
  endfacet
  facet normal -1 -0 0
    outer loop
      vertex 75.2 74.8 1.59961
      vertex 75.2 45.2 0.400391
      vertex 75.2 45.2 1.59961
    endloop
  endfacet
  facet normal 0 -1 0
    outer loop
      vertex 75.2 45.2 0.400391
      vertex 104.8 45.2 1.59961
      vertex 75.2 45.2 1.59961
    endloop
  endfacet
  facet normal 0 -1 -0
    outer loop
      vertex 104.8 45.2 1.59961
      vertex 75.2 45.2 0.400391
      vertex 104.8 45.2 0.400391
    endloop
  endfacet
  facet normal 0 0 -1
    outer loop
      vertex 75.6004 45.6004 0
      vertex 104.4 74.3996 0
      vertex 104.4 45.6004 0
    endloop
  endfacet
  facet normal -0 0 -1
    outer loop
      vertex 104.4 74.3996 0
      vertex 75.6004 45.6004 0
      vertex 75.6004 74.3996 0
    endloop
  endfacet
  facet normal 0.707451 -0 0.706762
    outer loop
      vertex 104.4 45.6004 2
      vertex 104.8 74.8 1.59961
      vertex 104.4 74.3996 2
    endloop
  endfacet
  facet normal 0.707451 0 0.706762
    outer loop
      vertex 104.8 74.8 1.59961
      vertex 104.4 45.6004 2
      vertex 104.8 45.2 1.59961
    endloop
  endfacet
  facet normal 1 -0 0
    outer loop
      vertex 149.8 15.2 1.59961
      vertex 149.8 74.8 0.400391
      vertex 149.8 74.8 1.59961
    endloop
  endfacet
  facet normal 1 0 0
    outer loop
      vertex 149.8 74.8 0.400391
      vertex 149.8 15.2 1.59961
      vertex 149.8 15.2 0.400391
    endloop
  endfacet
  facet normal 0 1 -0
    outer loop
      vertex 149.8 74.8 0.400391
      vertex 135.2 74.8 1.59961
      vertex 149.8 74.8 1.59961
    endloop
  endfacet
  facet normal 0 1 0
    outer loop
      vertex 135.2 74.8 1.59961
      vertex 149.8 74.8 0.400391
      vertex 135.2 74.8 0.400391
    endloop
  endfacet
  facet normal 0 -0.707099 -0.707115
    outer loop
      vertex 135.6 15.6004 0
      vertex 149.8 15.2 0.400391
      vertex 135.2 15.2 0.400391
    endloop
  endfacet
  facet normal 0 -0.707099 -0.707115
    outer loop
      vertex 149.8 15.2 0.400391
      vertex 135.6 15.6004 0
      vertex 149.4 15.6004 0
    endloop
  endfacet
  facet normal 0.707452 0 -0.706761
    outer loop
      vertex 149.8 74.8 0.400391
      vertex 149.4 15.6004 0
      vertex 149.4 74.3996 0
    endloop
  endfacet
  facet normal 0.707452 0 -0.706761
    outer loop
      vertex 149.4 15.6004 0
      vertex 149.8 74.8 0.400391
      vertex 149.8 15.2 0.400391
    endloop
  endfacet
  facet normal -0.707451 0 0.706762
    outer loop
      vertex 135.2 74.8 1.59961
      vertex 135.6 15.6004 2
      vertex 135.6 74.3996 2
    endloop
  endfacet
  facet normal -0.707451 0 0.706762
    outer loop
      vertex 135.6 15.6004 2
      vertex 135.2 74.8 1.59961
      vertex 135.2 15.2 1.59961
    endloop
  endfacet
  facet normal 0 -0.707098 0.707116
    outer loop
      vertex 135.2 15.2 1.59961
      vertex 149.4 15.6004 2
      vertex 135.6 15.6004 2
    endloop
  endfacet
  facet normal 0 -0.707098 0.707116
    outer loop
      vertex 149.4 15.6004 2
      vertex 135.2 15.2 1.59961
      vertex 149.8 15.2 1.59961
    endloop
  endfacet
  facet normal 0 0.707099 -0.707115
    outer loop
      vertex 149.4 74.3996 0
      vertex 135.2 74.8 0.400391
      vertex 149.8 74.8 0.400391
    endloop
  endfacet
  facet normal 0 0.707099 -0.707115
    outer loop
      vertex 135.2 74.8 0.400391
      vertex 149.4 74.3996 0
      vertex 135.6 74.3996 0
    endloop
  endfacet
  facet normal -0.707452 0 -0.706761
    outer loop
      vertex 135.6 15.6004 0
      vertex 135.2 74.8 0.400391
      vertex 135.6 74.3996 0
    endloop
  endfacet
  facet normal -0.707452 -0 -0.706761
    outer loop
      vertex 135.2 74.8 0.400391
      vertex 135.6 15.6004 0
      vertex 135.2 15.2 0.400391
    endloop
  endfacet
  facet normal -0 0 1
    outer loop
      vertex 135.6 74.3996 2
      vertex 149.4 15.6004 2
      vertex 149.4 74.3996 2
    endloop
  endfacet
  facet normal 0 0 1
    outer loop
      vertex 149.4 15.6004 2
      vertex 135.6 74.3996 2
      vertex 135.6 15.6004 2
    endloop
  endfacet
  facet normal 0 0.707098 0.707116
    outer loop
      vertex 149.8 74.8 1.59961
      vertex 135.6 74.3996 2
      vertex 149.4 74.3996 2
    endloop
  endfacet
  facet normal 0 0.707098 0.707116
    outer loop
      vertex 135.6 74.3996 2
      vertex 149.8 74.8 1.59961
      vertex 135.2 74.8 1.59961
    endloop
  endfacet
  facet normal -1 0 0
    outer loop
      vertex 135.2 15.2 0.400391
      vertex 135.2 74.8 1.59961
      vertex 135.2 74.8 0.400391
    endloop
  endfacet
  facet normal -1 -0 0
    outer loop
      vertex 135.2 74.8 1.59961
      vertex 135.2 15.2 0.400391
      vertex 135.2 15.2 1.59961
    endloop
  endfacet
  facet normal 0 -1 0
    outer loop
      vertex 135.2 15.2 0.400391
      vertex 149.8 15.2 1.59961
      vertex 135.2 15.2 1.59961
    endloop
  endfacet
  facet normal 0 -1 -0
    outer loop
      vertex 149.8 15.2 1.59961
      vertex 135.2 15.2 0.400391
      vertex 149.8 15.2 0.400391
    endloop
  endfacet
  facet normal 0 0 -1
    outer loop
      vertex 135.6 15.6004 0
      vertex 149.4 74.3996 0
      vertex 149.4 15.6004 0
    endloop
  endfacet
  facet normal -0 0 -1
    outer loop
      vertex 149.4 74.3996 0
      vertex 135.6 15.6004 0
      vertex 135.6 74.3996 0
    endloop
  endfacet
  facet normal 0.707451 -0 0.706762
    outer loop
      vertex 149.4 15.6004 2
      vertex 149.8 74.8 1.59961
      vertex 149.4 74.3996 2
    endloop
  endfacet
  facet normal 0.707451 0 0.706762
    outer loop
      vertex 149.8 74.8 1.59961
      vertex 149.4 15.6004 2
      vertex 149.8 15.2 1.59961
    endloop
  endfacet
  facet normal 0 -0.707099 -0.707115
    outer loop
      vertex 45.6004 30.6004 0
      vertex 59.8 30.2 0.400391
      vertex 45.2 30.2 0.400391
    endloop
  endfacet
  facet normal 0 -0.707099 -0.707115
    outer loop
      vertex 59.8 30.2 0.400391
      vertex 45.6004 30.6004 0
      vertex 59.3996 30.6004 0
    endloop
  endfacet
  facet normal 0.707099 0 -0.707115
    outer loop
      vertex 59.8 74.8 0.400391
      vertex 59.3996 30.6004 0
      vertex 59.3996 74.3996 0
    endloop
  endfacet
  facet normal 0.707099 0 -0.707115
    outer loop
      vertex 59.3996 30.6004 0
      vertex 59.8 74.8 0.400391
      vertex 59.8 30.2 0.400391
    endloop
  endfacet
  facet normal 0 0.707099 -0.707115
    outer loop
      vertex 59.3996 74.3996 0
      vertex 30.2 74.8 0.400391
      vertex 59.8 74.8 0.400391
    endloop
  endfacet
  facet normal 0 0.707099 -0.707115
    outer loop
      vertex 30.2 74.8 0.400391
      vertex 59.3996 74.3996 0
      vertex 30.6004 74.3996 0
    endloop
  endfacet
  facet normal -0.707099 0 -0.707115
    outer loop
      vertex 30.6004 60.6004 0
      vertex 30.2 74.8 0.400391
      vertex 30.6004 74.3996 0
    endloop
  endfacet
  facet normal -0.707099 -0 -0.707115
    outer loop
      vertex 30.2 74.8 0.400391
      vertex 30.6004 60.6004 0
      vertex 30.2 60.2 0.400391
    endloop
  endfacet
  facet normal 0 -0.707099 -0.707115
    outer loop
      vertex 30.6004 60.6004 0
      vertex 45.2 60.2 0.400391
      vertex 30.2 60.2 0.400391
    endloop
  endfacet
  facet normal 0 -0.707099 -0.707115
    outer loop
      vertex 45.2 60.2 0.400391
      vertex 30.6004 60.6004 0
      vertex 45.2 60.6004 0
    endloop
  endfacet
  facet normal -0.0242825 -0.70689 -0.706906
    outer loop
      vertex 45.2 60.6004 0
      vertex 45.2262 60.5995 0
      vertex 45.2 60.2 0.400391
    endloop
  endfacet
  facet normal -0.0674399 -0.704072 -0.706919
    outer loop
      vertex 45.2262 60.5995 0
      vertex 45.2523 60.597 0
      vertex 45.2 60.2 0.400391
    endloop
  endfacet
  facet normal -0.116276 -0.697655 -0.706935
    outer loop
      vertex 45.2523 60.597 0
      vertex 45.2781 60.5927 0
      vertex 45.2 60.2 0.400391
    endloop
  endfacet
  facet normal -0.162004 -0.688518 -0.706893
    outer loop
      vertex 45.2781 60.5927 0
      vertex 45.3036 60.5867 0
      vertex 45.2 60.2 0.400391
    endloop
  endfacet
  facet normal -0.204984 -0.676985 -0.706875
    outer loop
      vertex 45.3036 60.5867 0
      vertex 45.3287 60.5791 0
      vertex 45.2 60.2 0.400391
    endloop
  endfacet
  facet normal -0.248654 -0.662176 -0.706891
    outer loop
      vertex 45.3287 60.5791 0
      vertex 45.3532 60.5699 0
      vertex 45.2 60.2 0.400391
    endloop
  endfacet
  facet normal -0.291261 -0.64455 -0.70691
    outer loop
      vertex 45.3532 60.5699 0
      vertex 45.3771 60.5591 0
      vertex 45.2 60.2 0.400391
    endloop
  endfacet
  facet normal -0.334532 -0.623201 -0.706901
    outer loop
      vertex 45.3771 60.5591 0
      vertex 45.4002 60.5467 0
      vertex 45.2 60.2 0.400391
    endloop
  endfacet
  facet normal -0.373423 -0.600724 -0.706885
    outer loop
      vertex 45.4002 60.5467 0
      vertex 45.4224 60.5329 0
      vertex 45.2 60.2 0.400391
    endloop
  endfacet
  facet normal -0.410858 -0.575742 -0.706907
    outer loop
      vertex 45.4224 60.5329 0
      vertex 45.4437 60.5177 0
      vertex 45.2 60.2 0.400391
    endloop
  endfacet
  facet normal -0.449353 -0.54622 -0.706913
    outer loop
      vertex 45.4437 60.5177 0
      vertex 45.464 60.501 0
      vertex 45.2 60.2 0.400391
    endloop
  endfacet
  facet normal -0.483673 -0.516098 -0.706897
    outer loop
      vertex 45.464 60.501 0
      vertex 45.4831 60.4831 0
      vertex 45.2 60.2 0.400391
    endloop
  endfacet
  facet normal -0.516098 -0.483673 -0.706897
    outer loop
      vertex 45.4831 60.4831 0
      vertex 45.501 60.464 0
      vertex 45.2 60.2 0.400391
    endloop
  endfacet
  facet normal -0.54622 -0.449353 -0.706913
    outer loop
      vertex 45.501 60.464 0
      vertex 45.5177 60.4437 0
      vertex 45.2 60.2 0.400391
    endloop
  endfacet
  facet normal -0.575742 -0.410858 -0.706907
    outer loop
      vertex 45.5177 60.4437 0
      vertex 45.5329 60.4224 0
      vertex 45.2 60.2 0.400391
    endloop
  endfacet
  facet normal -0.600724 -0.373423 -0.706885
    outer loop
      vertex 45.5329 60.4224 0
      vertex 45.5467 60.4002 0
      vertex 45.2 60.2 0.400391
    endloop
  endfacet
  facet normal -0.623201 -0.334532 -0.706901
    outer loop
      vertex 45.5467 60.4002 0
      vertex 45.5591 60.3771 0
      vertex 45.2 60.2 0.400391
    endloop
  endfacet
  facet normal -0.64455 -0.291261 -0.70691
    outer loop
      vertex 45.5591 60.3771 0
      vertex 45.5699 60.3532 0
      vertex 45.2 60.2 0.400391
    endloop
  endfacet
  facet normal -0.662176 -0.248654 -0.706891
    outer loop
      vertex 45.5699 60.3532 0
      vertex 45.5791 60.3287 0
      vertex 45.2 60.2 0.400391
    endloop
  endfacet
  facet normal -0.676985 -0.204984 -0.706875
    outer loop
      vertex 45.5791 60.3287 0
      vertex 45.5867 60.3036 0
      vertex 45.2 60.2 0.400391
    endloop
  endfacet
  facet normal -0.688518 -0.162004 -0.706893
    outer loop
      vertex 45.5867 60.3036 0
      vertex 45.5927 60.2781 0
      vertex 45.2 60.2 0.400391
    endloop
  endfacet
  facet normal -0.697655 -0.116276 -0.706935
    outer loop
      vertex 45.5927 60.2781 0
      vertex 45.597 60.2523 0
      vertex 45.2 60.2 0.400391
    endloop
  endfacet
  facet normal -0.704072 -0.0674399 -0.706919
    outer loop
      vertex 45.597 60.2523 0
      vertex 45.5995 60.2262 0
      vertex 45.2 60.2 0.400391
    endloop
  endfacet
  facet normal -0.70689 -0.0242825 -0.706906
    outer loop
      vertex 45.5995 60.2262 0
      vertex 45.6004 60.2 0
      vertex 45.2 60.2 0.400391
    endloop
  endfacet
  facet normal -0.707099 0 -0.707115
    outer loop
      vertex 45.6004 30.6004 0
      vertex 45.2 60.2 0.400391
      vertex 45.6004 60.2 0
    endloop
  endfacet
  facet normal -0.707099 -0 -0.707115
    outer loop
      vertex 45.2 60.2 0.400391
      vertex 45.6004 30.6004 0
      vertex 45.2 30.2 0.400391
    endloop
  endfacet
  facet normal 0 0 -1
    outer loop
      vertex 59.3996 30.6004 0
      vertex 58.5004 61.7 0
      vertex 59.3996 74.3996 0
    endloop
  endfacet
  facet normal 0 0 -1
    outer loop
      vertex 59.3996 30.6004 0
      vertex 58.5 61.6869 0
      vertex 58.5004 61.7 0
    endloop
  endfacet
  facet normal 0 0 -1
    outer loop
      vertex 59.3996 30.6004 0
      vertex 58.4987 61.6738 0
      vertex 58.5 61.6869 0
    endloop
  endfacet
  facet normal 0 0 -1
    outer loop
      vertex 59.3996 30.6004 0
      vertex 58.4965 61.6609 0
      vertex 58.4987 61.6738 0
    endloop
  endfacet
  facet normal 0 0 -1
    outer loop
      vertex 59.3996 30.6004 0
      vertex 58.4936 61.6481 0
      vertex 58.4965 61.6609 0
    endloop
  endfacet
  facet normal 0 0 -1
    outer loop
      vertex 59.3996 30.6004 0
      vertex 58.4898 61.6356 0
      vertex 58.4936 61.6481 0
    endloop
  endfacet
  facet normal 0 0 -1
    outer loop
      vertex 59.3996 30.6004 0
      vertex 58.4851 61.6233 0
      vertex 58.4898 61.6356 0
    endloop
  endfacet
  facet normal 0 0 -1
    outer loop
      vertex 59.3996 30.6004 0
      vertex 58.4797 61.6114 0
      vertex 58.4851 61.6233 0
    endloop
  endfacet
  facet normal 0 0 -1
    outer loop
      vertex 59.3996 30.6004 0
      vertex 58.4735 61.5998 0
      vertex 58.4797 61.6114 0
    endloop
  endfacet
  facet normal 0 0 -1
    outer loop
      vertex 59.3996 30.6004 0
      vertex 58.4666 61.5887 0
      vertex 58.4735 61.5998 0
    endloop
  endfacet
  facet normal 0 0 -1
    outer loop
      vertex 59.3996 30.6004 0
      vertex 58.459 61.578 0
      vertex 58.4666 61.5887 0
    endloop
  endfacet
  facet normal 0 0 -1
    outer loop
      vertex 59.3996 30.6004 0
      vertex 58.4507 61.5679 0
      vertex 58.459 61.578 0
    endloop
  endfacet
  facet normal 0 0 -1
    outer loop
      vertex 59.3996 30.6004 0
      vertex 58.4417 61.5583 0
      vertex 58.4507 61.5679 0
    endloop
  endfacet
  facet normal 0 0 -1
    outer loop
      vertex 59.3996 30.6004 0
      vertex 58.4321 61.5493 0
      vertex 58.4417 61.5583 0
    endloop
  endfacet
  facet normal 0 0 -1
    outer loop
      vertex 59.3996 30.6004 0
      vertex 58.422 61.541 0
      vertex 58.4321 61.5493 0
    endloop
  endfacet
  facet normal 0 0 -1
    outer loop
      vertex 59.3996 30.6004 0
      vertex 58.4113 61.5334 0
      vertex 58.422 61.541 0
    endloop
  endfacet
  facet normal 0 0 -1
    outer loop
      vertex 59.3996 30.6004 0
      vertex 58.4002 61.5265 0
      vertex 58.4113 61.5334 0
    endloop
  endfacet
  facet normal 0 0 -1
    outer loop
      vertex 59.3996 30.6004 0
      vertex 58.3886 61.5203 0
      vertex 58.4002 61.5265 0
    endloop
  endfacet
  facet normal 0 0 -1
    outer loop
      vertex 59.3996 30.6004 0
      vertex 58.3767 61.5149 0
      vertex 58.3886 61.5203 0
    endloop
  endfacet
  facet normal 0 0 -1
    outer loop
      vertex 59.3996 30.6004 0
      vertex 58.3644 61.5102 0
      vertex 58.3767 61.5149 0
    endloop
  endfacet
  facet normal 0 0 -1
    outer loop
      vertex 59.3996 30.6004 0
      vertex 58.3519 61.5064 0
      vertex 58.3644 61.5102 0
    endloop
  endfacet
  facet normal 0 0 -1
    outer loop
      vertex 59.3996 30.6004 0
      vertex 58.3391 61.5035 0
      vertex 58.3519 61.5064 0
    endloop
  endfacet
  facet normal 0 0 -1
    outer loop
      vertex 59.3996 30.6004 0
      vertex 58.3262 61.5013 0
      vertex 58.3391 61.5035 0
    endloop
  endfacet
  facet normal 0 0 -1
    outer loop
      vertex 59.3996 30.6004 0
      vertex 58.3131 61.5 0
      vertex 58.3262 61.5013 0
    endloop
  endfacet
  facet normal 0 0 -1
    outer loop
      vertex 59.3996 30.6004 0
      vertex 58.3 61.4996 0
      vertex 58.3131 61.5 0
    endloop
  endfacet
  facet normal 0 0 -1
    outer loop
      vertex 45.6004 60.2 0
      vertex 58.3 61.4996 0
      vertex 59.3996 30.6004 0
    endloop
  endfacet
  facet normal -0 0 -1
    outer loop
      vertex 58.3 61.4996 0
      vertex 45.6004 60.2 0
      vertex 46.7 61.4996 0
    endloop
  endfacet
  facet normal 0 0 -1
    outer loop
      vertex 45.5995 60.2262 0
      vertex 46.7 61.4996 0
      vertex 45.6004 60.2 0
    endloop
  endfacet
  facet normal 0 0 -1
    outer loop
      vertex 45.597 60.2523 0
      vertex 46.7 61.4996 0
      vertex 45.5995 60.2262 0
    endloop
  endfacet
  facet normal -0 0 -1
    outer loop
      vertex 46.7 61.4996 0
      vertex 45.597 60.2523 0
      vertex 46.6869 61.5 0
    endloop
  endfacet
  facet normal 0 0 -1
    outer loop
      vertex 45.5927 60.2781 0
      vertex 46.6869 61.5 0
      vertex 45.597 60.2523 0
    endloop
  endfacet
  facet normal -0 0 -1
    outer loop
      vertex 46.6869 61.5 0
      vertex 45.5927 60.2781 0
      vertex 46.6738 61.5013 0
    endloop
  endfacet
  facet normal 0 0 -1
    outer loop
      vertex 45.5867 60.3036 0
      vertex 46.6738 61.5013 0
      vertex 45.5927 60.2781 0
    endloop
  endfacet
  facet normal -0 0 -1
    outer loop
      vertex 46.6738 61.5013 0
      vertex 45.5867 60.3036 0
      vertex 46.6609 61.5035 0
    endloop
  endfacet
  facet normal 0 0 -1
    outer loop
      vertex 45.5791 60.3287 0
      vertex 46.6609 61.5035 0
      vertex 45.5867 60.3036 0
    endloop
  endfacet
  facet normal -0 0 -1
    outer loop
      vertex 46.6609 61.5035 0
      vertex 45.5791 60.3287 0
      vertex 46.6481 61.5064 0
    endloop
  endfacet
  facet normal 0 0 -1
    outer loop
      vertex 45.5699 60.3532 0
      vertex 46.6481 61.5064 0
      vertex 45.5791 60.3287 0
    endloop
  endfacet
  facet normal -0 0 -1
    outer loop
      vertex 46.6481 61.5064 0
      vertex 45.5699 60.3532 0
      vertex 46.6356 61.5102 0
    endloop
  endfacet
  facet normal -0 0 -1
    outer loop
      vertex 46.6356 61.5102 0
      vertex 45.5699 60.3532 0
      vertex 46.6233 61.5149 0
    endloop
  endfacet
  facet normal 0 0 -1
    outer loop
      vertex 45.5591 60.3771 0
      vertex 46.6233 61.5149 0
      vertex 45.5699 60.3532 0
    endloop
  endfacet
  facet normal -0 0 -1
    outer loop
      vertex 46.6233 61.5149 0
      vertex 45.5591 60.3771 0
      vertex 46.6114 61.5203 0
    endloop
  endfacet
  facet normal 0 0 -1
    outer loop
      vertex 45.5467 60.4002 0
      vertex 46.6114 61.5203 0
      vertex 45.5591 60.3771 0
    endloop
  endfacet
  facet normal -0 0 -1
    outer loop
      vertex 46.6114 61.5203 0
      vertex 45.5467 60.4002 0
      vertex 46.5998 61.5265 0
    endloop
  endfacet
  facet normal 0 0 -1
    outer loop
      vertex 45.5329 60.4224 0
      vertex 46.5998 61.5265 0
      vertex 45.5467 60.4002 0
    endloop
  endfacet
  facet normal 0 0 -1
    outer loop
      vertex 45.4831 60.4831 0
      vertex 46.5583 61.5583 0
      vertex 45.501 60.464 0
    endloop
  endfacet
  facet normal -0 0 -1
    outer loop
      vertex 46.5679 61.5493 0
      vertex 45.501 60.464 0
      vertex 46.5583 61.5583 0
    endloop
  endfacet
  facet normal -0 0 -1
    outer loop
      vertex 46.578 61.541 0
      vertex 45.501 60.464 0
      vertex 46.5679 61.5493 0
    endloop
  endfacet
  facet normal 0 0 -1
    outer loop
      vertex 45.501 60.464 0
      vertex 46.578 61.541 0
      vertex 45.5177 60.4437 0
    endloop
  endfacet
  facet normal -0 0 -1
    outer loop
      vertex 46.5887 61.5334 0
      vertex 45.5177 60.4437 0
      vertex 46.578 61.541 0
    endloop
  endfacet
  facet normal 0 0 -1
    outer loop
      vertex 45.5177 60.4437 0
      vertex 46.5887 61.5334 0
      vertex 45.5329 60.4224 0
    endloop
  endfacet
  facet normal -0 0 -1
    outer loop
      vertex 46.5998 61.5265 0
      vertex 45.5329 60.4224 0
      vertex 46.5887 61.5334 0
    endloop
  endfacet
  facet normal 0 0 -1
    outer loop
      vertex 45.6004 60.2 0
      vertex 59.3996 30.6004 0
      vertex 45.6004 30.6004 0
    endloop
  endfacet
  facet normal 0 0 -1
    outer loop
      vertex 58.5004 73.3 0
      vertex 59.3996 74.3996 0
      vertex 58.5004 61.7 0
    endloop
  endfacet
  facet normal 0 0 -1
    outer loop
      vertex 58.5 73.3131 0
      vertex 59.3996 74.3996 0
      vertex 58.5004 73.3 0
    endloop
  endfacet
  facet normal 0 0 -1
    outer loop
      vertex 58.4987 73.3262 0
      vertex 59.3996 74.3996 0
      vertex 58.5 73.3131 0
    endloop
  endfacet
  facet normal 0 0 -1
    outer loop
      vertex 58.4965 73.3391 0
      vertex 59.3996 74.3996 0
      vertex 58.4987 73.3262 0
    endloop
  endfacet
  facet normal 0 0 -1
    outer loop
      vertex 58.4936 73.3519 0
      vertex 59.3996 74.3996 0
      vertex 58.4965 73.3391 0
    endloop
  endfacet
  facet normal 0 0 -1
    outer loop
      vertex 58.4898 73.3644 0
      vertex 59.3996 74.3996 0
      vertex 58.4936 73.3519 0
    endloop
  endfacet
  facet normal 0 0 -1
    outer loop
      vertex 58.4851 73.3767 0
      vertex 59.3996 74.3996 0
      vertex 58.4898 73.3644 0
    endloop
  endfacet
  facet normal 0 0 -1
    outer loop
      vertex 58.4797 73.3886 0
      vertex 59.3996 74.3996 0
      vertex 58.4851 73.3767 0
    endloop
  endfacet
  facet normal 0 0 -1
    outer loop
      vertex 58.4735 73.4002 0
      vertex 59.3996 74.3996 0
      vertex 58.4797 73.3886 0
    endloop
  endfacet
  facet normal 0 0 -1
    outer loop
      vertex 58.4666 73.4113 0
      vertex 59.3996 74.3996 0
      vertex 58.4735 73.4002 0
    endloop
  endfacet
  facet normal 0 0 -1
    outer loop
      vertex 58.459 73.422 0
      vertex 59.3996 74.3996 0
      vertex 58.4666 73.4113 0
    endloop
  endfacet
  facet normal 0 0 -1
    outer loop
      vertex 58.4507 73.4321 0
      vertex 59.3996 74.3996 0
      vertex 58.459 73.422 0
    endloop
  endfacet
  facet normal 0 0 -1
    outer loop
      vertex 58.4417 73.4417 0
      vertex 59.3996 74.3996 0
      vertex 58.4507 73.4321 0
    endloop
  endfacet
  facet normal 0 0 -1
    outer loop
      vertex 58.4321 73.4507 0
      vertex 59.3996 74.3996 0
      vertex 58.4417 73.4417 0
    endloop
  endfacet
  facet normal 0 0 -1
    outer loop
      vertex 58.422 73.459 0
      vertex 59.3996 74.3996 0
      vertex 58.4321 73.4507 0
    endloop
  endfacet
  facet normal 0 0 -1
    outer loop
      vertex 58.4113 73.4666 0
      vertex 59.3996 74.3996 0
      vertex 58.422 73.459 0
    endloop
  endfacet
  facet normal 0 0 -1
    outer loop
      vertex 58.4002 73.4735 0
      vertex 59.3996 74.3996 0
      vertex 58.4113 73.4666 0
    endloop
  endfacet
  facet normal 0 0 -1
    outer loop
      vertex 58.3886 73.4797 0
      vertex 59.3996 74.3996 0
      vertex 58.4002 73.4735 0
    endloop
  endfacet
  facet normal 0 0 -1
    outer loop
      vertex 58.3767 73.4851 0
      vertex 59.3996 74.3996 0
      vertex 58.3886 73.4797 0
    endloop
  endfacet
  facet normal 0 0 -1
    outer loop
      vertex 58.3644 73.4898 0
      vertex 59.3996 74.3996 0
      vertex 58.3767 73.4851 0
    endloop
  endfacet
  facet normal 0 0 -1
    outer loop
      vertex 58.3519 73.4936 0
      vertex 59.3996 74.3996 0
      vertex 58.3644 73.4898 0
    endloop
  endfacet
  facet normal 0 0 -1
    outer loop
      vertex 58.3391 73.4965 0
      vertex 59.3996 74.3996 0
      vertex 58.3519 73.4936 0
    endloop
  endfacet
  facet normal 0 0 -1
    outer loop
      vertex 58.3262 73.4987 0
      vertex 59.3996 74.3996 0
      vertex 58.3391 73.4965 0
    endloop
  endfacet
  facet normal 0 0 -1
    outer loop
      vertex 58.3131 73.5 0
      vertex 59.3996 74.3996 0
      vertex 58.3262 73.4987 0
    endloop
  endfacet
  facet normal 0 0 -1
    outer loop
      vertex 58.3 73.5004 0
      vertex 59.3996 74.3996 0
      vertex 58.3131 73.5 0
    endloop
  endfacet
  facet normal 0 0 -1
    outer loop
      vertex 46.7 73.5004 0
      vertex 59.3996 74.3996 0
      vertex 58.3 73.5004 0
    endloop
  endfacet
  facet normal 0 0 -1
    outer loop
      vertex 30.6004 74.3996 0
      vertex 46.7 73.5004 0
      vertex 46.6869 73.5 0
    endloop
  endfacet
  facet normal -0 0 -1
    outer loop
      vertex 46.5583 61.5583 0
      vertex 45.4831 60.4831 0
      vertex 46.5493 61.5679 0
    endloop
  endfacet
  facet normal 0 0 -1
    outer loop
      vertex 45.464 60.501 0
      vertex 46.5493 61.5679 0
      vertex 45.4831 60.4831 0
    endloop
  endfacet
  facet normal -0 0 -1
    outer loop
      vertex 46.5493 61.5679 0
      vertex 45.464 60.501 0
      vertex 46.541 61.578 0
    endloop
  endfacet
  facet normal 0 0 -1
    outer loop
      vertex 45.4437 60.5177 0
      vertex 46.541 61.578 0
      vertex 45.464 60.501 0
    endloop
  endfacet
  facet normal -0 0 -1
    outer loop
      vertex 46.541 61.578 0
      vertex 45.4437 60.5177 0
      vertex 46.5334 61.5887 0
    endloop
  endfacet
  facet normal 0 0 -1
    outer loop
      vertex 45.4224 60.5329 0
      vertex 46.5334 61.5887 0
      vertex 45.4437 60.5177 0
    endloop
  endfacet
  facet normal -0 0 -1
    outer loop
      vertex 46.5334 61.5887 0
      vertex 45.4224 60.5329 0
      vertex 46.5265 61.5998 0
    endloop
  endfacet
  facet normal 0 0 -1
    outer loop
      vertex 45.4002 60.5467 0
      vertex 46.5265 61.5998 0
      vertex 45.4224 60.5329 0
    endloop
  endfacet
  facet normal -0 0 -1
    outer loop
      vertex 46.5265 61.5998 0
      vertex 45.4002 60.5467 0
      vertex 46.5203 61.6114 0
    endloop
  endfacet
  facet normal -0 0 -1
    outer loop
      vertex 46.5203 61.6114 0
      vertex 45.4002 60.5467 0
      vertex 46.5149 61.6233 0
    endloop
  endfacet
  facet normal 0 0 -1
    outer loop
      vertex 45.3771 60.5591 0
      vertex 46.5149 61.6233 0
      vertex 45.4002 60.5467 0
    endloop
  endfacet
  facet normal -0 0 -1
    outer loop
      vertex 46.5149 61.6233 0
      vertex 45.3771 60.5591 0
      vertex 46.5102 61.6356 0
    endloop
  endfacet
  facet normal 0 0 -1
    outer loop
      vertex 45.3532 60.5699 0
      vertex 46.5102 61.6356 0
      vertex 45.3771 60.5591 0
    endloop
  endfacet
  facet normal -0 0 -1
    outer loop
      vertex 46.5102 61.6356 0
      vertex 45.3532 60.5699 0
      vertex 46.5064 61.6481 0
    endloop
  endfacet
  facet normal 0 0 -1
    outer loop
      vertex 45.3287 60.5791 0
      vertex 46.5064 61.6481 0
      vertex 45.3532 60.5699 0
    endloop
  endfacet
  facet normal -0 0 -1
    outer loop
      vertex 46.5064 61.6481 0
      vertex 45.3287 60.5791 0
      vertex 46.5035 61.6609 0
    endloop
  endfacet
  facet normal 0 0 -1
    outer loop
      vertex 45.3036 60.5867 0
      vertex 46.5035 61.6609 0
      vertex 45.3287 60.5791 0
    endloop
  endfacet
  facet normal -0 0 -1
    outer loop
      vertex 46.5035 61.6609 0
      vertex 45.3036 60.5867 0
      vertex 46.5013 61.6738 0
    endloop
  endfacet
  facet normal 0 0 -1
    outer loop
      vertex 45.2781 60.5927 0
      vertex 46.5013 61.6738 0
      vertex 45.3036 60.5867 0
    endloop
  endfacet
  facet normal -0 0 -1
    outer loop
      vertex 46.5013 61.6738 0
      vertex 45.2781 60.5927 0
      vertex 46.5 61.6869 0
    endloop
  endfacet
  facet normal 0 0 -1
    outer loop
      vertex 45.2523 60.597 0
      vertex 46.5 61.6869 0
      vertex 45.2781 60.5927 0
    endloop
  endfacet
  facet normal -0 0 -1
    outer loop
      vertex 46.5 61.6869 0
      vertex 45.2523 60.597 0
      vertex 46.4996 61.7 0
    endloop
  endfacet
  facet normal 0 0 -1
    outer loop
      vertex 45.2262 60.5995 0
      vertex 46.4996 61.7 0
      vertex 45.2523 60.597 0
    endloop
  endfacet
  facet normal 0 0 -1
    outer loop
      vertex 45.2 60.6004 0
      vertex 46.4996 61.7 0
      vertex 45.2262 60.5995 0
    endloop
  endfacet
  facet normal -0 0 -1
    outer loop
      vertex 46.4996 61.7 0
      vertex 45.2 60.6004 0
      vertex 46.4996 73.3 0
    endloop
  endfacet
  facet normal 0 0 -1
    outer loop
      vertex 30.6004 74.3996 0
      vertex 46.4996 73.3 0
      vertex 45.2 60.6004 0
    endloop
  endfacet
  facet normal 0 0 -1
    outer loop
      vertex 46.4996 73.3 0
      vertex 30.6004 74.3996 0
      vertex 46.5 73.3131 0
    endloop
  endfacet
  facet normal 0 0 -1
    outer loop
      vertex 30.6004 74.3996 0
      vertex 45.2 60.6004 0
      vertex 30.6004 60.6004 0
    endloop
  endfacet
  facet normal 0 0 -1
    outer loop
      vertex 46.5 73.3131 0
      vertex 30.6004 74.3996 0
      vertex 46.5013 73.3262 0
    endloop
  endfacet
  facet normal 0 0 -1
    outer loop
      vertex 46.5013 73.3262 0
      vertex 30.6004 74.3996 0
      vertex 46.5035 73.3391 0
    endloop
  endfacet
  facet normal 0 0 -1
    outer loop
      vertex 46.5035 73.3391 0
      vertex 30.6004 74.3996 0
      vertex 46.5064 73.3519 0
    endloop
  endfacet
  facet normal 0 0 -1
    outer loop
      vertex 46.5064 73.3519 0
      vertex 30.6004 74.3996 0
      vertex 46.5102 73.3644 0
    endloop
  endfacet
  facet normal 0 0 -1
    outer loop
      vertex 46.5102 73.3644 0
      vertex 30.6004 74.3996 0
      vertex 46.5149 73.3767 0
    endloop
  endfacet
  facet normal 0 0 -1
    outer loop
      vertex 46.5149 73.3767 0
      vertex 30.6004 74.3996 0
      vertex 46.5203 73.3886 0
    endloop
  endfacet
  facet normal 0 0 -1
    outer loop
      vertex 46.5203 73.3886 0
      vertex 30.6004 74.3996 0
      vertex 46.5265 73.4002 0
    endloop
  endfacet
  facet normal 0 0 -1
    outer loop
      vertex 46.5265 73.4002 0
      vertex 30.6004 74.3996 0
      vertex 46.5334 73.4113 0
    endloop
  endfacet
  facet normal 0 0 -1
    outer loop
      vertex 46.5334 73.4113 0
      vertex 30.6004 74.3996 0
      vertex 46.541 73.422 0
    endloop
  endfacet
  facet normal 0 0 -1
    outer loop
      vertex 46.541 73.422 0
      vertex 30.6004 74.3996 0
      vertex 46.5493 73.4321 0
    endloop
  endfacet
  facet normal 0 0 -1
    outer loop
      vertex 46.5493 73.4321 0
      vertex 30.6004 74.3996 0
      vertex 46.5583 73.4417 0
    endloop
  endfacet
  facet normal 0 0 -1
    outer loop
      vertex 46.5583 73.4417 0
      vertex 30.6004 74.3996 0
      vertex 46.5679 73.4507 0
    endloop
  endfacet
  facet normal 0 0 -1
    outer loop
      vertex 46.7 73.5004 0
      vertex 30.6004 74.3996 0
      vertex 59.3996 74.3996 0
    endloop
  endfacet
  facet normal 0 0 -1
    outer loop
      vertex 46.6738 73.4987 0
      vertex 30.6004 74.3996 0
      vertex 46.6869 73.5 0
    endloop
  endfacet
  facet normal 0 0 -1
    outer loop
      vertex 46.6609 73.4965 0
      vertex 30.6004 74.3996 0
      vertex 46.6738 73.4987 0
    endloop
  endfacet
  facet normal 0 0 -1
    outer loop
      vertex 46.6481 73.4936 0
      vertex 30.6004 74.3996 0
      vertex 46.6609 73.4965 0
    endloop
  endfacet
  facet normal 0 0 -1
    outer loop
      vertex 46.6356 73.4898 0
      vertex 30.6004 74.3996 0
      vertex 46.6481 73.4936 0
    endloop
  endfacet
  facet normal 0 0 -1
    outer loop
      vertex 46.6233 73.4851 0
      vertex 30.6004 74.3996 0
      vertex 46.6356 73.4898 0
    endloop
  endfacet
  facet normal 0 0 -1
    outer loop
      vertex 46.6114 73.4797 0
      vertex 30.6004 74.3996 0
      vertex 46.6233 73.4851 0
    endloop
  endfacet
  facet normal 0 0 -1
    outer loop
      vertex 46.5998 73.4735 0
      vertex 30.6004 74.3996 0
      vertex 46.6114 73.4797 0
    endloop
  endfacet
  facet normal 0 0 -1
    outer loop
      vertex 46.5887 73.4666 0
      vertex 30.6004 74.3996 0
      vertex 46.5998 73.4735 0
    endloop
  endfacet
  facet normal 0 0 -1
    outer loop
      vertex 46.578 73.459 0
      vertex 30.6004 74.3996 0
      vertex 46.5887 73.4666 0
    endloop
  endfacet
  facet normal 0 0 -1
    outer loop
      vertex 46.5679 73.4507 0
      vertex 30.6004 74.3996 0
      vertex 46.578 73.459 0
    endloop
  endfacet
  facet normal 0 -0.707098 0.707116
    outer loop
      vertex 45.2 30.2 1.59961
      vertex 59.3996 30.6004 2
      vertex 45.6004 30.6004 2
    endloop
  endfacet
  facet normal 0 -0.707098 0.707116
    outer loop
      vertex 59.3996 30.6004 2
      vertex 45.2 30.2 1.59961
      vertex 59.8 30.2 1.59961
    endloop
  endfacet
  facet normal 0.707098 -0 0.707116
    outer loop
      vertex 59.3996 30.6004 2
      vertex 59.8 74.8 1.59961
      vertex 59.3996 74.3996 2
    endloop
  endfacet
  facet normal 0.707098 0 0.707116
    outer loop
      vertex 59.8 74.8 1.59961
      vertex 59.3996 30.6004 2
      vertex 59.8 30.2 1.59961
    endloop
  endfacet
  facet normal 0 0.707098 0.707116
    outer loop
      vertex 59.8 74.8 1.59961
      vertex 30.6004 74.3996 2
      vertex 59.3996 74.3996 2
    endloop
  endfacet
  facet normal 0 0.707098 0.707116
    outer loop
      vertex 30.6004 74.3996 2
      vertex 59.8 74.8 1.59961
      vertex 30.2 74.8 1.59961
    endloop
  endfacet
  facet normal -0.707098 0 0.707116
    outer loop
      vertex 30.2 74.8 1.59961
      vertex 30.6004 60.6004 2
      vertex 30.6004 74.3996 2
    endloop
  endfacet
  facet normal -0.707098 0 0.707116
    outer loop
      vertex 30.6004 60.6004 2
      vertex 30.2 74.8 1.59961
      vertex 30.2 60.2 1.59961
    endloop
  endfacet
  facet normal 0 -0.707098 0.707116
    outer loop
      vertex 45.2 60.2 1.59961
      vertex 30.6004 60.6004 2
      vertex 30.2 60.2 1.59961
    endloop
  endfacet
  facet normal 0 -0.707098 0.707116
    outer loop
      vertex 30.6004 60.6004 2
      vertex 45.2 60.2 1.59961
      vertex 45.2 60.6004 2
    endloop
  endfacet
  facet normal -0.0242825 -0.706889 0.706907
    outer loop
      vertex 45.2262 60.5995 2
      vertex 45.2 60.6004 2
      vertex 45.2 60.2 1.59961
    endloop
  endfacet
  facet normal -0.0674398 -0.704072 0.706919
    outer loop
      vertex 45.2523 60.597 2
      vertex 45.2262 60.5995 2
      vertex 45.2 60.2 1.59961
    endloop
  endfacet
  facet normal -0.116276 -0.697654 0.706936
    outer loop
      vertex 45.2781 60.5927 2
      vertex 45.2523 60.597 2
      vertex 45.2 60.2 1.59961
    endloop
  endfacet
  facet normal -0.162004 -0.688517 0.706894
    outer loop
      vertex 45.3036 60.5867 2
      vertex 45.2781 60.5927 2
      vertex 45.2 60.2 1.59961
    endloop
  endfacet
  facet normal -0.204983 -0.676984 0.706876
    outer loop
      vertex 45.3287 60.5791 2
      vertex 45.3036 60.5867 2
      vertex 45.2 60.2 1.59961
    endloop
  endfacet
  facet normal -0.248654 -0.662175 0.706891
    outer loop
      vertex 45.3532 60.5699 2
      vertex 45.3287 60.5791 2
      vertex 45.2 60.2 1.59961
    endloop
  endfacet
  facet normal -0.291261 -0.64455 0.706911
    outer loop
      vertex 45.3771 60.5591 2
      vertex 45.3532 60.5699 2
      vertex 45.2 60.2 1.59961
    endloop
  endfacet
  facet normal -0.334531 -0.6232 0.706902
    outer loop
      vertex 45.4002 60.5467 2
      vertex 45.3771 60.5591 2
      vertex 45.2 60.2 1.59961
    endloop
  endfacet
  facet normal -0.373423 -0.600723 0.706886
    outer loop
      vertex 45.4224 60.5329 2
      vertex 45.4002 60.5467 2
      vertex 45.2 60.2 1.59961
    endloop
  endfacet
  facet normal -0.410857 -0.575741 0.706908
    outer loop
      vertex 45.4437 60.5177 2
      vertex 45.4224 60.5329 2
      vertex 45.2 60.2 1.59961
    endloop
  endfacet
  facet normal -0.449353 -0.546219 0.706914
    outer loop
      vertex 45.464 60.501 2
      vertex 45.4437 60.5177 2
      vertex 45.2 60.2 1.59961
    endloop
  endfacet
  facet normal -0.483672 -0.516097 0.706898
    outer loop
      vertex 45.4831 60.4831 2
      vertex 45.464 60.501 2
      vertex 45.2 60.2 1.59961
    endloop
  endfacet
  facet normal -0.516097 -0.483672 0.706898
    outer loop
      vertex 45.501 60.464 2
      vertex 45.4831 60.4831 2
      vertex 45.2 60.2 1.59961
    endloop
  endfacet
  facet normal -0.546219 -0.449353 0.706914
    outer loop
      vertex 45.5177 60.4437 2
      vertex 45.501 60.464 2
      vertex 45.2 60.2 1.59961
    endloop
  endfacet
  facet normal -0.575741 -0.410857 0.706908
    outer loop
      vertex 45.5329 60.4224 2
      vertex 45.5177 60.4437 2
      vertex 45.2 60.2 1.59961
    endloop
  endfacet
  facet normal -0.600723 -0.373423 0.706886
    outer loop
      vertex 45.5467 60.4002 2
      vertex 45.5329 60.4224 2
      vertex 45.2 60.2 1.59961
    endloop
  endfacet
  facet normal -0.6232 -0.334531 0.706902
    outer loop
      vertex 45.5591 60.3771 2
      vertex 45.5467 60.4002 2
      vertex 45.2 60.2 1.59961
    endloop
  endfacet
  facet normal -0.64455 -0.291261 0.706911
    outer loop
      vertex 45.5699 60.3532 2
      vertex 45.5591 60.3771 2
      vertex 45.2 60.2 1.59961
    endloop
  endfacet
  facet normal -0.662175 -0.248654 0.706891
    outer loop
      vertex 45.5791 60.3287 2
      vertex 45.5699 60.3532 2
      vertex 45.2 60.2 1.59961
    endloop
  endfacet
  facet normal -0.676984 -0.204983 0.706876
    outer loop
      vertex 45.5867 60.3036 2
      vertex 45.5791 60.3287 2
      vertex 45.2 60.2 1.59961
    endloop
  endfacet
  facet normal -0.688517 -0.162004 0.706894
    outer loop
      vertex 45.5927 60.2781 2
      vertex 45.5867 60.3036 2
      vertex 45.2 60.2 1.59961
    endloop
  endfacet
  facet normal -0.697654 -0.116276 0.706936
    outer loop
      vertex 45.597 60.2523 2
      vertex 45.5927 60.2781 2
      vertex 45.2 60.2 1.59961
    endloop
  endfacet
  facet normal -0.704072 -0.0674398 0.706919
    outer loop
      vertex 45.5995 60.2262 2
      vertex 45.597 60.2523 2
      vertex 45.2 60.2 1.59961
    endloop
  endfacet
  facet normal -0.706889 -0.0242825 0.706907
    outer loop
      vertex 45.6004 60.2 2
      vertex 45.5995 60.2262 2
      vertex 45.2 60.2 1.59961
    endloop
  endfacet
  facet normal -0.707098 0 0.707116
    outer loop
      vertex 45.2 60.2 1.59961
      vertex 45.6004 30.6004 2
      vertex 45.6004 60.2 2
    endloop
  endfacet
  facet normal -0.707098 0 0.707116
    outer loop
      vertex 45.6004 30.6004 2
      vertex 45.2 60.2 1.59961
      vertex 45.2 30.2 1.59961
    endloop
  endfacet
  facet normal 0 0 1
    outer loop
      vertex 58.5004 61.7 2
      vertex 59.3996 74.3996 2
      vertex 58.5004 73.3 2
    endloop
  endfacet
  facet normal 0 0 1
    outer loop
      vertex 59.3996 74.3996 2
      vertex 58.5 73.3131 2
      vertex 58.5004 73.3 2
    endloop
  endfacet
  facet normal 0 0 1
    outer loop
      vertex 59.3996 74.3996 2
      vertex 58.4987 73.3262 2
      vertex 58.5 73.3131 2
    endloop
  endfacet
  facet normal 0 0 1
    outer loop
      vertex 59.3996 74.3996 2
      vertex 58.4965 73.3391 2
      vertex 58.4987 73.3262 2
    endloop
  endfacet
  facet normal 0 0 1
    outer loop
      vertex 59.3996 74.3996 2
      vertex 58.4936 73.3519 2
      vertex 58.4965 73.3391 2
    endloop
  endfacet
  facet normal 0 0 1
    outer loop
      vertex 59.3996 74.3996 2
      vertex 58.4898 73.3644 2
      vertex 58.4936 73.3519 2
    endloop
  endfacet
  facet normal 0 0 1
    outer loop
      vertex 59.3996 74.3996 2
      vertex 58.4851 73.3767 2
      vertex 58.4898 73.3644 2
    endloop
  endfacet
  facet normal 0 0 1
    outer loop
      vertex 59.3996 74.3996 2
      vertex 58.4797 73.3886 2
      vertex 58.4851 73.3767 2
    endloop
  endfacet
  facet normal 0 0 1
    outer loop
      vertex 59.3996 74.3996 2
      vertex 58.4735 73.4002 2
      vertex 58.4797 73.3886 2
    endloop
  endfacet
  facet normal 0 0 1
    outer loop
      vertex 59.3996 74.3996 2
      vertex 58.4666 73.4113 2
      vertex 58.4735 73.4002 2
    endloop
  endfacet
  facet normal 0 0 1
    outer loop
      vertex 59.3996 74.3996 2
      vertex 58.459 73.422 2
      vertex 58.4666 73.4113 2
    endloop
  endfacet
  facet normal 0 0 1
    outer loop
      vertex 59.3996 74.3996 2
      vertex 58.4507 73.4321 2
      vertex 58.459 73.422 2
    endloop
  endfacet
  facet normal 0 0 1
    outer loop
      vertex 59.3996 74.3996 2
      vertex 58.4417 73.4417 2
      vertex 58.4507 73.4321 2
    endloop
  endfacet
  facet normal 0 0 1
    outer loop
      vertex 59.3996 74.3996 2
      vertex 58.4321 73.4507 2
      vertex 58.4417 73.4417 2
    endloop
  endfacet
  facet normal 0 0 1
    outer loop
      vertex 59.3996 74.3996 2
      vertex 58.422 73.459 2
      vertex 58.4321 73.4507 2
    endloop
  endfacet
  facet normal 0 0 1
    outer loop
      vertex 59.3996 74.3996 2
      vertex 58.4113 73.4666 2
      vertex 58.422 73.459 2
    endloop
  endfacet
  facet normal 0 0 1
    outer loop
      vertex 59.3996 74.3996 2
      vertex 58.4002 73.4735 2
      vertex 58.4113 73.4666 2
    endloop
  endfacet
  facet normal 0 0 1
    outer loop
      vertex 59.3996 74.3996 2
      vertex 58.3886 73.4797 2
      vertex 58.4002 73.4735 2
    endloop
  endfacet
  facet normal 0 0 1
    outer loop
      vertex 59.3996 74.3996 2
      vertex 58.3767 73.4851 2
      vertex 58.3886 73.4797 2
    endloop
  endfacet
  facet normal 0 0 1
    outer loop
      vertex 59.3996 74.3996 2
      vertex 58.3644 73.4898 2
      vertex 58.3767 73.4851 2
    endloop
  endfacet
  facet normal 0 0 1
    outer loop
      vertex 59.3996 74.3996 2
      vertex 58.3519 73.4936 2
      vertex 58.3644 73.4898 2
    endloop
  endfacet
  facet normal 0 0 1
    outer loop
      vertex 59.3996 74.3996 2
      vertex 58.3391 73.4965 2
      vertex 58.3519 73.4936 2
    endloop
  endfacet
  facet normal 0 0 1
    outer loop
      vertex 59.3996 74.3996 2
      vertex 58.3262 73.4987 2
      vertex 58.3391 73.4965 2
    endloop
  endfacet
  facet normal 0 0 1
    outer loop
      vertex 59.3996 74.3996 2
      vertex 58.3131 73.5 2
      vertex 58.3262 73.4987 2
    endloop
  endfacet
  facet normal 0 0 1
    outer loop
      vertex 59.3996 74.3996 2
      vertex 58.3 73.5004 2
      vertex 58.3131 73.5 2
    endloop
  endfacet
  facet normal 0 0 1
    outer loop
      vertex 59.3996 74.3996 2
      vertex 46.7 73.5004 2
      vertex 58.3 73.5004 2
    endloop
  endfacet
  facet normal -0 0 1
    outer loop
      vertex 30.6004 74.3996 2
      vertex 46.7 73.5004 2
      vertex 59.3996 74.3996 2
    endloop
  endfacet
  facet normal 0 0 1
    outer loop
      vertex 45.2 60.6004 2
      vertex 46.4996 61.7 2
      vertex 46.4996 73.3 2
    endloop
  endfacet
  facet normal 0 0 1
    outer loop
      vertex 30.6004 74.3996 2
      vertex 46.4996 73.3 2
      vertex 46.5 73.3131 2
    endloop
  endfacet
  facet normal 0 0 1
    outer loop
      vertex 46.4996 61.7 2
      vertex 45.5995 60.2262 2
      vertex 45.6004 60.2 2
    endloop
  endfacet
  facet normal 0 0 1
    outer loop
      vertex 46.4996 61.7 2
      vertex 45.597 60.2523 2
      vertex 45.5995 60.2262 2
    endloop
  endfacet
  facet normal 0 0 1
    outer loop
      vertex 46.4996 61.7 2
      vertex 45.5927 60.2781 2
      vertex 45.597 60.2523 2
    endloop
  endfacet
  facet normal 0 0 1
    outer loop
      vertex 46.4996 61.7 2
      vertex 45.5867 60.3036 2
      vertex 45.5927 60.2781 2
    endloop
  endfacet
  facet normal 0 0 1
    outer loop
      vertex 46.4996 61.7 2
      vertex 45.5791 60.3287 2
      vertex 45.5867 60.3036 2
    endloop
  endfacet
  facet normal 0 0 1
    outer loop
      vertex 46.4996 61.7 2
      vertex 45.5699 60.3532 2
      vertex 45.5791 60.3287 2
    endloop
  endfacet
  facet normal 0 0 1
    outer loop
      vertex 46.4996 61.7 2
      vertex 45.5591 60.3771 2
      vertex 45.5699 60.3532 2
    endloop
  endfacet
  facet normal 0 0 1
    outer loop
      vertex 46.4996 61.7 2
      vertex 45.5467 60.4002 2
      vertex 45.5591 60.3771 2
    endloop
  endfacet
  facet normal 0 0 1
    outer loop
      vertex 46.4996 61.7 2
      vertex 45.5329 60.4224 2
      vertex 45.5467 60.4002 2
    endloop
  endfacet
  facet normal 0 0 1
    outer loop
      vertex 46.4996 61.7 2
      vertex 45.5177 60.4437 2
      vertex 45.5329 60.4224 2
    endloop
  endfacet
  facet normal 0 0 1
    outer loop
      vertex 46.4996 61.7 2
      vertex 45.501 60.464 2
      vertex 45.5177 60.4437 2
    endloop
  endfacet
  facet normal 0 0 1
    outer loop
      vertex 46.4996 61.7 2
      vertex 45.4831 60.4831 2
      vertex 45.501 60.464 2
    endloop
  endfacet
  facet normal 0 0 1
    outer loop
      vertex 46.4996 61.7 2
      vertex 45.464 60.501 2
      vertex 45.4831 60.4831 2
    endloop
  endfacet
  facet normal 0 0 1
    outer loop
      vertex 46.4996 61.7 2
      vertex 45.4437 60.5177 2
      vertex 45.464 60.501 2
    endloop
  endfacet
  facet normal 0 0 1
    outer loop
      vertex 46.4996 61.7 2
      vertex 45.4224 60.5329 2
      vertex 45.4437 60.5177 2
    endloop
  endfacet
  facet normal 0 0 1
    outer loop
      vertex 46.4996 61.7 2
      vertex 45.4002 60.5467 2
      vertex 45.4224 60.5329 2
    endloop
  endfacet
  facet normal 0 0 1
    outer loop
      vertex 46.4996 61.7 2
      vertex 45.3771 60.5591 2
      vertex 45.4002 60.5467 2
    endloop
  endfacet
  facet normal 0 0 1
    outer loop
      vertex 46.4996 61.7 2
      vertex 45.3532 60.5699 2
      vertex 45.3771 60.5591 2
    endloop
  endfacet
  facet normal 0 0 1
    outer loop
      vertex 46.4996 61.7 2
      vertex 45.3287 60.5791 2
      vertex 45.3532 60.5699 2
    endloop
  endfacet
  facet normal 0 0 1
    outer loop
      vertex 46.4996 61.7 2
      vertex 45.3036 60.5867 2
      vertex 45.3287 60.5791 2
    endloop
  endfacet
  facet normal 0 0 1
    outer loop
      vertex 46.4996 61.7 2
      vertex 45.2781 60.5927 2
      vertex 45.3036 60.5867 2
    endloop
  endfacet
  facet normal 0 0 1
    outer loop
      vertex 46.4996 61.7 2
      vertex 45.2523 60.597 2
      vertex 45.2781 60.5927 2
    endloop
  endfacet
  facet normal 0 0 1
    outer loop
      vertex 46.4996 61.7 2
      vertex 45.2262 60.5995 2
      vertex 45.2523 60.597 2
    endloop
  endfacet
  facet normal 0 0 1
    outer loop
      vertex 30.6004 74.3996 2
      vertex 46.5 73.3131 2
      vertex 46.5013 73.3262 2
    endloop
  endfacet
  facet normal 0 0 1
    outer loop
      vertex 46.4996 61.7 2
      vertex 45.2 60.6004 2
      vertex 45.2262 60.5995 2
    endloop
  endfacet
  facet normal 0 0 1
    outer loop
      vertex 46.7 73.5004 2
      vertex 30.6004 74.3996 2
      vertex 46.6869 73.5 2
    endloop
  endfacet
  facet normal 0 0 1
    outer loop
      vertex 30.6004 74.3996 2
      vertex 46.6738 73.4987 2
      vertex 46.6869 73.5 2
    endloop
  endfacet
  facet normal 0 0 1
    outer loop
      vertex 30.6004 74.3996 2
      vertex 46.6609 73.4965 2
      vertex 46.6738 73.4987 2
    endloop
  endfacet
  facet normal 0 0 1
    outer loop
      vertex 30.6004 74.3996 2
      vertex 46.6481 73.4936 2
      vertex 46.6609 73.4965 2
    endloop
  endfacet
  facet normal 0 0 1
    outer loop
      vertex 30.6004 74.3996 2
      vertex 46.6356 73.4898 2
      vertex 46.6481 73.4936 2
    endloop
  endfacet
  facet normal 0 0 1
    outer loop
      vertex 30.6004 74.3996 2
      vertex 46.6233 73.4851 2
      vertex 46.6356 73.4898 2
    endloop
  endfacet
  facet normal 0 0 1
    outer loop
      vertex 30.6004 74.3996 2
      vertex 46.6114 73.4797 2
      vertex 46.6233 73.4851 2
    endloop
  endfacet
  facet normal 0 0 1
    outer loop
      vertex 30.6004 74.3996 2
      vertex 46.5998 73.4735 2
      vertex 46.6114 73.4797 2
    endloop
  endfacet
  facet normal 0 0 1
    outer loop
      vertex 30.6004 74.3996 2
      vertex 46.5887 73.4666 2
      vertex 46.5998 73.4735 2
    endloop
  endfacet
  facet normal 0 0 1
    outer loop
      vertex 30.6004 74.3996 2
      vertex 46.578 73.459 2
      vertex 46.5887 73.4666 2
    endloop
  endfacet
  facet normal 0 0 1
    outer loop
      vertex 30.6004 74.3996 2
      vertex 46.5679 73.4507 2
      vertex 46.578 73.459 2
    endloop
  endfacet
  facet normal 0 0 1
    outer loop
      vertex 30.6004 74.3996 2
      vertex 46.5583 73.4417 2
      vertex 46.5679 73.4507 2
    endloop
  endfacet
  facet normal 0 0 1
    outer loop
      vertex 30.6004 74.3996 2
      vertex 46.5493 73.4321 2
      vertex 46.5583 73.4417 2
    endloop
  endfacet
  facet normal 0 0 1
    outer loop
      vertex 30.6004 74.3996 2
      vertex 46.541 73.422 2
      vertex 46.5493 73.4321 2
    endloop
  endfacet
  facet normal 0 0 1
    outer loop
      vertex 30.6004 74.3996 2
      vertex 46.5334 73.4113 2
      vertex 46.541 73.422 2
    endloop
  endfacet
  facet normal 0 0 1
    outer loop
      vertex 30.6004 74.3996 2
      vertex 46.5265 73.4002 2
      vertex 46.5334 73.4113 2
    endloop
  endfacet
  facet normal 0 0 1
    outer loop
      vertex 30.6004 74.3996 2
      vertex 46.5203 73.3886 2
      vertex 46.5265 73.4002 2
    endloop
  endfacet
  facet normal 0 0 1
    outer loop
      vertex 30.6004 74.3996 2
      vertex 46.5149 73.3767 2
      vertex 46.5203 73.3886 2
    endloop
  endfacet
  facet normal 0 0 1
    outer loop
      vertex 30.6004 74.3996 2
      vertex 46.5102 73.3644 2
      vertex 46.5149 73.3767 2
    endloop
  endfacet
  facet normal 0 0 1
    outer loop
      vertex 30.6004 74.3996 2
      vertex 46.5064 73.3519 2
      vertex 46.5102 73.3644 2
    endloop
  endfacet
  facet normal 0 0 1
    outer loop
      vertex 30.6004 74.3996 2
      vertex 46.5035 73.3391 2
      vertex 46.5064 73.3519 2
    endloop
  endfacet
  facet normal 0 0 1
    outer loop
      vertex 30.6004 74.3996 2
      vertex 46.5013 73.3262 2
      vertex 46.5035 73.3391 2
    endloop
  endfacet
  facet normal 0 0 1
    outer loop
      vertex 46.4996 73.3 2
      vertex 30.6004 74.3996 2
      vertex 45.2 60.6004 2
    endloop
  endfacet
  facet normal 0 0 1
    outer loop
      vertex 45.2 60.6004 2
      vertex 30.6004 74.3996 2
      vertex 30.6004 60.6004 2
    endloop
  endfacet
  facet normal 0 0 1
    outer loop
      vertex 59.3996 74.3996 2
      vertex 58.5004 61.7 2
      vertex 59.3996 30.6004 2
    endloop
  endfacet
  facet normal -0 0 1
    outer loop
      vertex 58.5 61.6869 2
      vertex 59.3996 30.6004 2
      vertex 58.5004 61.7 2
    endloop
  endfacet
  facet normal -0 0 1
    outer loop
      vertex 58.4987 61.6738 2
      vertex 59.3996 30.6004 2
      vertex 58.5 61.6869 2
    endloop
  endfacet
  facet normal -0 0 1
    outer loop
      vertex 58.4965 61.6609 2
      vertex 59.3996 30.6004 2
      vertex 58.4987 61.6738 2
    endloop
  endfacet
  facet normal -0 0 1
    outer loop
      vertex 58.4936 61.6481 2
      vertex 59.3996 30.6004 2
      vertex 58.4965 61.6609 2
    endloop
  endfacet
  facet normal -0 0 1
    outer loop
      vertex 58.4898 61.6356 2
      vertex 59.3996 30.6004 2
      vertex 58.4936 61.6481 2
    endloop
  endfacet
  facet normal -0 0 1
    outer loop
      vertex 58.4851 61.6233 2
      vertex 59.3996 30.6004 2
      vertex 58.4898 61.6356 2
    endloop
  endfacet
  facet normal -0 0 1
    outer loop
      vertex 58.4797 61.6114 2
      vertex 59.3996 30.6004 2
      vertex 58.4851 61.6233 2
    endloop
  endfacet
  facet normal -0 0 1
    outer loop
      vertex 58.4735 61.5998 2
      vertex 59.3996 30.6004 2
      vertex 58.4797 61.6114 2
    endloop
  endfacet
  facet normal -0 0 1
    outer loop
      vertex 58.4666 61.5887 2
      vertex 59.3996 30.6004 2
      vertex 58.4735 61.5998 2
    endloop
  endfacet
  facet normal -0 0 1
    outer loop
      vertex 58.459 61.578 2
      vertex 59.3996 30.6004 2
      vertex 58.4666 61.5887 2
    endloop
  endfacet
  facet normal -0 0 1
    outer loop
      vertex 58.4507 61.5679 2
      vertex 59.3996 30.6004 2
      vertex 58.459 61.578 2
    endloop
  endfacet
  facet normal -0 0 1
    outer loop
      vertex 58.4417 61.5583 2
      vertex 59.3996 30.6004 2
      vertex 58.4507 61.5679 2
    endloop
  endfacet
  facet normal -0 0 1
    outer loop
      vertex 58.4321 61.5493 2
      vertex 59.3996 30.6004 2
      vertex 58.4417 61.5583 2
    endloop
  endfacet
  facet normal -0 0 1
    outer loop
      vertex 58.422 61.541 2
      vertex 59.3996 30.6004 2
      vertex 58.4321 61.5493 2
    endloop
  endfacet
  facet normal -0 0 1
    outer loop
      vertex 58.4113 61.5334 2
      vertex 59.3996 30.6004 2
      vertex 58.422 61.541 2
    endloop
  endfacet
  facet normal -0 0 1
    outer loop
      vertex 58.4002 61.5265 2
      vertex 59.3996 30.6004 2
      vertex 58.4113 61.5334 2
    endloop
  endfacet
  facet normal -0 0 1
    outer loop
      vertex 58.3886 61.5203 2
      vertex 59.3996 30.6004 2
      vertex 58.4002 61.5265 2
    endloop
  endfacet
  facet normal -0 0 1
    outer loop
      vertex 58.3767 61.5149 2
      vertex 59.3996 30.6004 2
      vertex 58.3886 61.5203 2
    endloop
  endfacet
  facet normal -0 0 1
    outer loop
      vertex 58.3644 61.5102 2
      vertex 59.3996 30.6004 2
      vertex 58.3767 61.5149 2
    endloop
  endfacet
  facet normal -0 0 1
    outer loop
      vertex 58.3519 61.5064 2
      vertex 59.3996 30.6004 2
      vertex 58.3644 61.5102 2
    endloop
  endfacet
  facet normal -0 0 1
    outer loop
      vertex 58.3391 61.5035 2
      vertex 59.3996 30.6004 2
      vertex 58.3519 61.5064 2
    endloop
  endfacet
  facet normal -0 0 1
    outer loop
      vertex 58.3262 61.5013 2
      vertex 59.3996 30.6004 2
      vertex 58.3391 61.5035 2
    endloop
  endfacet
  facet normal -0 0 1
    outer loop
      vertex 58.3131 61.5 2
      vertex 59.3996 30.6004 2
      vertex 58.3262 61.5013 2
    endloop
  endfacet
  facet normal -0 0 1
    outer loop
      vertex 58.3 61.4996 2
      vertex 59.3996 30.6004 2
      vertex 58.3131 61.5 2
    endloop
  endfacet
  facet normal 0 0 1
    outer loop
      vertex 45.6004 60.2 2
      vertex 58.3 61.4996 2
      vertex 46.7 61.4996 2
    endloop
  endfacet
  facet normal 0 0 1
    outer loop
      vertex 45.6004 60.2 2
      vertex 46.7 61.4996 2
      vertex 46.6869 61.5 2
    endloop
  endfacet
  facet normal 0 0 1
    outer loop
      vertex 45.6004 60.2 2
      vertex 46.6869 61.5 2
      vertex 46.6738 61.5013 2
    endloop
  endfacet
  facet normal 0 0 1
    outer loop
      vertex 45.6004 60.2 2
      vertex 46.6738 61.5013 2
      vertex 46.6609 61.5035 2
    endloop
  endfacet
  facet normal 0 0 1
    outer loop
      vertex 45.6004 60.2 2
      vertex 46.6609 61.5035 2
      vertex 46.6481 61.5064 2
    endloop
  endfacet
  facet normal 0 0 1
    outer loop
      vertex 45.6004 60.2 2
      vertex 46.6481 61.5064 2
      vertex 46.6356 61.5102 2
    endloop
  endfacet
  facet normal 0 0 1
    outer loop
      vertex 45.6004 60.2 2
      vertex 46.6356 61.5102 2
      vertex 46.6233 61.5149 2
    endloop
  endfacet
  facet normal 0 0 1
    outer loop
      vertex 45.6004 60.2 2
      vertex 46.6233 61.5149 2
      vertex 46.6114 61.5203 2
    endloop
  endfacet
  facet normal 0 0 1
    outer loop
      vertex 45.6004 60.2 2
      vertex 46.6114 61.5203 2
      vertex 46.5998 61.5265 2
    endloop
  endfacet
  facet normal 0 0 1
    outer loop
      vertex 45.6004 60.2 2
      vertex 46.5998 61.5265 2
      vertex 46.5887 61.5334 2
    endloop
  endfacet
  facet normal 0 0 1
    outer loop
      vertex 45.6004 60.2 2
      vertex 46.5887 61.5334 2
      vertex 46.578 61.541 2
    endloop
  endfacet
  facet normal 0 0 1
    outer loop
      vertex 45.6004 60.2 2
      vertex 46.578 61.541 2
      vertex 46.5679 61.5493 2
    endloop
  endfacet
  facet normal 0 0 1
    outer loop
      vertex 45.6004 60.2 2
      vertex 46.5679 61.5493 2
      vertex 46.5583 61.5583 2
    endloop
  endfacet
  facet normal 0 0 1
    outer loop
      vertex 45.6004 60.2 2
      vertex 46.5583 61.5583 2
      vertex 46.5493 61.5679 2
    endloop
  endfacet
  facet normal 0 0 1
    outer loop
      vertex 45.6004 60.2 2
      vertex 46.5493 61.5679 2
      vertex 46.541 61.578 2
    endloop
  endfacet
  facet normal 0 0 1
    outer loop
      vertex 45.6004 60.2 2
      vertex 46.541 61.578 2
      vertex 46.5334 61.5887 2
    endloop
  endfacet
  facet normal 0 0 1
    outer loop
      vertex 45.6004 60.2 2
      vertex 46.5334 61.5887 2
      vertex 46.5265 61.5998 2
    endloop
  endfacet
  facet normal 0 0 1
    outer loop
      vertex 45.6004 60.2 2
      vertex 46.5265 61.5998 2
      vertex 46.5203 61.6114 2
    endloop
  endfacet
  facet normal 0 0 1
    outer loop
      vertex 45.6004 60.2 2
      vertex 46.5203 61.6114 2
      vertex 46.5149 61.6233 2
    endloop
  endfacet
  facet normal 0 0 1
    outer loop
      vertex 45.6004 60.2 2
      vertex 46.5 61.6869 2
      vertex 46.4996 61.7 2
    endloop
  endfacet
  facet normal 0 0 1
    outer loop
      vertex 45.6004 60.2 2
      vertex 46.5013 61.6738 2
      vertex 46.5 61.6869 2
    endloop
  endfacet
  facet normal 0 0 1
    outer loop
      vertex 45.6004 60.2 2
      vertex 46.5035 61.6609 2
      vertex 46.5013 61.6738 2
    endloop
  endfacet
  facet normal 0 0 1
    outer loop
      vertex 45.6004 60.2 2
      vertex 46.5064 61.6481 2
      vertex 46.5035 61.6609 2
    endloop
  endfacet
  facet normal 0 0 1
    outer loop
      vertex 45.6004 60.2 2
      vertex 46.5102 61.6356 2
      vertex 46.5064 61.6481 2
    endloop
  endfacet
  facet normal 0 0 1
    outer loop
      vertex 45.6004 60.2 2
      vertex 46.5149 61.6233 2
      vertex 46.5102 61.6356 2
    endloop
  endfacet
  facet normal 0 0 1
    outer loop
      vertex 58.3 61.4996 2
      vertex 45.6004 60.2 2
      vertex 59.3996 30.6004 2
    endloop
  endfacet
  facet normal 0 0 1
    outer loop
      vertex 59.3996 30.6004 2
      vertex 45.6004 60.2 2
      vertex 45.6004 30.6004 2
    endloop
  endfacet
  facet normal 0 -1 0
    outer loop
      vertex 45.2 30.2 0.400391
      vertex 59.8 30.2 1.59961
      vertex 45.2 30.2 1.59961
    endloop
  endfacet
  facet normal 0 -1 -0
    outer loop
      vertex 59.8 30.2 1.59961
      vertex 45.2 30.2 0.400391
      vertex 59.8 30.2 0.400391
    endloop
  endfacet
  facet normal 1 -0 0
    outer loop
      vertex 59.8 30.2 1.59961
      vertex 59.8 74.8 0.400391
      vertex 59.8 74.8 1.59961
    endloop
  endfacet
  facet normal 1 0 0
    outer loop
      vertex 59.8 74.8 0.400391
      vertex 59.8 30.2 1.59961
      vertex 59.8 30.2 0.400391
    endloop
  endfacet
  facet normal 0 1 -0
    outer loop
      vertex 59.8 74.8 0.400391
      vertex 30.2 74.8 1.59961
      vertex 59.8 74.8 1.59961
    endloop
  endfacet
  facet normal 0 1 0
    outer loop
      vertex 30.2 74.8 1.59961
      vertex 59.8 74.8 0.400391
      vertex 30.2 74.8 0.400391
    endloop
  endfacet
  facet normal -1 0 0
    outer loop
      vertex 30.2 60.2 0.400391
      vertex 30.2 74.8 1.59961
      vertex 30.2 74.8 0.400391
    endloop
  endfacet
  facet normal -1 -0 0
    outer loop
      vertex 30.2 74.8 1.59961
      vertex 30.2 60.2 0.400391
      vertex 30.2 60.2 1.59961
    endloop
  endfacet
  facet normal 0 -1 0
    outer loop
      vertex 30.2 60.2 0.400391
      vertex 45.2 60.2 1.59961
      vertex 30.2 60.2 1.59961
    endloop
  endfacet
  facet normal 0 -1 -0
    outer loop
      vertex 45.2 60.2 1.59961
      vertex 30.2 60.2 0.400391
      vertex 45.2 60.2 0.400391
    endloop
  endfacet
  facet normal -1 0 0
    outer loop
      vertex 45.2 30.2 0.400391
      vertex 45.2 60.2 1.59961
      vertex 45.2 60.2 0.400391
    endloop
  endfacet
  facet normal -1 -0 0
    outer loop
      vertex 45.2 60.2 1.59961
      vertex 45.2 30.2 0.400391
      vertex 45.2 30.2 1.59961
    endloop
  endfacet
  facet normal 0.706924 0.0215855 -0.70696
    outer loop
      vertex 46.5 61.6869 0
      vertex 46.4996 61.7 0
      vertex 46.7 61.7 0.20039
    endloop
  endfacet
  facet normal 0.70378 0.0698408 -0.706976
    outer loop
      vertex 46.5013 61.6738 0
      vertex 46.5 61.6869 0
      vertex 46.7 61.7 0.20039
    endloop
  endfacet
  facet normal 0.69724 0.118909 -0.706907
    outer loop
      vertex 46.5035 61.6609 0
      vertex 46.5013 61.6738 0
      vertex 46.7 61.7 0.20039
    endloop
  endfacet
  facet normal 0.689814 0.156286 -0.706917
    outer loop
      vertex 46.5064 61.6481 0
      vertex 46.5035 61.6609 0
      vertex 46.7 61.7 0.20039
    endloop
  endfacet
  facet normal 0.676645 0.2057 -0.706993
    outer loop
      vertex 46.5102 61.6356 0
      vertex 46.5064 61.6481 0
      vertex 46.7 61.7 0.20039
    endloop
  endfacet
  facet normal 0.660701 0.252463 -0.70692
    outer loop
      vertex 46.5149 61.6233 0
      vertex 46.5102 61.6356 0
      vertex 46.7 61.7 0.20039
    endloop
  endfacet
  facet normal 0.644134 0.292296 -0.706863
    outer loop
      vertex 46.5203 61.6114 0
      vertex 46.5149 61.6233 0
      vertex 46.7 61.7 0.20039
    endloop
  endfacet
  facet normal 0.623842 0.333433 -0.706855
    outer loop
      vertex 46.5265 61.5998 0
      vertex 46.5203 61.6114 0
      vertex 46.7 61.7 0.20039
    endloop
  endfacet
  facet normal 0.600745 0.373436 -0.70686
    outer loop
      vertex 46.5334 61.5887 0
      vertex 46.5265 61.5998 0
      vertex 46.7 61.7 0.20039
    endloop
  endfacet
  facet normal 0.576651 0.409584 -0.706905
    outer loop
      vertex 46.541 61.578 0
      vertex 46.5334 61.5887 0
      vertex 46.7 61.7 0.20039
    endloop
  endfacet
  facet normal 0.546428 0.449044 -0.706948
    outer loop
      vertex 46.5493 61.5679 0
      vertex 46.541 61.578 0
      vertex 46.7 61.7 0.20039
    endloop
  endfacet
  facet normal 0.51599 0.48374 -0.70693
    outer loop
      vertex 46.5583 61.5583 0
      vertex 46.5493 61.5679 0
      vertex 46.7 61.7 0.20039
    endloop
  endfacet
  facet normal 0.48374 0.51599 -0.70693
    outer loop
      vertex 46.5679 61.5493 0
      vertex 46.5583 61.5583 0
      vertex 46.7 61.7 0.20039
    endloop
  endfacet
  facet normal 0.449044 0.546428 -0.706948
    outer loop
      vertex 46.578 61.541 0
      vertex 46.5679 61.5493 0
      vertex 46.7 61.7 0.20039
    endloop
  endfacet
  facet normal 0.409584 0.576651 -0.706905
    outer loop
      vertex 46.5887 61.5334 0
      vertex 46.578 61.541 0
      vertex 46.7 61.7 0.20039
    endloop
  endfacet
  facet normal 0.373436 0.600745 -0.70686
    outer loop
      vertex 46.5998 61.5265 0
      vertex 46.5887 61.5334 0
      vertex 46.7 61.7 0.20039
    endloop
  endfacet
  facet normal 0.333433 0.623842 -0.706855
    outer loop
      vertex 46.6114 61.5203 0
      vertex 46.5998 61.5265 0
      vertex 46.7 61.7 0.20039
    endloop
  endfacet
  facet normal 0.292296 0.644134 -0.706863
    outer loop
      vertex 46.6233 61.5149 0
      vertex 46.6114 61.5203 0
      vertex 46.7 61.7 0.20039
    endloop
  endfacet
  facet normal 0.252463 0.660701 -0.70692
    outer loop
      vertex 46.6356 61.5102 0
      vertex 46.6233 61.5149 0
      vertex 46.7 61.7 0.20039
    endloop
  endfacet
  facet normal 0.2057 0.676645 -0.706993
    outer loop
      vertex 46.6481 61.5064 0
      vertex 46.6356 61.5102 0
      vertex 46.7 61.7 0.20039
    endloop
  endfacet
  facet normal 0.156286 0.689814 -0.706917
    outer loop
      vertex 46.6609 61.5035 0
      vertex 46.6481 61.5064 0
      vertex 46.7 61.7 0.20039
    endloop
  endfacet
  facet normal 0.118909 0.69724 -0.706907
    outer loop
      vertex 46.6738 61.5013 0
      vertex 46.6609 61.5035 0
      vertex 46.7 61.7 0.20039
    endloop
  endfacet
  facet normal 0.0698408 0.70378 -0.706976
    outer loop
      vertex 46.6869 61.5 0
      vertex 46.6738 61.5013 0
      vertex 46.7 61.7 0.20039
    endloop
  endfacet
  facet normal 0.0215855 0.706924 -0.70696
    outer loop
      vertex 46.7 61.4996 0
      vertex 46.6869 61.5 0
      vertex 46.7 61.7 0.20039
    endloop
  endfacet
  facet normal 0 0.707089 -0.707124
    outer loop
      vertex 58.3 61.4996 0
      vertex 46.7 61.7 0.20039
      vertex 58.3 61.7 0.20039
    endloop
  endfacet
  facet normal 0 0.707089 -0.707124
    outer loop
      vertex 46.7 61.7 0.20039
      vertex 58.3 61.4996 0
      vertex 46.7 61.4996 0
    endloop
  endfacet
  facet normal -0.0215855 0.706924 -0.70696
    outer loop
      vertex 58.3131 61.5 0
      vertex 58.3 61.4996 0
      vertex 58.3 61.7 0.20039
    endloop
  endfacet
  facet normal -0.0698408 0.70378 -0.706976
    outer loop
      vertex 58.3131 61.5 0
      vertex 58.3 61.7 0.20039
      vertex 58.3262 61.5013 0
    endloop
  endfacet
  facet normal -0.118909 0.69724 -0.706907
    outer loop
      vertex 58.3262 61.5013 0
      vertex 58.3 61.7 0.20039
      vertex 58.3391 61.5035 0
    endloop
  endfacet
  facet normal -0.156286 0.689814 -0.706917
    outer loop
      vertex 58.3391 61.5035 0
      vertex 58.3 61.7 0.20039
      vertex 58.3519 61.5064 0
    endloop
  endfacet
  facet normal -0.2057 0.676645 -0.706993
    outer loop
      vertex 58.3519 61.5064 0
      vertex 58.3 61.7 0.20039
      vertex 58.3644 61.5102 0
    endloop
  endfacet
  facet normal -0.252463 0.660701 -0.70692
    outer loop
      vertex 58.3644 61.5102 0
      vertex 58.3 61.7 0.20039
      vertex 58.3767 61.5149 0
    endloop
  endfacet
  facet normal -0.292296 0.644134 -0.706863
    outer loop
      vertex 58.3767 61.5149 0
      vertex 58.3 61.7 0.20039
      vertex 58.3886 61.5203 0
    endloop
  endfacet
  facet normal -0.333433 0.623842 -0.706855
    outer loop
      vertex 58.3886 61.5203 0
      vertex 58.3 61.7 0.20039
      vertex 58.4002 61.5265 0
    endloop
  endfacet
  facet normal -0.373436 0.600745 -0.70686
    outer loop
      vertex 58.4002 61.5265 0
      vertex 58.3 61.7 0.20039
      vertex 58.4113 61.5334 0
    endloop
  endfacet
  facet normal -0.409584 0.576651 -0.706905
    outer loop
      vertex 58.4113 61.5334 0
      vertex 58.3 61.7 0.20039
      vertex 58.422 61.541 0
    endloop
  endfacet
  facet normal -0.449044 0.546428 -0.706948
    outer loop
      vertex 58.422 61.541 0
      vertex 58.3 61.7 0.20039
      vertex 58.4321 61.5493 0
    endloop
  endfacet
  facet normal -0.48374 0.51599 -0.70693
    outer loop
      vertex 58.4321 61.5493 0
      vertex 58.3 61.7 0.20039
      vertex 58.4417 61.5583 0
    endloop
  endfacet
  facet normal -0.51599 0.48374 -0.70693
    outer loop
      vertex 58.4417 61.5583 0
      vertex 58.3 61.7 0.20039
      vertex 58.4507 61.5679 0
    endloop
  endfacet
  facet normal -0.546428 0.449044 -0.706948
    outer loop
      vertex 58.4507 61.5679 0
      vertex 58.3 61.7 0.20039
      vertex 58.459 61.578 0
    endloop
  endfacet
  facet normal -0.576651 0.409584 -0.706905
    outer loop
      vertex 58.459 61.578 0
      vertex 58.3 61.7 0.20039
      vertex 58.4666 61.5887 0
    endloop
  endfacet
  facet normal -0.600745 0.373436 -0.70686
    outer loop
      vertex 58.4666 61.5887 0
      vertex 58.3 61.7 0.20039
      vertex 58.4735 61.5998 0
    endloop
  endfacet
  facet normal -0.623842 0.333433 -0.706855
    outer loop
      vertex 58.4735 61.5998 0
      vertex 58.3 61.7 0.20039
      vertex 58.4797 61.6114 0
    endloop
  endfacet
  facet normal -0.644134 0.292296 -0.706863
    outer loop
      vertex 58.4797 61.6114 0
      vertex 58.3 61.7 0.20039
      vertex 58.4851 61.6233 0
    endloop
  endfacet
  facet normal -0.660701 0.252463 -0.70692
    outer loop
      vertex 58.4851 61.6233 0
      vertex 58.3 61.7 0.20039
      vertex 58.4898 61.6356 0
    endloop
  endfacet
  facet normal -0.676645 0.2057 -0.706993
    outer loop
      vertex 58.4898 61.6356 0
      vertex 58.3 61.7 0.20039
      vertex 58.4936 61.6481 0
    endloop
  endfacet
  facet normal -0.689814 0.156286 -0.706917
    outer loop
      vertex 58.4936 61.6481 0
      vertex 58.3 61.7 0.20039
      vertex 58.4965 61.6609 0
    endloop
  endfacet
  facet normal -0.69724 0.118909 -0.706907
    outer loop
      vertex 58.4965 61.6609 0
      vertex 58.3 61.7 0.20039
      vertex 58.4987 61.6738 0
    endloop
  endfacet
  facet normal -0.70378 0.0698408 -0.706976
    outer loop
      vertex 58.4987 61.6738 0
      vertex 58.3 61.7 0.20039
      vertex 58.5 61.6869 0
    endloop
  endfacet
  facet normal -0.706924 0.0215855 -0.70696
    outer loop
      vertex 58.5 61.6869 0
      vertex 58.3 61.7 0.20039
      vertex 58.5004 61.7 0
    endloop
  endfacet
  facet normal -0.707089 0 -0.707124
    outer loop
      vertex 58.5004 61.7 0
      vertex 58.3 73.3 0.20039
      vertex 58.5004 73.3 0
    endloop
  endfacet
  facet normal -0.707089 -0 -0.707124
    outer loop
      vertex 58.3 73.3 0.20039
      vertex 58.5004 61.7 0
      vertex 58.3 61.7 0.20039
    endloop
  endfacet
  facet normal -0.706924 -0.0215855 -0.70696
    outer loop
      vertex 58.5004 73.3 0
      vertex 58.3 73.3 0.20039
      vertex 58.5 73.3131 0
    endloop
  endfacet
  facet normal -0.70378 -0.0698408 -0.706976
    outer loop
      vertex 58.5 73.3131 0
      vertex 58.3 73.3 0.20039
      vertex 58.4987 73.3262 0
    endloop
  endfacet
  facet normal -0.69724 -0.118909 -0.706907
    outer loop
      vertex 58.4987 73.3262 0
      vertex 58.3 73.3 0.20039
      vertex 58.4965 73.3391 0
    endloop
  endfacet
  facet normal -0.689814 -0.156286 -0.706917
    outer loop
      vertex 58.4965 73.3391 0
      vertex 58.3 73.3 0.20039
      vertex 58.4936 73.3519 0
    endloop
  endfacet
  facet normal -0.676645 -0.2057 -0.706993
    outer loop
      vertex 58.4936 73.3519 0
      vertex 58.3 73.3 0.20039
      vertex 58.4898 73.3644 0
    endloop
  endfacet
  facet normal -0.660701 -0.252463 -0.70692
    outer loop
      vertex 58.4898 73.3644 0
      vertex 58.3 73.3 0.20039
      vertex 58.4851 73.3767 0
    endloop
  endfacet
  facet normal -0.644134 -0.292296 -0.706863
    outer loop
      vertex 58.4851 73.3767 0
      vertex 58.3 73.3 0.20039
      vertex 58.4797 73.3886 0
    endloop
  endfacet
  facet normal -0.623842 -0.333433 -0.706855
    outer loop
      vertex 58.4797 73.3886 0
      vertex 58.3 73.3 0.20039
      vertex 58.4735 73.4002 0
    endloop
  endfacet
  facet normal -0.600745 -0.373436 -0.70686
    outer loop
      vertex 58.4735 73.4002 0
      vertex 58.3 73.3 0.20039
      vertex 58.4666 73.4113 0
    endloop
  endfacet
  facet normal -0.576651 -0.409584 -0.706905
    outer loop
      vertex 58.4666 73.4113 0
      vertex 58.3 73.3 0.20039
      vertex 58.459 73.422 0
    endloop
  endfacet
  facet normal -0.546428 -0.449044 -0.706948
    outer loop
      vertex 58.459 73.422 0
      vertex 58.3 73.3 0.20039
      vertex 58.4507 73.4321 0
    endloop
  endfacet
  facet normal -0.51599 -0.48374 -0.70693
    outer loop
      vertex 58.4507 73.4321 0
      vertex 58.3 73.3 0.20039
      vertex 58.4417 73.4417 0
    endloop
  endfacet
  facet normal -0.48374 -0.51599 -0.70693
    outer loop
      vertex 58.4417 73.4417 0
      vertex 58.3 73.3 0.20039
      vertex 58.4321 73.4507 0
    endloop
  endfacet
  facet normal -0.449044 -0.546428 -0.706948
    outer loop
      vertex 58.4321 73.4507 0
      vertex 58.3 73.3 0.20039
      vertex 58.422 73.459 0
    endloop
  endfacet
  facet normal -0.409584 -0.576651 -0.706905
    outer loop
      vertex 58.422 73.459 0
      vertex 58.3 73.3 0.20039
      vertex 58.4113 73.4666 0
    endloop
  endfacet
  facet normal -0.373436 -0.600745 -0.70686
    outer loop
      vertex 58.4113 73.4666 0
      vertex 58.3 73.3 0.20039
      vertex 58.4002 73.4735 0
    endloop
  endfacet
  facet normal -0.333433 -0.623842 -0.706855
    outer loop
      vertex 58.4002 73.4735 0
      vertex 58.3 73.3 0.20039
      vertex 58.3886 73.4797 0
    endloop
  endfacet
  facet normal -0.292296 -0.644134 -0.706863
    outer loop
      vertex 58.3886 73.4797 0
      vertex 58.3 73.3 0.20039
      vertex 58.3767 73.4851 0
    endloop
  endfacet
  facet normal -0.252463 -0.660701 -0.70692
    outer loop
      vertex 58.3767 73.4851 0
      vertex 58.3 73.3 0.20039
      vertex 58.3644 73.4898 0
    endloop
  endfacet
  facet normal -0.2057 -0.676645 -0.706993
    outer loop
      vertex 58.3644 73.4898 0
      vertex 58.3 73.3 0.20039
      vertex 58.3519 73.4936 0
    endloop
  endfacet
  facet normal -0.156286 -0.689814 -0.706917
    outer loop
      vertex 58.3519 73.4936 0
      vertex 58.3 73.3 0.20039
      vertex 58.3391 73.4965 0
    endloop
  endfacet
  facet normal -0.118909 -0.69724 -0.706907
    outer loop
      vertex 58.3391 73.4965 0
      vertex 58.3 73.3 0.20039
      vertex 58.3262 73.4987 0
    endloop
  endfacet
  facet normal -0.0698408 -0.70378 -0.706976
    outer loop
      vertex 58.3262 73.4987 0
      vertex 58.3 73.3 0.20039
      vertex 58.3131 73.5 0
    endloop
  endfacet
  facet normal -0.0215855 -0.706924 -0.70696
    outer loop
      vertex 58.3131 73.5 0
      vertex 58.3 73.3 0.20039
      vertex 58.3 73.5004 0
    endloop
  endfacet
  facet normal 0 -0.707089 -0.707124
    outer loop
      vertex 46.7 73.5004 0
      vertex 58.3 73.3 0.20039
      vertex 46.7 73.3 0.20039
    endloop
  endfacet
  facet normal 0 -0.707089 -0.707124
    outer loop
      vertex 58.3 73.3 0.20039
      vertex 46.7 73.5004 0
      vertex 58.3 73.5004 0
    endloop
  endfacet
  facet normal 0.0215855 -0.706924 -0.70696
    outer loop
      vertex 46.7 73.3 0.20039
      vertex 46.6869 73.5 0
      vertex 46.7 73.5004 0
    endloop
  endfacet
  facet normal 0.0698408 -0.70378 -0.706976
    outer loop
      vertex 46.7 73.3 0.20039
      vertex 46.6738 73.4987 0
      vertex 46.6869 73.5 0
    endloop
  endfacet
  facet normal 0.118909 -0.69724 -0.706907
    outer loop
      vertex 46.7 73.3 0.20039
      vertex 46.6609 73.4965 0
      vertex 46.6738 73.4987 0
    endloop
  endfacet
  facet normal 0.156286 -0.689814 -0.706917
    outer loop
      vertex 46.7 73.3 0.20039
      vertex 46.6481 73.4936 0
      vertex 46.6609 73.4965 0
    endloop
  endfacet
  facet normal 0.2057 -0.676645 -0.706993
    outer loop
      vertex 46.7 73.3 0.20039
      vertex 46.6356 73.4898 0
      vertex 46.6481 73.4936 0
    endloop
  endfacet
  facet normal 0.252463 -0.660701 -0.70692
    outer loop
      vertex 46.7 73.3 0.20039
      vertex 46.6233 73.4851 0
      vertex 46.6356 73.4898 0
    endloop
  endfacet
  facet normal 0.292296 -0.644134 -0.706863
    outer loop
      vertex 46.7 73.3 0.20039
      vertex 46.6114 73.4797 0
      vertex 46.6233 73.4851 0
    endloop
  endfacet
  facet normal 0.333433 -0.623842 -0.706855
    outer loop
      vertex 46.7 73.3 0.20039
      vertex 46.5998 73.4735 0
      vertex 46.6114 73.4797 0
    endloop
  endfacet
  facet normal 0.373436 -0.600745 -0.70686
    outer loop
      vertex 46.7 73.3 0.20039
      vertex 46.5887 73.4666 0
      vertex 46.5998 73.4735 0
    endloop
  endfacet
  facet normal 0.409584 -0.576651 -0.706905
    outer loop
      vertex 46.7 73.3 0.20039
      vertex 46.578 73.459 0
      vertex 46.5887 73.4666 0
    endloop
  endfacet
  facet normal 0.449044 -0.546428 -0.706948
    outer loop
      vertex 46.7 73.3 0.20039
      vertex 46.5679 73.4507 0
      vertex 46.578 73.459 0
    endloop
  endfacet
  facet normal 0.48374 -0.51599 -0.70693
    outer loop
      vertex 46.7 73.3 0.20039
      vertex 46.5583 73.4417 0
      vertex 46.5679 73.4507 0
    endloop
  endfacet
  facet normal 0.51599 -0.48374 -0.70693
    outer loop
      vertex 46.7 73.3 0.20039
      vertex 46.5493 73.4321 0
      vertex 46.5583 73.4417 0
    endloop
  endfacet
  facet normal 0.546428 -0.449044 -0.706948
    outer loop
      vertex 46.7 73.3 0.20039
      vertex 46.541 73.422 0
      vertex 46.5493 73.4321 0
    endloop
  endfacet
  facet normal 0.576651 -0.409584 -0.706905
    outer loop
      vertex 46.7 73.3 0.20039
      vertex 46.5334 73.4113 0
      vertex 46.541 73.422 0
    endloop
  endfacet
  facet normal 0.600745 -0.373436 -0.70686
    outer loop
      vertex 46.7 73.3 0.20039
      vertex 46.5265 73.4002 0
      vertex 46.5334 73.4113 0
    endloop
  endfacet
  facet normal 0.623842 -0.333433 -0.706855
    outer loop
      vertex 46.7 73.3 0.20039
      vertex 46.5203 73.3886 0
      vertex 46.5265 73.4002 0
    endloop
  endfacet
  facet normal 0.644134 -0.292296 -0.706863
    outer loop
      vertex 46.7 73.3 0.20039
      vertex 46.5149 73.3767 0
      vertex 46.5203 73.3886 0
    endloop
  endfacet
  facet normal 0.660701 -0.252463 -0.70692
    outer loop
      vertex 46.7 73.3 0.20039
      vertex 46.5102 73.3644 0
      vertex 46.5149 73.3767 0
    endloop
  endfacet
  facet normal 0.676645 -0.2057 -0.706993
    outer loop
      vertex 46.7 73.3 0.20039
      vertex 46.5064 73.3519 0
      vertex 46.5102 73.3644 0
    endloop
  endfacet
  facet normal 0.689814 -0.156286 -0.706917
    outer loop
      vertex 46.7 73.3 0.20039
      vertex 46.5035 73.3391 0
      vertex 46.5064 73.3519 0
    endloop
  endfacet
  facet normal 0.69724 -0.118909 -0.706907
    outer loop
      vertex 46.7 73.3 0.20039
      vertex 46.5013 73.3262 0
      vertex 46.5035 73.3391 0
    endloop
  endfacet
  facet normal 0.70378 -0.0698408 -0.706976
    outer loop
      vertex 46.7 73.3 0.20039
      vertex 46.5 73.3131 0
      vertex 46.5013 73.3262 0
    endloop
  endfacet
  facet normal 0.706924 -0.0215855 -0.70696
    outer loop
      vertex 46.7 73.3 0.20039
      vertex 46.4996 73.3 0
      vertex 46.5 73.3131 0
    endloop
  endfacet
  facet normal 0.707089 0 -0.707124
    outer loop
      vertex 46.7 61.7 0.20039
      vertex 46.4996 73.3 0
      vertex 46.7 73.3 0.20039
    endloop
  endfacet
  facet normal 0.707089 0 -0.707124
    outer loop
      vertex 46.4996 73.3 0
      vertex 46.7 61.7 0.20039
      vertex 46.4996 61.7 0
    endloop
  endfacet
  facet normal 0.706924 0.0215855 0.70696
    outer loop
      vertex 46.7 61.7 1.79961
      vertex 46.4996 61.7 2
      vertex 46.5 61.6869 2
    endloop
  endfacet
  facet normal 0.70378 0.0698408 0.706976
    outer loop
      vertex 46.7 61.7 1.79961
      vertex 46.5 61.6869 2
      vertex 46.5013 61.6738 2
    endloop
  endfacet
  facet normal 0.69724 0.118909 0.706907
    outer loop
      vertex 46.7 61.7 1.79961
      vertex 46.5013 61.6738 2
      vertex 46.5035 61.6609 2
    endloop
  endfacet
  facet normal 0.689814 0.156286 0.706917
    outer loop
      vertex 46.7 61.7 1.79961
      vertex 46.5035 61.6609 2
      vertex 46.5064 61.6481 2
    endloop
  endfacet
  facet normal 0.676645 0.2057 0.706993
    outer loop
      vertex 46.7 61.7 1.79961
      vertex 46.5064 61.6481 2
      vertex 46.5102 61.6356 2
    endloop
  endfacet
  facet normal 0.660701 0.252463 0.70692
    outer loop
      vertex 46.7 61.7 1.79961
      vertex 46.5102 61.6356 2
      vertex 46.5149 61.6233 2
    endloop
  endfacet
  facet normal 0.644134 0.292296 0.706863
    outer loop
      vertex 46.7 61.7 1.79961
      vertex 46.5149 61.6233 2
      vertex 46.5203 61.6114 2
    endloop
  endfacet
  facet normal 0.623842 0.333433 0.706855
    outer loop
      vertex 46.7 61.7 1.79961
      vertex 46.5203 61.6114 2
      vertex 46.5265 61.5998 2
    endloop
  endfacet
  facet normal 0.600745 0.373436 0.70686
    outer loop
      vertex 46.7 61.7 1.79961
      vertex 46.5265 61.5998 2
      vertex 46.5334 61.5887 2
    endloop
  endfacet
  facet normal 0.576651 0.409584 0.706905
    outer loop
      vertex 46.7 61.7 1.79961
      vertex 46.5334 61.5887 2
      vertex 46.541 61.578 2
    endloop
  endfacet
  facet normal 0.546428 0.449044 0.706948
    outer loop
      vertex 46.7 61.7 1.79961
      vertex 46.541 61.578 2
      vertex 46.5493 61.5679 2
    endloop
  endfacet
  facet normal 0.51599 0.48374 0.70693
    outer loop
      vertex 46.7 61.7 1.79961
      vertex 46.5493 61.5679 2
      vertex 46.5583 61.5583 2
    endloop
  endfacet
  facet normal 0.48374 0.51599 0.70693
    outer loop
      vertex 46.7 61.7 1.79961
      vertex 46.5583 61.5583 2
      vertex 46.5679 61.5493 2
    endloop
  endfacet
  facet normal 0.449044 0.546428 0.706948
    outer loop
      vertex 46.7 61.7 1.79961
      vertex 46.5679 61.5493 2
      vertex 46.578 61.541 2
    endloop
  endfacet
  facet normal 0.409584 0.576651 0.706905
    outer loop
      vertex 46.7 61.7 1.79961
      vertex 46.578 61.541 2
      vertex 46.5887 61.5334 2
    endloop
  endfacet
  facet normal 0.373436 0.600745 0.70686
    outer loop
      vertex 46.7 61.7 1.79961
      vertex 46.5887 61.5334 2
      vertex 46.5998 61.5265 2
    endloop
  endfacet
  facet normal 0.333433 0.623842 0.706855
    outer loop
      vertex 46.7 61.7 1.79961
      vertex 46.5998 61.5265 2
      vertex 46.6114 61.5203 2
    endloop
  endfacet
  facet normal 0.292296 0.644134 0.706863
    outer loop
      vertex 46.7 61.7 1.79961
      vertex 46.6114 61.5203 2
      vertex 46.6233 61.5149 2
    endloop
  endfacet
  facet normal 0.252463 0.660701 0.70692
    outer loop
      vertex 46.7 61.7 1.79961
      vertex 46.6233 61.5149 2
      vertex 46.6356 61.5102 2
    endloop
  endfacet
  facet normal 0.2057 0.676645 0.706993
    outer loop
      vertex 46.7 61.7 1.79961
      vertex 46.6356 61.5102 2
      vertex 46.6481 61.5064 2
    endloop
  endfacet
  facet normal 0.156286 0.689814 0.706917
    outer loop
      vertex 46.7 61.7 1.79961
      vertex 46.6481 61.5064 2
      vertex 46.6609 61.5035 2
    endloop
  endfacet
  facet normal 0.118909 0.69724 0.706907
    outer loop
      vertex 46.7 61.7 1.79961
      vertex 46.6609 61.5035 2
      vertex 46.6738 61.5013 2
    endloop
  endfacet
  facet normal 0.0698408 0.70378 0.706976
    outer loop
      vertex 46.7 61.7 1.79961
      vertex 46.6738 61.5013 2
      vertex 46.6869 61.5 2
    endloop
  endfacet
  facet normal 0.0215855 0.706924 0.70696
    outer loop
      vertex 46.7 61.7 1.79961
      vertex 46.6869 61.5 2
      vertex 46.7 61.4996 2
    endloop
  endfacet
  facet normal 0 0.707089 0.707124
    outer loop
      vertex 58.3 61.7 1.79961
      vertex 46.7 61.4996 2
      vertex 58.3 61.4996 2
    endloop
  endfacet
  facet normal 0 0.707089 0.707124
    outer loop
      vertex 46.7 61.4996 2
      vertex 58.3 61.7 1.79961
      vertex 46.7 61.7 1.79961
    endloop
  endfacet
  facet normal -0.0215855 0.706924 0.70696
    outer loop
      vertex 58.3 61.7 1.79961
      vertex 58.3 61.4996 2
      vertex 58.3131 61.5 2
    endloop
  endfacet
  facet normal -0.0698408 0.70378 0.706976
    outer loop
      vertex 58.3262 61.5013 2
      vertex 58.3 61.7 1.79961
      vertex 58.3131 61.5 2
    endloop
  endfacet
  facet normal -0.118909 0.69724 0.706907
    outer loop
      vertex 58.3391 61.5035 2
      vertex 58.3 61.7 1.79961
      vertex 58.3262 61.5013 2
    endloop
  endfacet
  facet normal -0.156286 0.689814 0.706917
    outer loop
      vertex 58.3519 61.5064 2
      vertex 58.3 61.7 1.79961
      vertex 58.3391 61.5035 2
    endloop
  endfacet
  facet normal -0.2057 0.676645 0.706993
    outer loop
      vertex 58.3644 61.5102 2
      vertex 58.3 61.7 1.79961
      vertex 58.3519 61.5064 2
    endloop
  endfacet
  facet normal -0.252463 0.660701 0.70692
    outer loop
      vertex 58.3767 61.5149 2
      vertex 58.3 61.7 1.79961
      vertex 58.3644 61.5102 2
    endloop
  endfacet
  facet normal -0.292296 0.644134 0.706863
    outer loop
      vertex 58.3886 61.5203 2
      vertex 58.3 61.7 1.79961
      vertex 58.3767 61.5149 2
    endloop
  endfacet
  facet normal -0.333433 0.623842 0.706855
    outer loop
      vertex 58.4002 61.5265 2
      vertex 58.3 61.7 1.79961
      vertex 58.3886 61.5203 2
    endloop
  endfacet
  facet normal -0.373436 0.600745 0.70686
    outer loop
      vertex 58.4113 61.5334 2
      vertex 58.3 61.7 1.79961
      vertex 58.4002 61.5265 2
    endloop
  endfacet
  facet normal -0.409584 0.576651 0.706905
    outer loop
      vertex 58.422 61.541 2
      vertex 58.3 61.7 1.79961
      vertex 58.4113 61.5334 2
    endloop
  endfacet
  facet normal -0.449044 0.546428 0.706948
    outer loop
      vertex 58.4321 61.5493 2
      vertex 58.3 61.7 1.79961
      vertex 58.422 61.541 2
    endloop
  endfacet
  facet normal -0.48374 0.51599 0.70693
    outer loop
      vertex 58.4417 61.5583 2
      vertex 58.3 61.7 1.79961
      vertex 58.4321 61.5493 2
    endloop
  endfacet
  facet normal -0.51599 0.48374 0.70693
    outer loop
      vertex 58.4507 61.5679 2
      vertex 58.3 61.7 1.79961
      vertex 58.4417 61.5583 2
    endloop
  endfacet
  facet normal -0.546428 0.449044 0.706948
    outer loop
      vertex 58.459 61.578 2
      vertex 58.3 61.7 1.79961
      vertex 58.4507 61.5679 2
    endloop
  endfacet
  facet normal -0.576651 0.409584 0.706905
    outer loop
      vertex 58.4666 61.5887 2
      vertex 58.3 61.7 1.79961
      vertex 58.459 61.578 2
    endloop
  endfacet
  facet normal -0.600745 0.373436 0.70686
    outer loop
      vertex 58.4735 61.5998 2
      vertex 58.3 61.7 1.79961
      vertex 58.4666 61.5887 2
    endloop
  endfacet
  facet normal -0.623842 0.333433 0.706855
    outer loop
      vertex 58.4797 61.6114 2
      vertex 58.3 61.7 1.79961
      vertex 58.4735 61.5998 2
    endloop
  endfacet
  facet normal -0.644134 0.292296 0.706863
    outer loop
      vertex 58.4851 61.6233 2
      vertex 58.3 61.7 1.79961
      vertex 58.4797 61.6114 2
    endloop
  endfacet
  facet normal -0.660701 0.252463 0.70692
    outer loop
      vertex 58.4898 61.6356 2
      vertex 58.3 61.7 1.79961
      vertex 58.4851 61.6233 2
    endloop
  endfacet
  facet normal -0.676645 0.2057 0.706993
    outer loop
      vertex 58.4936 61.6481 2
      vertex 58.3 61.7 1.79961
      vertex 58.4898 61.6356 2
    endloop
  endfacet
  facet normal -0.689814 0.156286 0.706917
    outer loop
      vertex 58.4965 61.6609 2
      vertex 58.3 61.7 1.79961
      vertex 58.4936 61.6481 2
    endloop
  endfacet
  facet normal -0.69724 0.118909 0.706907
    outer loop
      vertex 58.4987 61.6738 2
      vertex 58.3 61.7 1.79961
      vertex 58.4965 61.6609 2
    endloop
  endfacet
  facet normal -0.70378 0.0698408 0.706976
    outer loop
      vertex 58.5 61.6869 2
      vertex 58.3 61.7 1.79961
      vertex 58.4987 61.6738 2
    endloop
  endfacet
  facet normal -0.706924 0.0215855 0.70696
    outer loop
      vertex 58.5004 61.7 2
      vertex 58.3 61.7 1.79961
      vertex 58.5 61.6869 2
    endloop
  endfacet
  facet normal -0.707089 0 0.707124
    outer loop
      vertex 58.3 61.7 1.79961
      vertex 58.5004 73.3 2
      vertex 58.3 73.3 1.79961
    endloop
  endfacet
  facet normal -0.707089 0 0.707124
    outer loop
      vertex 58.5004 73.3 2
      vertex 58.3 61.7 1.79961
      vertex 58.5004 61.7 2
    endloop
  endfacet
  facet normal -0.706924 -0.0215855 0.70696
    outer loop
      vertex 58.5 73.3131 2
      vertex 58.3 73.3 1.79961
      vertex 58.5004 73.3 2
    endloop
  endfacet
  facet normal -0.70378 -0.0698408 0.706976
    outer loop
      vertex 58.4987 73.3262 2
      vertex 58.3 73.3 1.79961
      vertex 58.5 73.3131 2
    endloop
  endfacet
  facet normal -0.69724 -0.118909 0.706907
    outer loop
      vertex 58.4965 73.3391 2
      vertex 58.3 73.3 1.79961
      vertex 58.4987 73.3262 2
    endloop
  endfacet
  facet normal -0.689814 -0.156286 0.706917
    outer loop
      vertex 58.4936 73.3519 2
      vertex 58.3 73.3 1.79961
      vertex 58.4965 73.3391 2
    endloop
  endfacet
  facet normal -0.676645 -0.2057 0.706993
    outer loop
      vertex 58.4898 73.3644 2
      vertex 58.3 73.3 1.79961
      vertex 58.4936 73.3519 2
    endloop
  endfacet
  facet normal -0.660701 -0.252463 0.70692
    outer loop
      vertex 58.4851 73.3767 2
      vertex 58.3 73.3 1.79961
      vertex 58.4898 73.3644 2
    endloop
  endfacet
  facet normal -0.644134 -0.292296 0.706863
    outer loop
      vertex 58.4797 73.3886 2
      vertex 58.3 73.3 1.79961
      vertex 58.4851 73.3767 2
    endloop
  endfacet
  facet normal -0.623842 -0.333433 0.706855
    outer loop
      vertex 58.4735 73.4002 2
      vertex 58.3 73.3 1.79961
      vertex 58.4797 73.3886 2
    endloop
  endfacet
  facet normal -0.600745 -0.373436 0.70686
    outer loop
      vertex 58.4666 73.4113 2
      vertex 58.3 73.3 1.79961
      vertex 58.4735 73.4002 2
    endloop
  endfacet
  facet normal -0.576651 -0.409584 0.706905
    outer loop
      vertex 58.459 73.422 2
      vertex 58.3 73.3 1.79961
      vertex 58.4666 73.4113 2
    endloop
  endfacet
  facet normal -0.546428 -0.449044 0.706948
    outer loop
      vertex 58.4507 73.4321 2
      vertex 58.3 73.3 1.79961
      vertex 58.459 73.422 2
    endloop
  endfacet
  facet normal -0.51599 -0.48374 0.70693
    outer loop
      vertex 58.4417 73.4417 2
      vertex 58.3 73.3 1.79961
      vertex 58.4507 73.4321 2
    endloop
  endfacet
  facet normal -0.48374 -0.51599 0.70693
    outer loop
      vertex 58.4321 73.4507 2
      vertex 58.3 73.3 1.79961
      vertex 58.4417 73.4417 2
    endloop
  endfacet
  facet normal -0.449044 -0.546428 0.706948
    outer loop
      vertex 58.422 73.459 2
      vertex 58.3 73.3 1.79961
      vertex 58.4321 73.4507 2
    endloop
  endfacet
  facet normal -0.409584 -0.576651 0.706905
    outer loop
      vertex 58.4113 73.4666 2
      vertex 58.3 73.3 1.79961
      vertex 58.422 73.459 2
    endloop
  endfacet
  facet normal -0.373436 -0.600745 0.70686
    outer loop
      vertex 58.4002 73.4735 2
      vertex 58.3 73.3 1.79961
      vertex 58.4113 73.4666 2
    endloop
  endfacet
  facet normal -0.333433 -0.623842 0.706855
    outer loop
      vertex 58.3886 73.4797 2
      vertex 58.3 73.3 1.79961
      vertex 58.4002 73.4735 2
    endloop
  endfacet
  facet normal -0.292296 -0.644134 0.706863
    outer loop
      vertex 58.3767 73.4851 2
      vertex 58.3 73.3 1.79961
      vertex 58.3886 73.4797 2
    endloop
  endfacet
  facet normal -0.252463 -0.660701 0.70692
    outer loop
      vertex 58.3644 73.4898 2
      vertex 58.3 73.3 1.79961
      vertex 58.3767 73.4851 2
    endloop
  endfacet
  facet normal -0.2057 -0.676645 0.706993
    outer loop
      vertex 58.3519 73.4936 2
      vertex 58.3 73.3 1.79961
      vertex 58.3644 73.4898 2
    endloop
  endfacet
  facet normal -0.156286 -0.689814 0.706917
    outer loop
      vertex 58.3391 73.4965 2
      vertex 58.3 73.3 1.79961
      vertex 58.3519 73.4936 2
    endloop
  endfacet
  facet normal -0.118909 -0.69724 0.706907
    outer loop
      vertex 58.3262 73.4987 2
      vertex 58.3 73.3 1.79961
      vertex 58.3391 73.4965 2
    endloop
  endfacet
  facet normal -0.0698408 -0.70378 0.706976
    outer loop
      vertex 58.3131 73.5 2
      vertex 58.3 73.3 1.79961
      vertex 58.3262 73.4987 2
    endloop
  endfacet
  facet normal -0.0215855 -0.706924 0.70696
    outer loop
      vertex 58.3 73.5004 2
      vertex 58.3 73.3 1.79961
      vertex 58.3131 73.5 2
    endloop
  endfacet
  facet normal 0 -0.707089 0.707124
    outer loop
      vertex 46.7 73.3 1.79961
      vertex 58.3 73.5004 2
      vertex 46.7 73.5004 2
    endloop
  endfacet
  facet normal 0 -0.707089 0.707124
    outer loop
      vertex 58.3 73.5004 2
      vertex 46.7 73.3 1.79961
      vertex 58.3 73.3 1.79961
    endloop
  endfacet
  facet normal 0.0215855 -0.706924 0.70696
    outer loop
      vertex 46.7 73.5004 2
      vertex 46.6869 73.5 2
      vertex 46.7 73.3 1.79961
    endloop
  endfacet
  facet normal 0.0698408 -0.70378 0.706976
    outer loop
      vertex 46.6869 73.5 2
      vertex 46.6738 73.4987 2
      vertex 46.7 73.3 1.79961
    endloop
  endfacet
  facet normal 0.118909 -0.69724 0.706907
    outer loop
      vertex 46.6738 73.4987 2
      vertex 46.6609 73.4965 2
      vertex 46.7 73.3 1.79961
    endloop
  endfacet
  facet normal 0.156286 -0.689814 0.706917
    outer loop
      vertex 46.6609 73.4965 2
      vertex 46.6481 73.4936 2
      vertex 46.7 73.3 1.79961
    endloop
  endfacet
  facet normal 0.2057 -0.676645 0.706993
    outer loop
      vertex 46.6481 73.4936 2
      vertex 46.6356 73.4898 2
      vertex 46.7 73.3 1.79961
    endloop
  endfacet
  facet normal 0.252463 -0.660701 0.70692
    outer loop
      vertex 46.6356 73.4898 2
      vertex 46.6233 73.4851 2
      vertex 46.7 73.3 1.79961
    endloop
  endfacet
  facet normal 0.292296 -0.644134 0.706863
    outer loop
      vertex 46.6233 73.4851 2
      vertex 46.6114 73.4797 2
      vertex 46.7 73.3 1.79961
    endloop
  endfacet
  facet normal 0.333433 -0.623842 0.706855
    outer loop
      vertex 46.6114 73.4797 2
      vertex 46.5998 73.4735 2
      vertex 46.7 73.3 1.79961
    endloop
  endfacet
  facet normal 0.373436 -0.600745 0.70686
    outer loop
      vertex 46.5998 73.4735 2
      vertex 46.5887 73.4666 2
      vertex 46.7 73.3 1.79961
    endloop
  endfacet
  facet normal 0.409584 -0.576651 0.706905
    outer loop
      vertex 46.5887 73.4666 2
      vertex 46.578 73.459 2
      vertex 46.7 73.3 1.79961
    endloop
  endfacet
  facet normal 0.449044 -0.546428 0.706948
    outer loop
      vertex 46.578 73.459 2
      vertex 46.5679 73.4507 2
      vertex 46.7 73.3 1.79961
    endloop
  endfacet
  facet normal 0.48374 -0.51599 0.70693
    outer loop
      vertex 46.5679 73.4507 2
      vertex 46.5583 73.4417 2
      vertex 46.7 73.3 1.79961
    endloop
  endfacet
  facet normal 0.51599 -0.48374 0.70693
    outer loop
      vertex 46.5583 73.4417 2
      vertex 46.5493 73.4321 2
      vertex 46.7 73.3 1.79961
    endloop
  endfacet
  facet normal 0.546428 -0.449044 0.706948
    outer loop
      vertex 46.5493 73.4321 2
      vertex 46.541 73.422 2
      vertex 46.7 73.3 1.79961
    endloop
  endfacet
  facet normal 0.576651 -0.409584 0.706905
    outer loop
      vertex 46.541 73.422 2
      vertex 46.5334 73.4113 2
      vertex 46.7 73.3 1.79961
    endloop
  endfacet
  facet normal 0.600745 -0.373436 0.70686
    outer loop
      vertex 46.5334 73.4113 2
      vertex 46.5265 73.4002 2
      vertex 46.7 73.3 1.79961
    endloop
  endfacet
  facet normal 0.623842 -0.333433 0.706855
    outer loop
      vertex 46.5265 73.4002 2
      vertex 46.5203 73.3886 2
      vertex 46.7 73.3 1.79961
    endloop
  endfacet
  facet normal 0.644134 -0.292296 0.706863
    outer loop
      vertex 46.5203 73.3886 2
      vertex 46.5149 73.3767 2
      vertex 46.7 73.3 1.79961
    endloop
  endfacet
  facet normal 0.660701 -0.252463 0.70692
    outer loop
      vertex 46.5149 73.3767 2
      vertex 46.5102 73.3644 2
      vertex 46.7 73.3 1.79961
    endloop
  endfacet
  facet normal 0.676645 -0.2057 0.706993
    outer loop
      vertex 46.5102 73.3644 2
      vertex 46.5064 73.3519 2
      vertex 46.7 73.3 1.79961
    endloop
  endfacet
  facet normal 0.689814 -0.156286 0.706917
    outer loop
      vertex 46.5064 73.3519 2
      vertex 46.5035 73.3391 2
      vertex 46.7 73.3 1.79961
    endloop
  endfacet
  facet normal 0.69724 -0.118909 0.706907
    outer loop
      vertex 46.5035 73.3391 2
      vertex 46.5013 73.3262 2
      vertex 46.7 73.3 1.79961
    endloop
  endfacet
  facet normal 0.70378 -0.0698408 0.706976
    outer loop
      vertex 46.5013 73.3262 2
      vertex 46.5 73.3131 2
      vertex 46.7 73.3 1.79961
    endloop
  endfacet
  facet normal 0.706924 -0.0215855 0.70696
    outer loop
      vertex 46.5 73.3131 2
      vertex 46.4996 73.3 2
      vertex 46.7 73.3 1.79961
    endloop
  endfacet
  facet normal 0.707089 -0 0.707124
    outer loop
      vertex 46.4996 61.7 2
      vertex 46.7 73.3 1.79961
      vertex 46.4996 73.3 2
    endloop
  endfacet
  facet normal 0.707089 0 0.707124
    outer loop
      vertex 46.7 73.3 1.79961
      vertex 46.4996 61.7 2
      vertex 46.7 61.7 1.79961
    endloop
  endfacet
  facet normal 0 1 -0
    outer loop
      vertex 58.3 61.7 0.20039
      vertex 46.7 61.7 1.79961
      vertex 58.3 61.7 1.79961
    endloop
  endfacet
  facet normal 0 1 0
    outer loop
      vertex 46.7 61.7 1.79961
      vertex 58.3 61.7 0.20039
      vertex 46.7 61.7 0.20039
    endloop
  endfacet
  facet normal -1 0 0
    outer loop
      vertex 58.3 61.7 0.20039
      vertex 58.3 73.3 1.79961
      vertex 58.3 73.3 0.20039
    endloop
  endfacet
  facet normal -1 -0 0
    outer loop
      vertex 58.3 73.3 1.79961
      vertex 58.3 61.7 0.20039
      vertex 58.3 61.7 1.79961
    endloop
  endfacet
  facet normal 0 -1 0
    outer loop
      vertex 46.7 73.3 0.20039
      vertex 58.3 73.3 1.79961
      vertex 46.7 73.3 1.79961
    endloop
  endfacet
  facet normal 0 -1 -0
    outer loop
      vertex 58.3 73.3 1.79961
      vertex 46.7 73.3 0.20039
      vertex 58.3 73.3 0.20039
    endloop
  endfacet
  facet normal 1 -0 0
    outer loop
      vertex 46.7 61.7 1.79961
      vertex 46.7 73.3 0.20039
      vertex 46.7 73.3 1.79961
    endloop
  endfacet
  facet normal 1 0 0
    outer loop
      vertex 46.7 73.3 0.20039
      vertex 46.7 61.7 1.79961
      vertex 46.7 61.7 0.20039
    endloop
  endfacet
  facet normal 1 -0 0
    outer loop
      vertex 74.8 15.2 1.59961
      vertex 74.8 74.8 0.400391
      vertex 74.8 74.8 1.59961
    endloop
  endfacet
  facet normal 1 0 0
    outer loop
      vertex 74.8 74.8 0.400391
      vertex 74.8 15.2 1.59961
      vertex 74.8 15.2 0.400391
    endloop
  endfacet
  facet normal 0 1 -0
    outer loop
      vertex 74.8 74.8 0.400391
      vertex 60.2 74.8 1.59961
      vertex 74.8 74.8 1.59961
    endloop
  endfacet
  facet normal 0 1 0
    outer loop
      vertex 60.2 74.8 1.59961
      vertex 74.8 74.8 0.400391
      vertex 60.2 74.8 0.400391
    endloop
  endfacet
  facet normal 0 -0.707099 -0.707115
    outer loop
      vertex 60.6004 15.6004 0
      vertex 74.8 15.2 0.400391
      vertex 60.2 15.2 0.400391
    endloop
  endfacet
  facet normal 0 -0.707099 -0.707115
    outer loop
      vertex 74.8 15.2 0.400391
      vertex 60.6004 15.6004 0
      vertex 74.3996 15.6004 0
    endloop
  endfacet
  facet normal 0.707099 0 -0.707115
    outer loop
      vertex 74.8 74.8 0.400391
      vertex 74.3996 15.6004 0
      vertex 74.3996 74.3996 0
    endloop
  endfacet
  facet normal 0.707099 0 -0.707115
    outer loop
      vertex 74.3996 15.6004 0
      vertex 74.8 74.8 0.400391
      vertex 74.8 15.2 0.400391
    endloop
  endfacet
  facet normal -0.707098 0 0.707116
    outer loop
      vertex 60.2 74.8 1.59961
      vertex 60.6004 15.6004 2
      vertex 60.6004 74.3996 2
    endloop
  endfacet
  facet normal -0.707098 0 0.707116
    outer loop
      vertex 60.6004 15.6004 2
      vertex 60.2 74.8 1.59961
      vertex 60.2 15.2 1.59961
    endloop
  endfacet
  facet normal 0 -0.707098 0.707116
    outer loop
      vertex 60.2 15.2 1.59961
      vertex 74.3996 15.6004 2
      vertex 60.6004 15.6004 2
    endloop
  endfacet
  facet normal 0 -0.707098 0.707116
    outer loop
      vertex 74.3996 15.6004 2
      vertex 60.2 15.2 1.59961
      vertex 74.8 15.2 1.59961
    endloop
  endfacet
  facet normal 0 0.707099 -0.707115
    outer loop
      vertex 74.3996 74.3996 0
      vertex 60.2 74.8 0.400391
      vertex 74.8 74.8 0.400391
    endloop
  endfacet
  facet normal 0 0.707099 -0.707115
    outer loop
      vertex 60.2 74.8 0.400391
      vertex 74.3996 74.3996 0
      vertex 60.6004 74.3996 0
    endloop
  endfacet
  facet normal -0.707099 0 -0.707115
    outer loop
      vertex 60.6004 15.6004 0
      vertex 60.2 74.8 0.400391
      vertex 60.6004 74.3996 0
    endloop
  endfacet
  facet normal -0.707099 -0 -0.707115
    outer loop
      vertex 60.2 74.8 0.400391
      vertex 60.6004 15.6004 0
      vertex 60.2 15.2 0.400391
    endloop
  endfacet
  facet normal -0 0 1
    outer loop
      vertex 73.5 28.3131 2
      vertex 74.3996 15.6004 2
      vertex 74.3996 74.3996 2
    endloop
  endfacet
  facet normal 0 0 1
    outer loop
      vertex 74.3996 15.6004 2
      vertex 73.5 28.3131 2
      vertex 73.5004 28.3 2
    endloop
  endfacet
  facet normal 0 0 1
    outer loop
      vertex 74.3996 74.3996 2
      vertex 73.4987 28.3262 2
      vertex 73.5 28.3131 2
    endloop
  endfacet
  facet normal 0 0 1
    outer loop
      vertex 74.3996 74.3996 2
      vertex 73.4965 28.3391 2
      vertex 73.4987 28.3262 2
    endloop
  endfacet
  facet normal 0 0 1
    outer loop
      vertex 74.3996 74.3996 2
      vertex 73.4936 28.3519 2
      vertex 73.4965 28.3391 2
    endloop
  endfacet
  facet normal 0 0 1
    outer loop
      vertex 74.3996 74.3996 2
      vertex 73.4898 28.3644 2
      vertex 73.4936 28.3519 2
    endloop
  endfacet
  facet normal 0 0 1
    outer loop
      vertex 74.3996 74.3996 2
      vertex 73.4851 28.3767 2
      vertex 73.4898 28.3644 2
    endloop
  endfacet
  facet normal 0 0 1
    outer loop
      vertex 74.3996 74.3996 2
      vertex 73.4797 28.3886 2
      vertex 73.4851 28.3767 2
    endloop
  endfacet
  facet normal 0 0 1
    outer loop
      vertex 74.3996 74.3996 2
      vertex 73.4735 28.4002 2
      vertex 73.4797 28.3886 2
    endloop
  endfacet
  facet normal 0 0 1
    outer loop
      vertex 74.3996 74.3996 2
      vertex 73.4666 28.4113 2
      vertex 73.4735 28.4002 2
    endloop
  endfacet
  facet normal 0 0 1
    outer loop
      vertex 74.3996 74.3996 2
      vertex 73.459 28.422 2
      vertex 73.4666 28.4113 2
    endloop
  endfacet
  facet normal 0 0 1
    outer loop
      vertex 74.3996 74.3996 2
      vertex 73.4507 28.4321 2
      vertex 73.459 28.422 2
    endloop
  endfacet
  facet normal 0 0 1
    outer loop
      vertex 74.3996 74.3996 2
      vertex 73.4417 28.4417 2
      vertex 73.4507 28.4321 2
    endloop
  endfacet
  facet normal 0 0 1
    outer loop
      vertex 74.3996 74.3996 2
      vertex 73.4321 28.4507 2
      vertex 73.4417 28.4417 2
    endloop
  endfacet
  facet normal 0 0 1
    outer loop
      vertex 74.3996 74.3996 2
      vertex 73.422 28.459 2
      vertex 73.4321 28.4507 2
    endloop
  endfacet
  facet normal 0 0 1
    outer loop
      vertex 74.3996 74.3996 2
      vertex 73.4113 28.4666 2
      vertex 73.422 28.459 2
    endloop
  endfacet
  facet normal 0 0 1
    outer loop
      vertex 74.3996 74.3996 2
      vertex 73.4002 28.4735 2
      vertex 73.4113 28.4666 2
    endloop
  endfacet
  facet normal 0 0 1
    outer loop
      vertex 74.3996 74.3996 2
      vertex 73.3886 28.4797 2
      vertex 73.4002 28.4735 2
    endloop
  endfacet
  facet normal 0 0 1
    outer loop
      vertex 74.3996 74.3996 2
      vertex 73.3767 28.4851 2
      vertex 73.3886 28.4797 2
    endloop
  endfacet
  facet normal 0 0 1
    outer loop
      vertex 74.3996 74.3996 2
      vertex 73.3644 28.4898 2
      vertex 73.3767 28.4851 2
    endloop
  endfacet
  facet normal 0 0 1
    outer loop
      vertex 74.3996 74.3996 2
      vertex 73.3519 28.4936 2
      vertex 73.3644 28.4898 2
    endloop
  endfacet
  facet normal 0 0 1
    outer loop
      vertex 74.3996 74.3996 2
      vertex 73.3391 28.4965 2
      vertex 73.3519 28.4936 2
    endloop
  endfacet
  facet normal 0 0 1
    outer loop
      vertex 74.3996 74.3996 2
      vertex 73.3262 28.4987 2
      vertex 73.3391 28.4965 2
    endloop
  endfacet
  facet normal 0 0 1
    outer loop
      vertex 74.3996 74.3996 2
      vertex 73.3131 28.5 2
      vertex 73.3262 28.4987 2
    endloop
  endfacet
  facet normal 0 0 1
    outer loop
      vertex 74.3996 74.3996 2
      vertex 73.3 28.5004 2
      vertex 73.3131 28.5 2
    endloop
  endfacet
  facet normal 0 0 1
    outer loop
      vertex 74.3996 74.3996 2
      vertex 61.7 28.5004 2
      vertex 73.3 28.5004 2
    endloop
  endfacet
  facet normal -0 0 1
    outer loop
      vertex 60.6004 74.3996 2
      vertex 61.7 28.5004 2
      vertex 74.3996 74.3996 2
    endloop
  endfacet
  facet normal 0 0 1
    outer loop
      vertex 61.7 28.5004 2
      vertex 60.6004 74.3996 2
      vertex 61.6869 28.5 2
    endloop
  endfacet
  facet normal 0 0 1
    outer loop
      vertex 61.6869 28.5 2
      vertex 60.6004 74.3996 2
      vertex 61.6738 28.4987 2
    endloop
  endfacet
  facet normal 0 0 1
    outer loop
      vertex 61.6738 28.4987 2
      vertex 60.6004 74.3996 2
      vertex 61.6609 28.4965 2
    endloop
  endfacet
  facet normal 0 0 1
    outer loop
      vertex 61.6609 28.4965 2
      vertex 60.6004 74.3996 2
      vertex 61.6481 28.4936 2
    endloop
  endfacet
  facet normal 0 0 1
    outer loop
      vertex 61.6481 28.4936 2
      vertex 60.6004 74.3996 2
      vertex 61.6356 28.4898 2
    endloop
  endfacet
  facet normal 0 0 1
    outer loop
      vertex 61.6356 28.4898 2
      vertex 60.6004 74.3996 2
      vertex 61.6233 28.4851 2
    endloop
  endfacet
  facet normal 0 0 1
    outer loop
      vertex 61.6233 28.4851 2
      vertex 60.6004 74.3996 2
      vertex 61.6114 28.4797 2
    endloop
  endfacet
  facet normal 0 0 1
    outer loop
      vertex 61.6114 28.4797 2
      vertex 60.6004 74.3996 2
      vertex 61.5998 28.4735 2
    endloop
  endfacet
  facet normal 0 0 1
    outer loop
      vertex 61.5998 28.4735 2
      vertex 60.6004 74.3996 2
      vertex 61.5887 28.4666 2
    endloop
  endfacet
  facet normal 0 0 1
    outer loop
      vertex 61.5887 28.4666 2
      vertex 60.6004 74.3996 2
      vertex 61.578 28.459 2
    endloop
  endfacet
  facet normal 0 0 1
    outer loop
      vertex 61.578 28.459 2
      vertex 60.6004 74.3996 2
      vertex 61.5679 28.4507 2
    endloop
  endfacet
  facet normal 0 0 1
    outer loop
      vertex 61.5679 28.4507 2
      vertex 60.6004 74.3996 2
      vertex 61.5583 28.4417 2
    endloop
  endfacet
  facet normal 0 0 1
    outer loop
      vertex 61.5583 28.4417 2
      vertex 60.6004 74.3996 2
      vertex 61.5493 28.4321 2
    endloop
  endfacet
  facet normal 0 0 1
    outer loop
      vertex 61.5493 28.4321 2
      vertex 60.6004 74.3996 2
      vertex 61.541 28.422 2
    endloop
  endfacet
  facet normal 0 0 1
    outer loop
      vertex 61.541 28.422 2
      vertex 60.6004 74.3996 2
      vertex 61.5334 28.4113 2
    endloop
  endfacet
  facet normal 0 0 1
    outer loop
      vertex 61.5334 28.4113 2
      vertex 60.6004 74.3996 2
      vertex 61.5265 28.4002 2
    endloop
  endfacet
  facet normal 0 0 1
    outer loop
      vertex 61.5265 28.4002 2
      vertex 60.6004 74.3996 2
      vertex 61.5203 28.3886 2
    endloop
  endfacet
  facet normal 0 0 1
    outer loop
      vertex 61.5203 28.3886 2
      vertex 60.6004 74.3996 2
      vertex 61.5149 28.3767 2
    endloop
  endfacet
  facet normal 0 0 1
    outer loop
      vertex 61.5149 28.3767 2
      vertex 60.6004 74.3996 2
      vertex 61.5102 28.3644 2
    endloop
  endfacet
  facet normal 0 0 1
    outer loop
      vertex 61.5 28.3131 2
      vertex 60.6004 15.6004 2
      vertex 61.4996 28.3 2
    endloop
  endfacet
  facet normal 0 0 1
    outer loop
      vertex 60.6004 15.6004 2
      vertex 61.5 28.3131 2
      vertex 60.6004 74.3996 2
    endloop
  endfacet
  facet normal 0 0 1
    outer loop
      vertex 61.5013 28.3262 2
      vertex 60.6004 74.3996 2
      vertex 61.5 28.3131 2
    endloop
  endfacet
  facet normal 0 0 1
    outer loop
      vertex 61.5035 28.3391 2
      vertex 60.6004 74.3996 2
      vertex 61.5013 28.3262 2
    endloop
  endfacet
  facet normal 0 0 1
    outer loop
      vertex 61.5064 28.3519 2
      vertex 60.6004 74.3996 2
      vertex 61.5035 28.3391 2
    endloop
  endfacet
  facet normal 0 0 1
    outer loop
      vertex 61.5102 28.3644 2
      vertex 60.6004 74.3996 2
      vertex 61.5064 28.3519 2
    endloop
  endfacet
  facet normal -0 0 1
    outer loop
      vertex 73.5004 16.7 2
      vertex 74.3996 15.6004 2
      vertex 73.5004 28.3 2
    endloop
  endfacet
  facet normal -0 0 1
    outer loop
      vertex 73.5 16.6869 2
      vertex 74.3996 15.6004 2
      vertex 73.5004 16.7 2
    endloop
  endfacet
  facet normal -0 0 1
    outer loop
      vertex 73.4987 16.6738 2
      vertex 74.3996 15.6004 2
      vertex 73.5 16.6869 2
    endloop
  endfacet
  facet normal -0 0 1
    outer loop
      vertex 73.4965 16.6609 2
      vertex 74.3996 15.6004 2
      vertex 73.4987 16.6738 2
    endloop
  endfacet
  facet normal -0 0 1
    outer loop
      vertex 73.4936 16.6481 2
      vertex 74.3996 15.6004 2
      vertex 73.4965 16.6609 2
    endloop
  endfacet
  facet normal -0 0 1
    outer loop
      vertex 73.4898 16.6356 2
      vertex 74.3996 15.6004 2
      vertex 73.4936 16.6481 2
    endloop
  endfacet
  facet normal -0 0 1
    outer loop
      vertex 73.4851 16.6233 2
      vertex 74.3996 15.6004 2
      vertex 73.4898 16.6356 2
    endloop
  endfacet
  facet normal -0 0 1
    outer loop
      vertex 73.4797 16.6114 2
      vertex 74.3996 15.6004 2
      vertex 73.4851 16.6233 2
    endloop
  endfacet
  facet normal -0 0 1
    outer loop
      vertex 73.4735 16.5998 2
      vertex 74.3996 15.6004 2
      vertex 73.4797 16.6114 2
    endloop
  endfacet
  facet normal -0 0 1
    outer loop
      vertex 73.4666 16.5887 2
      vertex 74.3996 15.6004 2
      vertex 73.4735 16.5998 2
    endloop
  endfacet
  facet normal -0 0 1
    outer loop
      vertex 73.459 16.578 2
      vertex 74.3996 15.6004 2
      vertex 73.4666 16.5887 2
    endloop
  endfacet
  facet normal -0 0 1
    outer loop
      vertex 73.4507 16.5679 2
      vertex 74.3996 15.6004 2
      vertex 73.459 16.578 2
    endloop
  endfacet
  facet normal -0 0 1
    outer loop
      vertex 73.4417 16.5583 2
      vertex 74.3996 15.6004 2
      vertex 73.4507 16.5679 2
    endloop
  endfacet
  facet normal -0 0 1
    outer loop
      vertex 73.4321 16.5493 2
      vertex 74.3996 15.6004 2
      vertex 73.4417 16.5583 2
    endloop
  endfacet
  facet normal -0 0 1
    outer loop
      vertex 73.422 16.541 2
      vertex 74.3996 15.6004 2
      vertex 73.4321 16.5493 2
    endloop
  endfacet
  facet normal -0 0 1
    outer loop
      vertex 73.4113 16.5334 2
      vertex 74.3996 15.6004 2
      vertex 73.422 16.541 2
    endloop
  endfacet
  facet normal -0 0 1
    outer loop
      vertex 73.4002 16.5265 2
      vertex 74.3996 15.6004 2
      vertex 73.4113 16.5334 2
    endloop
  endfacet
  facet normal -0 0 1
    outer loop
      vertex 73.3886 16.5203 2
      vertex 74.3996 15.6004 2
      vertex 73.4002 16.5265 2
    endloop
  endfacet
  facet normal -0 0 1
    outer loop
      vertex 73.3767 16.5149 2
      vertex 74.3996 15.6004 2
      vertex 73.3886 16.5203 2
    endloop
  endfacet
  facet normal -0 0 1
    outer loop
      vertex 73.3644 16.5102 2
      vertex 74.3996 15.6004 2
      vertex 73.3767 16.5149 2
    endloop
  endfacet
  facet normal -0 0 1
    outer loop
      vertex 73.3519 16.5064 2
      vertex 74.3996 15.6004 2
      vertex 73.3644 16.5102 2
    endloop
  endfacet
  facet normal -0 0 1
    outer loop
      vertex 73.3391 16.5035 2
      vertex 74.3996 15.6004 2
      vertex 73.3519 16.5064 2
    endloop
  endfacet
  facet normal -0 0 1
    outer loop
      vertex 73.3262 16.5013 2
      vertex 74.3996 15.6004 2
      vertex 73.3391 16.5035 2
    endloop
  endfacet
  facet normal -0 0 1
    outer loop
      vertex 73.3131 16.5 2
      vertex 74.3996 15.6004 2
      vertex 73.3262 16.5013 2
    endloop
  endfacet
  facet normal -0 0 1
    outer loop
      vertex 73.3 16.4996 2
      vertex 74.3996 15.6004 2
      vertex 73.3131 16.5 2
    endloop
  endfacet
  facet normal -0 0 1
    outer loop
      vertex 61.7 16.4996 2
      vertex 74.3996 15.6004 2
      vertex 73.3 16.4996 2
    endloop
  endfacet
  facet normal 0 0 1
    outer loop
      vertex 60.6004 15.6004 2
      vertex 61.7 16.4996 2
      vertex 61.6869 16.5 2
    endloop
  endfacet
  facet normal 0 0 1
    outer loop
      vertex 61.7 16.4996 2
      vertex 60.6004 15.6004 2
      vertex 74.3996 15.6004 2
    endloop
  endfacet
  facet normal 0 0 1
    outer loop
      vertex 61.6738 16.5013 2
      vertex 60.6004 15.6004 2
      vertex 61.6869 16.5 2
    endloop
  endfacet
  facet normal 0 0 1
    outer loop
      vertex 61.6609 16.5035 2
      vertex 60.6004 15.6004 2
      vertex 61.6738 16.5013 2
    endloop
  endfacet
  facet normal 0 0 1
    outer loop
      vertex 61.6481 16.5064 2
      vertex 60.6004 15.6004 2
      vertex 61.6609 16.5035 2
    endloop
  endfacet
  facet normal 0 0 1
    outer loop
      vertex 61.6356 16.5102 2
      vertex 60.6004 15.6004 2
      vertex 61.6481 16.5064 2
    endloop
  endfacet
  facet normal 0 0 1
    outer loop
      vertex 61.6233 16.5149 2
      vertex 60.6004 15.6004 2
      vertex 61.6356 16.5102 2
    endloop
  endfacet
  facet normal 0 0 1
    outer loop
      vertex 61.6114 16.5203 2
      vertex 60.6004 15.6004 2
      vertex 61.6233 16.5149 2
    endloop
  endfacet
  facet normal 0 0 1
    outer loop
      vertex 61.5998 16.5265 2
      vertex 60.6004 15.6004 2
      vertex 61.6114 16.5203 2
    endloop
  endfacet
  facet normal 0 0 1
    outer loop
      vertex 61.5887 16.5334 2
      vertex 60.6004 15.6004 2
      vertex 61.5998 16.5265 2
    endloop
  endfacet
  facet normal 0 0 1
    outer loop
      vertex 61.578 16.541 2
      vertex 60.6004 15.6004 2
      vertex 61.5887 16.5334 2
    endloop
  endfacet
  facet normal 0 0 1
    outer loop
      vertex 61.5679 16.5493 2
      vertex 60.6004 15.6004 2
      vertex 61.578 16.541 2
    endloop
  endfacet
  facet normal 0 0 1
    outer loop
      vertex 61.5583 16.5583 2
      vertex 60.6004 15.6004 2
      vertex 61.5679 16.5493 2
    endloop
  endfacet
  facet normal 0 0 1
    outer loop
      vertex 61.5493 16.5679 2
      vertex 60.6004 15.6004 2
      vertex 61.5583 16.5583 2
    endloop
  endfacet
  facet normal 0 0 1
    outer loop
      vertex 61.541 16.578 2
      vertex 60.6004 15.6004 2
      vertex 61.5493 16.5679 2
    endloop
  endfacet
  facet normal 0 0 1
    outer loop
      vertex 61.5334 16.5887 2
      vertex 60.6004 15.6004 2
      vertex 61.541 16.578 2
    endloop
  endfacet
  facet normal 0 0 1
    outer loop
      vertex 61.5265 16.5998 2
      vertex 60.6004 15.6004 2
      vertex 61.5334 16.5887 2
    endloop
  endfacet
  facet normal 0 0 1
    outer loop
      vertex 61.5203 16.6114 2
      vertex 60.6004 15.6004 2
      vertex 61.5265 16.5998 2
    endloop
  endfacet
  facet normal 0 0 1
    outer loop
      vertex 61.5149 16.6233 2
      vertex 60.6004 15.6004 2
      vertex 61.5203 16.6114 2
    endloop
  endfacet
  facet normal 0 0 1
    outer loop
      vertex 61.5102 16.6356 2
      vertex 60.6004 15.6004 2
      vertex 61.5149 16.6233 2
    endloop
  endfacet
  facet normal 0 0 1
    outer loop
      vertex 61.5064 16.6481 2
      vertex 60.6004 15.6004 2
      vertex 61.5102 16.6356 2
    endloop
  endfacet
  facet normal 0 0 1
    outer loop
      vertex 61.5035 16.6609 2
      vertex 60.6004 15.6004 2
      vertex 61.5064 16.6481 2
    endloop
  endfacet
  facet normal 0 0 1
    outer loop
      vertex 61.5013 16.6738 2
      vertex 60.6004 15.6004 2
      vertex 61.5035 16.6609 2
    endloop
  endfacet
  facet normal 0 0 1
    outer loop
      vertex 61.5 16.6869 2
      vertex 60.6004 15.6004 2
      vertex 61.5013 16.6738 2
    endloop
  endfacet
  facet normal 0 0 1
    outer loop
      vertex 61.4996 16.7 2
      vertex 60.6004 15.6004 2
      vertex 61.5 16.6869 2
    endloop
  endfacet
  facet normal 0 0 1
    outer loop
      vertex 61.4996 28.3 2
      vertex 60.6004 15.6004 2
      vertex 61.4996 16.7 2
    endloop
  endfacet
  facet normal 0 0.707098 0.707116
    outer loop
      vertex 74.8 74.8 1.59961
      vertex 60.6004 74.3996 2
      vertex 74.3996 74.3996 2
    endloop
  endfacet
  facet normal 0 0.707098 0.707116
    outer loop
      vertex 60.6004 74.3996 2
      vertex 74.8 74.8 1.59961
      vertex 60.2 74.8 1.59961
    endloop
  endfacet
  facet normal -1 0 0
    outer loop
      vertex 60.2 15.2 0.400391
      vertex 60.2 74.8 1.59961
      vertex 60.2 74.8 0.400391
    endloop
  endfacet
  facet normal -1 -0 0
    outer loop
      vertex 60.2 74.8 1.59961
      vertex 60.2 15.2 0.400391
      vertex 60.2 15.2 1.59961
    endloop
  endfacet
  facet normal 0 -1 0
    outer loop
      vertex 60.2 15.2 0.400391
      vertex 74.8 15.2 1.59961
      vertex 60.2 15.2 1.59961
    endloop
  endfacet
  facet normal 0 -1 -0
    outer loop
      vertex 74.8 15.2 1.59961
      vertex 60.2 15.2 0.400391
      vertex 74.8 15.2 0.400391
    endloop
  endfacet
  facet normal 0 0 -1
    outer loop
      vertex 73.5004 28.3 0
      vertex 74.3996 15.6004 0
      vertex 73.5004 16.7 0
    endloop
  endfacet
  facet normal 0 0 -1
    outer loop
      vertex 74.3996 15.6004 0
      vertex 73.5 16.6869 0
      vertex 73.5004 16.7 0
    endloop
  endfacet
  facet normal 0 0 -1
    outer loop
      vertex 74.3996 15.6004 0
      vertex 73.4987 16.6738 0
      vertex 73.5 16.6869 0
    endloop
  endfacet
  facet normal 0 0 -1
    outer loop
      vertex 74.3996 15.6004 0
      vertex 73.4965 16.6609 0
      vertex 73.4987 16.6738 0
    endloop
  endfacet
  facet normal 0 0 -1
    outer loop
      vertex 74.3996 15.6004 0
      vertex 73.4936 16.6481 0
      vertex 73.4965 16.6609 0
    endloop
  endfacet
  facet normal 0 0 -1
    outer loop
      vertex 74.3996 15.6004 0
      vertex 73.4898 16.6356 0
      vertex 73.4936 16.6481 0
    endloop
  endfacet
  facet normal 0 0 -1
    outer loop
      vertex 74.3996 15.6004 0
      vertex 73.4851 16.6233 0
      vertex 73.4898 16.6356 0
    endloop
  endfacet
  facet normal 0 0 -1
    outer loop
      vertex 74.3996 15.6004 0
      vertex 73.4797 16.6114 0
      vertex 73.4851 16.6233 0
    endloop
  endfacet
  facet normal 0 0 -1
    outer loop
      vertex 74.3996 15.6004 0
      vertex 73.4735 16.5998 0
      vertex 73.4797 16.6114 0
    endloop
  endfacet
  facet normal 0 0 -1
    outer loop
      vertex 74.3996 15.6004 0
      vertex 73.4666 16.5887 0
      vertex 73.4735 16.5998 0
    endloop
  endfacet
  facet normal 0 0 -1
    outer loop
      vertex 74.3996 15.6004 0
      vertex 73.459 16.578 0
      vertex 73.4666 16.5887 0
    endloop
  endfacet
  facet normal 0 0 -1
    outer loop
      vertex 74.3996 15.6004 0
      vertex 73.4507 16.5679 0
      vertex 73.459 16.578 0
    endloop
  endfacet
  facet normal 0 0 -1
    outer loop
      vertex 74.3996 15.6004 0
      vertex 73.4417 16.5583 0
      vertex 73.4507 16.5679 0
    endloop
  endfacet
  facet normal 0 0 -1
    outer loop
      vertex 74.3996 15.6004 0
      vertex 73.4321 16.5493 0
      vertex 73.4417 16.5583 0
    endloop
  endfacet
  facet normal 0 0 -1
    outer loop
      vertex 74.3996 15.6004 0
      vertex 73.422 16.541 0
      vertex 73.4321 16.5493 0
    endloop
  endfacet
  facet normal 0 0 -1
    outer loop
      vertex 74.3996 15.6004 0
      vertex 73.4113 16.5334 0
      vertex 73.422 16.541 0
    endloop
  endfacet
  facet normal 0 0 -1
    outer loop
      vertex 74.3996 15.6004 0
      vertex 73.4002 16.5265 0
      vertex 73.4113 16.5334 0
    endloop
  endfacet
  facet normal 0 0 -1
    outer loop
      vertex 74.3996 15.6004 0
      vertex 73.3886 16.5203 0
      vertex 73.4002 16.5265 0
    endloop
  endfacet
  facet normal 0 0 -1
    outer loop
      vertex 74.3996 15.6004 0
      vertex 73.3767 16.5149 0
      vertex 73.3886 16.5203 0
    endloop
  endfacet
  facet normal 0 0 -1
    outer loop
      vertex 74.3996 15.6004 0
      vertex 73.3644 16.5102 0
      vertex 73.3767 16.5149 0
    endloop
  endfacet
  facet normal 0 0 -1
    outer loop
      vertex 74.3996 15.6004 0
      vertex 73.3519 16.5064 0
      vertex 73.3644 16.5102 0
    endloop
  endfacet
  facet normal 0 0 -1
    outer loop
      vertex 74.3996 15.6004 0
      vertex 73.3391 16.5035 0
      vertex 73.3519 16.5064 0
    endloop
  endfacet
  facet normal 0 0 -1
    outer loop
      vertex 74.3996 15.6004 0
      vertex 73.3262 16.5013 0
      vertex 73.3391 16.5035 0
    endloop
  endfacet
  facet normal 0 0 -1
    outer loop
      vertex 74.3996 15.6004 0
      vertex 73.3131 16.5 0
      vertex 73.3262 16.5013 0
    endloop
  endfacet
  facet normal 0 0 -1
    outer loop
      vertex 74.3996 15.6004 0
      vertex 73.3 16.4996 0
      vertex 73.3131 16.5 0
    endloop
  endfacet
  facet normal 0 0 -1
    outer loop
      vertex 74.3996 15.6004 0
      vertex 61.7 16.4996 0
      vertex 73.3 16.4996 0
    endloop
  endfacet
  facet normal 0 0 -1
    outer loop
      vertex 60.6004 15.6004 0
      vertex 61.7 16.4996 0
      vertex 74.3996 15.6004 0
    endloop
  endfacet
  facet normal -0 0 -1
    outer loop
      vertex 61.4996 16.7 0
      vertex 60.6004 15.6004 0
      vertex 61.4996 28.3 0
    endloop
  endfacet
  facet normal -0 0 -1
    outer loop
      vertex 61.5 16.6869 0
      vertex 60.6004 15.6004 0
      vertex 61.4996 16.7 0
    endloop
  endfacet
  facet normal -0 0 -1
    outer loop
      vertex 61.5013 16.6738 0
      vertex 60.6004 15.6004 0
      vertex 61.5 16.6869 0
    endloop
  endfacet
  facet normal -0 0 -1
    outer loop
      vertex 61.5035 16.6609 0
      vertex 60.6004 15.6004 0
      vertex 61.5013 16.6738 0
    endloop
  endfacet
  facet normal -0 0 -1
    outer loop
      vertex 61.5064 16.6481 0
      vertex 60.6004 15.6004 0
      vertex 61.5035 16.6609 0
    endloop
  endfacet
  facet normal -0 0 -1
    outer loop
      vertex 61.5102 16.6356 0
      vertex 60.6004 15.6004 0
      vertex 61.5064 16.6481 0
    endloop
  endfacet
  facet normal -0 0 -1
    outer loop
      vertex 61.5149 16.6233 0
      vertex 60.6004 15.6004 0
      vertex 61.5102 16.6356 0
    endloop
  endfacet
  facet normal -0 0 -1
    outer loop
      vertex 61.5203 16.6114 0
      vertex 60.6004 15.6004 0
      vertex 61.5149 16.6233 0
    endloop
  endfacet
  facet normal -0 0 -1
    outer loop
      vertex 61.5265 16.5998 0
      vertex 60.6004 15.6004 0
      vertex 61.5203 16.6114 0
    endloop
  endfacet
  facet normal -0 0 -1
    outer loop
      vertex 61.5334 16.5887 0
      vertex 60.6004 15.6004 0
      vertex 61.5265 16.5998 0
    endloop
  endfacet
  facet normal -0 0 -1
    outer loop
      vertex 61.541 16.578 0
      vertex 60.6004 15.6004 0
      vertex 61.5334 16.5887 0
    endloop
  endfacet
  facet normal -0 0 -1
    outer loop
      vertex 61.5493 16.5679 0
      vertex 60.6004 15.6004 0
      vertex 61.541 16.578 0
    endloop
  endfacet
  facet normal -0 0 -1
    outer loop
      vertex 61.5583 16.5583 0
      vertex 60.6004 15.6004 0
      vertex 61.5493 16.5679 0
    endloop
  endfacet
  facet normal -0 0 -1
    outer loop
      vertex 61.5679 16.5493 0
      vertex 60.6004 15.6004 0
      vertex 61.5583 16.5583 0
    endloop
  endfacet
  facet normal -0 0 -1
    outer loop
      vertex 61.578 16.541 0
      vertex 60.6004 15.6004 0
      vertex 61.5679 16.5493 0
    endloop
  endfacet
  facet normal -0 0 -1
    outer loop
      vertex 61.5887 16.5334 0
      vertex 60.6004 15.6004 0
      vertex 61.578 16.541 0
    endloop
  endfacet
  facet normal -0 0 -1
    outer loop
      vertex 61.5998 16.5265 0
      vertex 60.6004 15.6004 0
      vertex 61.5887 16.5334 0
    endloop
  endfacet
  facet normal -0 0 -1
    outer loop
      vertex 61.6114 16.5203 0
      vertex 60.6004 15.6004 0
      vertex 61.5998 16.5265 0
    endloop
  endfacet
  facet normal -0 0 -1
    outer loop
      vertex 61.6233 16.5149 0
      vertex 60.6004 15.6004 0
      vertex 61.6114 16.5203 0
    endloop
  endfacet
  facet normal -0 0 -1
    outer loop
      vertex 61.6356 16.5102 0
      vertex 60.6004 15.6004 0
      vertex 61.6233 16.5149 0
    endloop
  endfacet
  facet normal -0 0 -1
    outer loop
      vertex 61.6481 16.5064 0
      vertex 60.6004 15.6004 0
      vertex 61.6356 16.5102 0
    endloop
  endfacet
  facet normal -0 0 -1
    outer loop
      vertex 61.6609 16.5035 0
      vertex 60.6004 15.6004 0
      vertex 61.6481 16.5064 0
    endloop
  endfacet
  facet normal -0 0 -1
    outer loop
      vertex 61.6738 16.5013 0
      vertex 60.6004 15.6004 0
      vertex 61.6609 16.5035 0
    endloop
  endfacet
  facet normal -0 0 -1
    outer loop
      vertex 61.6869 16.5 0
      vertex 60.6004 15.6004 0
      vertex 61.6738 16.5013 0
    endloop
  endfacet
  facet normal -0 0 -1
    outer loop
      vertex 61.7 16.4996 0
      vertex 60.6004 15.6004 0
      vertex 61.6869 16.5 0
    endloop
  endfacet
  facet normal 0 0 -1
    outer loop
      vertex 73.5 28.3131 0
      vertex 74.3996 15.6004 0
      vertex 73.5004 28.3 0
    endloop
  endfacet
  facet normal 0 0 -1
    outer loop
      vertex 74.3996 15.6004 0
      vertex 73.5 28.3131 0
      vertex 74.3996 74.3996 0
    endloop
  endfacet
  facet normal 0 0 -1
    outer loop
      vertex 73.4987 28.3262 0
      vertex 74.3996 74.3996 0
      vertex 73.5 28.3131 0
    endloop
  endfacet
  facet normal 0 0 -1
    outer loop
      vertex 73.4965 28.3391 0
      vertex 74.3996 74.3996 0
      vertex 73.4987 28.3262 0
    endloop
  endfacet
  facet normal 0 0 -1
    outer loop
      vertex 73.4936 28.3519 0
      vertex 74.3996 74.3996 0
      vertex 73.4965 28.3391 0
    endloop
  endfacet
  facet normal 0 0 -1
    outer loop
      vertex 73.4898 28.3644 0
      vertex 74.3996 74.3996 0
      vertex 73.4936 28.3519 0
    endloop
  endfacet
  facet normal 0 0 -1
    outer loop
      vertex 73.4851 28.3767 0
      vertex 74.3996 74.3996 0
      vertex 73.4898 28.3644 0
    endloop
  endfacet
  facet normal 0 0 -1
    outer loop
      vertex 73.4797 28.3886 0
      vertex 74.3996 74.3996 0
      vertex 73.4851 28.3767 0
    endloop
  endfacet
  facet normal 0 0 -1
    outer loop
      vertex 73.4735 28.4002 0
      vertex 74.3996 74.3996 0
      vertex 73.4797 28.3886 0
    endloop
  endfacet
  facet normal 0 0 -1
    outer loop
      vertex 73.4666 28.4113 0
      vertex 74.3996 74.3996 0
      vertex 73.4735 28.4002 0
    endloop
  endfacet
  facet normal 0 0 -1
    outer loop
      vertex 73.459 28.422 0
      vertex 74.3996 74.3996 0
      vertex 73.4666 28.4113 0
    endloop
  endfacet
  facet normal 0 0 -1
    outer loop
      vertex 73.4507 28.4321 0
      vertex 74.3996 74.3996 0
      vertex 73.459 28.422 0
    endloop
  endfacet
  facet normal 0 0 -1
    outer loop
      vertex 73.4417 28.4417 0
      vertex 74.3996 74.3996 0
      vertex 73.4507 28.4321 0
    endloop
  endfacet
  facet normal 0 0 -1
    outer loop
      vertex 73.4321 28.4507 0
      vertex 74.3996 74.3996 0
      vertex 73.4417 28.4417 0
    endloop
  endfacet
  facet normal 0 0 -1
    outer loop
      vertex 73.422 28.459 0
      vertex 74.3996 74.3996 0
      vertex 73.4321 28.4507 0
    endloop
  endfacet
  facet normal 0 0 -1
    outer loop
      vertex 73.4113 28.4666 0
      vertex 74.3996 74.3996 0
      vertex 73.422 28.459 0
    endloop
  endfacet
  facet normal 0 0 -1
    outer loop
      vertex 73.4002 28.4735 0
      vertex 74.3996 74.3996 0
      vertex 73.4113 28.4666 0
    endloop
  endfacet
  facet normal 0 0 -1
    outer loop
      vertex 73.3886 28.4797 0
      vertex 74.3996 74.3996 0
      vertex 73.4002 28.4735 0
    endloop
  endfacet
  facet normal 0 0 -1
    outer loop
      vertex 73.3767 28.4851 0
      vertex 74.3996 74.3996 0
      vertex 73.3886 28.4797 0
    endloop
  endfacet
  facet normal 0 0 -1
    outer loop
      vertex 73.3644 28.4898 0
      vertex 74.3996 74.3996 0
      vertex 73.3767 28.4851 0
    endloop
  endfacet
  facet normal 0 0 -1
    outer loop
      vertex 73.3519 28.4936 0
      vertex 74.3996 74.3996 0
      vertex 73.3644 28.4898 0
    endloop
  endfacet
  facet normal 0 0 -1
    outer loop
      vertex 73.3391 28.4965 0
      vertex 74.3996 74.3996 0
      vertex 73.3519 28.4936 0
    endloop
  endfacet
  facet normal 0 0 -1
    outer loop
      vertex 73.3262 28.4987 0
      vertex 74.3996 74.3996 0
      vertex 73.3391 28.4965 0
    endloop
  endfacet
  facet normal 0 0 -1
    outer loop
      vertex 73.3131 28.5 0
      vertex 74.3996 74.3996 0
      vertex 73.3262 28.4987 0
    endloop
  endfacet
  facet normal 0 0 -1
    outer loop
      vertex 73.3 28.5004 0
      vertex 74.3996 74.3996 0
      vertex 73.3131 28.5 0
    endloop
  endfacet
  facet normal 0 0 -1
    outer loop
      vertex 61.7 28.5004 0
      vertex 74.3996 74.3996 0
      vertex 73.3 28.5004 0
    endloop
  endfacet
  facet normal 0 0 -1
    outer loop
      vertex 60.6004 74.3996 0
      vertex 61.7 28.5004 0
      vertex 61.6869 28.5 0
    endloop
  endfacet
  facet normal 0 0 -1
    outer loop
      vertex 60.6004 74.3996 0
      vertex 61.6869 28.5 0
      vertex 61.6738 28.4987 0
    endloop
  endfacet
  facet normal 0 0 -1
    outer loop
      vertex 60.6004 74.3996 0
      vertex 61.6738 28.4987 0
      vertex 61.6609 28.4965 0
    endloop
  endfacet
  facet normal 0 0 -1
    outer loop
      vertex 60.6004 74.3996 0
      vertex 61.6609 28.4965 0
      vertex 61.6481 28.4936 0
    endloop
  endfacet
  facet normal 0 0 -1
    outer loop
      vertex 60.6004 74.3996 0
      vertex 61.6481 28.4936 0
      vertex 61.6356 28.4898 0
    endloop
  endfacet
  facet normal 0 0 -1
    outer loop
      vertex 60.6004 74.3996 0
      vertex 61.6356 28.4898 0
      vertex 61.6233 28.4851 0
    endloop
  endfacet
  facet normal 0 0 -1
    outer loop
      vertex 60.6004 74.3996 0
      vertex 61.6233 28.4851 0
      vertex 61.6114 28.4797 0
    endloop
  endfacet
  facet normal 0 0 -1
    outer loop
      vertex 60.6004 74.3996 0
      vertex 61.6114 28.4797 0
      vertex 61.5998 28.4735 0
    endloop
  endfacet
  facet normal 0 0 -1
    outer loop
      vertex 60.6004 74.3996 0
      vertex 61.5998 28.4735 0
      vertex 61.5887 28.4666 0
    endloop
  endfacet
  facet normal 0 0 -1
    outer loop
      vertex 60.6004 74.3996 0
      vertex 61.5887 28.4666 0
      vertex 61.578 28.459 0
    endloop
  endfacet
  facet normal 0 0 -1
    outer loop
      vertex 60.6004 74.3996 0
      vertex 61.578 28.459 0
      vertex 61.5679 28.4507 0
    endloop
  endfacet
  facet normal 0 0 -1
    outer loop
      vertex 60.6004 74.3996 0
      vertex 61.5679 28.4507 0
      vertex 61.5583 28.4417 0
    endloop
  endfacet
  facet normal 0 0 -1
    outer loop
      vertex 60.6004 74.3996 0
      vertex 61.5583 28.4417 0
      vertex 61.5493 28.4321 0
    endloop
  endfacet
  facet normal 0 0 -1
    outer loop
      vertex 60.6004 74.3996 0
      vertex 61.5493 28.4321 0
      vertex 61.541 28.422 0
    endloop
  endfacet
  facet normal 0 0 -1
    outer loop
      vertex 60.6004 74.3996 0
      vertex 61.541 28.422 0
      vertex 61.5334 28.4113 0
    endloop
  endfacet
  facet normal 0 0 -1
    outer loop
      vertex 60.6004 74.3996 0
      vertex 61.5334 28.4113 0
      vertex 61.5265 28.4002 0
    endloop
  endfacet
  facet normal 0 0 -1
    outer loop
      vertex 60.6004 74.3996 0
      vertex 61.5265 28.4002 0
      vertex 61.5203 28.3886 0
    endloop
  endfacet
  facet normal 0 0 -1
    outer loop
      vertex 60.6004 74.3996 0
      vertex 61.5203 28.3886 0
      vertex 61.5149 28.3767 0
    endloop
  endfacet
  facet normal 0 0 -1
    outer loop
      vertex 60.6004 74.3996 0
      vertex 61.5149 28.3767 0
      vertex 61.5102 28.3644 0
    endloop
  endfacet
  facet normal 0 0 -1
    outer loop
      vertex 60.6004 74.3996 0
      vertex 61.5102 28.3644 0
      vertex 61.5064 28.3519 0
    endloop
  endfacet
  facet normal 0 0 -1
    outer loop
      vertex 60.6004 15.6004 0
      vertex 61.5 28.3131 0
      vertex 61.4996 28.3 0
    endloop
  endfacet
  facet normal 0 0 -1
    outer loop
      vertex 61.7 28.5004 0
      vertex 60.6004 74.3996 0
      vertex 74.3996 74.3996 0
    endloop
  endfacet
  facet normal 0 0 -1
    outer loop
      vertex 61.5035 28.3391 0
      vertex 60.6004 74.3996 0
      vertex 61.5064 28.3519 0
    endloop
  endfacet
  facet normal 0 0 -1
    outer loop
      vertex 61.5013 28.3262 0
      vertex 60.6004 74.3996 0
      vertex 61.5035 28.3391 0
    endloop
  endfacet
  facet normal 0 0 -1
    outer loop
      vertex 61.5 28.3131 0
      vertex 60.6004 74.3996 0
      vertex 61.5013 28.3262 0
    endloop
  endfacet
  facet normal 0 0 -1
    outer loop
      vertex 60.6004 74.3996 0
      vertex 61.5 28.3131 0
      vertex 60.6004 15.6004 0
    endloop
  endfacet
  facet normal 0.707098 -0 0.707116
    outer loop
      vertex 74.3996 15.6004 2
      vertex 74.8 74.8 1.59961
      vertex 74.3996 74.3996 2
    endloop
  endfacet
  facet normal 0.707098 0 0.707116
    outer loop
      vertex 74.8 74.8 1.59961
      vertex 74.3996 15.6004 2
      vertex 74.8 15.2 1.59961
    endloop
  endfacet
  facet normal 0.706924 0.0215855 -0.70696
    outer loop
      vertex 61.5 16.6869 0
      vertex 61.4996 16.7 0
      vertex 61.7 16.7 0.20039
    endloop
  endfacet
  facet normal 0.70378 0.0698408 -0.706976
    outer loop
      vertex 61.5013 16.6738 0
      vertex 61.5 16.6869 0
      vertex 61.7 16.7 0.20039
    endloop
  endfacet
  facet normal 0.69724 0.118909 -0.706907
    outer loop
      vertex 61.5035 16.6609 0
      vertex 61.5013 16.6738 0
      vertex 61.7 16.7 0.20039
    endloop
  endfacet
  facet normal 0.689814 0.156286 -0.706917
    outer loop
      vertex 61.5064 16.6481 0
      vertex 61.5035 16.6609 0
      vertex 61.7 16.7 0.20039
    endloop
  endfacet
  facet normal 0.676645 0.2057 -0.706993
    outer loop
      vertex 61.5102 16.6356 0
      vertex 61.5064 16.6481 0
      vertex 61.7 16.7 0.20039
    endloop
  endfacet
  facet normal 0.660701 0.252463 -0.70692
    outer loop
      vertex 61.5149 16.6233 0
      vertex 61.5102 16.6356 0
      vertex 61.7 16.7 0.20039
    endloop
  endfacet
  facet normal 0.644134 0.292296 -0.706863
    outer loop
      vertex 61.5203 16.6114 0
      vertex 61.5149 16.6233 0
      vertex 61.7 16.7 0.20039
    endloop
  endfacet
  facet normal 0.623842 0.333433 -0.706855
    outer loop
      vertex 61.5265 16.5998 0
      vertex 61.5203 16.6114 0
      vertex 61.7 16.7 0.20039
    endloop
  endfacet
  facet normal 0.600745 0.373436 -0.70686
    outer loop
      vertex 61.5334 16.5887 0
      vertex 61.5265 16.5998 0
      vertex 61.7 16.7 0.20039
    endloop
  endfacet
  facet normal 0.576651 0.409584 -0.706905
    outer loop
      vertex 61.541 16.578 0
      vertex 61.5334 16.5887 0
      vertex 61.7 16.7 0.20039
    endloop
  endfacet
  facet normal 0.546428 0.449044 -0.706948
    outer loop
      vertex 61.5493 16.5679 0
      vertex 61.541 16.578 0
      vertex 61.7 16.7 0.20039
    endloop
  endfacet
  facet normal 0.51599 0.48374 -0.70693
    outer loop
      vertex 61.5583 16.5583 0
      vertex 61.5493 16.5679 0
      vertex 61.7 16.7 0.20039
    endloop
  endfacet
  facet normal 0.48374 0.51599 -0.70693
    outer loop
      vertex 61.5679 16.5493 0
      vertex 61.5583 16.5583 0
      vertex 61.7 16.7 0.20039
    endloop
  endfacet
  facet normal 0.449044 0.546428 -0.706948
    outer loop
      vertex 61.578 16.541 0
      vertex 61.5679 16.5493 0
      vertex 61.7 16.7 0.20039
    endloop
  endfacet
  facet normal 0.409584 0.576651 -0.706905
    outer loop
      vertex 61.5887 16.5334 0
      vertex 61.578 16.541 0
      vertex 61.7 16.7 0.20039
    endloop
  endfacet
  facet normal 0.373436 0.600745 -0.70686
    outer loop
      vertex 61.5998 16.5265 0
      vertex 61.5887 16.5334 0
      vertex 61.7 16.7 0.20039
    endloop
  endfacet
  facet normal 0.333433 0.623842 -0.706855
    outer loop
      vertex 61.6114 16.5203 0
      vertex 61.5998 16.5265 0
      vertex 61.7 16.7 0.20039
    endloop
  endfacet
  facet normal 0.292296 0.644134 -0.706863
    outer loop
      vertex 61.6233 16.5149 0
      vertex 61.6114 16.5203 0
      vertex 61.7 16.7 0.20039
    endloop
  endfacet
  facet normal 0.252463 0.660701 -0.70692
    outer loop
      vertex 61.6356 16.5102 0
      vertex 61.6233 16.5149 0
      vertex 61.7 16.7 0.20039
    endloop
  endfacet
  facet normal 0.2057 0.676645 -0.706993
    outer loop
      vertex 61.6481 16.5064 0
      vertex 61.6356 16.5102 0
      vertex 61.7 16.7 0.20039
    endloop
  endfacet
  facet normal 0.156286 0.689814 -0.706917
    outer loop
      vertex 61.6609 16.5035 0
      vertex 61.6481 16.5064 0
      vertex 61.7 16.7 0.20039
    endloop
  endfacet
  facet normal 0.118909 0.69724 -0.706907
    outer loop
      vertex 61.6738 16.5013 0
      vertex 61.6609 16.5035 0
      vertex 61.7 16.7 0.20039
    endloop
  endfacet
  facet normal 0.0698408 0.70378 -0.706976
    outer loop
      vertex 61.6869 16.5 0
      vertex 61.6738 16.5013 0
      vertex 61.7 16.7 0.20039
    endloop
  endfacet
  facet normal 0.0215855 0.706924 -0.70696
    outer loop
      vertex 61.7 16.4996 0
      vertex 61.6869 16.5 0
      vertex 61.7 16.7 0.20039
    endloop
  endfacet
  facet normal 0 0.707089 -0.707124
    outer loop
      vertex 61.7 16.4996 0
      vertex 73.3 16.7 0.20039
      vertex 73.3 16.4996 0
    endloop
  endfacet
  facet normal 0 0.707089 -0.707124
    outer loop
      vertex 73.3 16.7 0.20039
      vertex 61.7 16.4996 0
      vertex 61.7 16.7 0.20039
    endloop
  endfacet
  facet normal -0.0215855 0.706924 -0.70696
    outer loop
      vertex 73.3131 16.5 0
      vertex 73.3 16.4996 0
      vertex 73.3 16.7 0.20039
    endloop
  endfacet
  facet normal -0.0698408 0.70378 -0.706976
    outer loop
      vertex 73.3131 16.5 0
      vertex 73.3 16.7 0.20039
      vertex 73.3262 16.5013 0
    endloop
  endfacet
  facet normal -0.118909 0.69724 -0.706907
    outer loop
      vertex 73.3262 16.5013 0
      vertex 73.3 16.7 0.20039
      vertex 73.3391 16.5035 0
    endloop
  endfacet
  facet normal -0.156286 0.689814 -0.706917
    outer loop
      vertex 73.3391 16.5035 0
      vertex 73.3 16.7 0.20039
      vertex 73.3519 16.5064 0
    endloop
  endfacet
  facet normal -0.2057 0.676645 -0.706993
    outer loop
      vertex 73.3519 16.5064 0
      vertex 73.3 16.7 0.20039
      vertex 73.3644 16.5102 0
    endloop
  endfacet
  facet normal -0.252463 0.660701 -0.70692
    outer loop
      vertex 73.3644 16.5102 0
      vertex 73.3 16.7 0.20039
      vertex 73.3767 16.5149 0
    endloop
  endfacet
  facet normal -0.292296 0.644134 -0.706863
    outer loop
      vertex 73.3767 16.5149 0
      vertex 73.3 16.7 0.20039
      vertex 73.3886 16.5203 0
    endloop
  endfacet
  facet normal -0.333433 0.623842 -0.706855
    outer loop
      vertex 73.3886 16.5203 0
      vertex 73.3 16.7 0.20039
      vertex 73.4002 16.5265 0
    endloop
  endfacet
  facet normal -0.373436 0.600745 -0.70686
    outer loop
      vertex 73.4002 16.5265 0
      vertex 73.3 16.7 0.20039
      vertex 73.4113 16.5334 0
    endloop
  endfacet
  facet normal -0.409584 0.576651 -0.706905
    outer loop
      vertex 73.4113 16.5334 0
      vertex 73.3 16.7 0.20039
      vertex 73.422 16.541 0
    endloop
  endfacet
  facet normal -0.449044 0.546428 -0.706948
    outer loop
      vertex 73.422 16.541 0
      vertex 73.3 16.7 0.20039
      vertex 73.4321 16.5493 0
    endloop
  endfacet
  facet normal -0.48374 0.51599 -0.70693
    outer loop
      vertex 73.4321 16.5493 0
      vertex 73.3 16.7 0.20039
      vertex 73.4417 16.5583 0
    endloop
  endfacet
  facet normal -0.51599 0.48374 -0.70693
    outer loop
      vertex 73.4417 16.5583 0
      vertex 73.3 16.7 0.20039
      vertex 73.4507 16.5679 0
    endloop
  endfacet
  facet normal -0.546428 0.449044 -0.706948
    outer loop
      vertex 73.4507 16.5679 0
      vertex 73.3 16.7 0.20039
      vertex 73.459 16.578 0
    endloop
  endfacet
  facet normal -0.576651 0.409584 -0.706905
    outer loop
      vertex 73.459 16.578 0
      vertex 73.3 16.7 0.20039
      vertex 73.4666 16.5887 0
    endloop
  endfacet
  facet normal -0.600745 0.373436 -0.70686
    outer loop
      vertex 73.4666 16.5887 0
      vertex 73.3 16.7 0.20039
      vertex 73.4735 16.5998 0
    endloop
  endfacet
  facet normal -0.623842 0.333433 -0.706855
    outer loop
      vertex 73.4735 16.5998 0
      vertex 73.3 16.7 0.20039
      vertex 73.4797 16.6114 0
    endloop
  endfacet
  facet normal -0.644134 0.292296 -0.706863
    outer loop
      vertex 73.4797 16.6114 0
      vertex 73.3 16.7 0.20039
      vertex 73.4851 16.6233 0
    endloop
  endfacet
  facet normal -0.660701 0.252463 -0.70692
    outer loop
      vertex 73.4851 16.6233 0
      vertex 73.3 16.7 0.20039
      vertex 73.4898 16.6356 0
    endloop
  endfacet
  facet normal -0.676645 0.2057 -0.706993
    outer loop
      vertex 73.4898 16.6356 0
      vertex 73.3 16.7 0.20039
      vertex 73.4936 16.6481 0
    endloop
  endfacet
  facet normal -0.689814 0.156286 -0.706917
    outer loop
      vertex 73.4936 16.6481 0
      vertex 73.3 16.7 0.20039
      vertex 73.4965 16.6609 0
    endloop
  endfacet
  facet normal -0.69724 0.118909 -0.706907
    outer loop
      vertex 73.4965 16.6609 0
      vertex 73.3 16.7 0.20039
      vertex 73.4987 16.6738 0
    endloop
  endfacet
  facet normal -0.70378 0.0698408 -0.706976
    outer loop
      vertex 73.4987 16.6738 0
      vertex 73.3 16.7 0.20039
      vertex 73.5 16.6869 0
    endloop
  endfacet
  facet normal -0.706924 0.0215855 -0.70696
    outer loop
      vertex 73.5 16.6869 0
      vertex 73.3 16.7 0.20039
      vertex 73.5004 16.7 0
    endloop
  endfacet
  facet normal -0.707089 0 -0.707124
    outer loop
      vertex 73.5004 16.7 0
      vertex 73.3 28.3 0.20039
      vertex 73.5004 28.3 0
    endloop
  endfacet
  facet normal -0.707089 -0 -0.707124
    outer loop
      vertex 73.3 28.3 0.20039
      vertex 73.5004 16.7 0
      vertex 73.3 16.7 0.20039
    endloop
  endfacet
  facet normal -0.706924 -0.0215855 -0.70696
    outer loop
      vertex 73.5004 28.3 0
      vertex 73.3 28.3 0.20039
      vertex 73.5 28.3131 0
    endloop
  endfacet
  facet normal -0.70378 -0.0698408 -0.706976
    outer loop
      vertex 73.5 28.3131 0
      vertex 73.3 28.3 0.20039
      vertex 73.4987 28.3262 0
    endloop
  endfacet
  facet normal -0.69724 -0.118909 -0.706907
    outer loop
      vertex 73.4987 28.3262 0
      vertex 73.3 28.3 0.20039
      vertex 73.4965 28.3391 0
    endloop
  endfacet
  facet normal -0.689814 -0.156286 -0.706917
    outer loop
      vertex 73.4965 28.3391 0
      vertex 73.3 28.3 0.20039
      vertex 73.4936 28.3519 0
    endloop
  endfacet
  facet normal -0.676645 -0.2057 -0.706993
    outer loop
      vertex 73.4936 28.3519 0
      vertex 73.3 28.3 0.20039
      vertex 73.4898 28.3644 0
    endloop
  endfacet
  facet normal -0.660701 -0.252463 -0.70692
    outer loop
      vertex 73.4898 28.3644 0
      vertex 73.3 28.3 0.20039
      vertex 73.4851 28.3767 0
    endloop
  endfacet
  facet normal -0.644134 -0.292296 -0.706863
    outer loop
      vertex 73.4851 28.3767 0
      vertex 73.3 28.3 0.20039
      vertex 73.4797 28.3886 0
    endloop
  endfacet
  facet normal -0.623842 -0.333433 -0.706855
    outer loop
      vertex 73.4797 28.3886 0
      vertex 73.3 28.3 0.20039
      vertex 73.4735 28.4002 0
    endloop
  endfacet
  facet normal -0.600745 -0.373436 -0.70686
    outer loop
      vertex 73.4735 28.4002 0
      vertex 73.3 28.3 0.20039
      vertex 73.4666 28.4113 0
    endloop
  endfacet
  facet normal -0.576651 -0.409584 -0.706905
    outer loop
      vertex 73.4666 28.4113 0
      vertex 73.3 28.3 0.20039
      vertex 73.459 28.422 0
    endloop
  endfacet
  facet normal -0.546428 -0.449044 -0.706948
    outer loop
      vertex 73.459 28.422 0
      vertex 73.3 28.3 0.20039
      vertex 73.4507 28.4321 0
    endloop
  endfacet
  facet normal -0.51599 -0.48374 -0.70693
    outer loop
      vertex 73.4507 28.4321 0
      vertex 73.3 28.3 0.20039
      vertex 73.4417 28.4417 0
    endloop
  endfacet
  facet normal -0.48374 -0.51599 -0.70693
    outer loop
      vertex 73.4417 28.4417 0
      vertex 73.3 28.3 0.20039
      vertex 73.4321 28.4507 0
    endloop
  endfacet
  facet normal -0.449044 -0.546428 -0.706948
    outer loop
      vertex 73.4321 28.4507 0
      vertex 73.3 28.3 0.20039
      vertex 73.422 28.459 0
    endloop
  endfacet
  facet normal -0.409584 -0.576651 -0.706905
    outer loop
      vertex 73.422 28.459 0
      vertex 73.3 28.3 0.20039
      vertex 73.4113 28.4666 0
    endloop
  endfacet
  facet normal -0.373436 -0.600745 -0.70686
    outer loop
      vertex 73.4113 28.4666 0
      vertex 73.3 28.3 0.20039
      vertex 73.4002 28.4735 0
    endloop
  endfacet
  facet normal -0.333433 -0.623842 -0.706855
    outer loop
      vertex 73.4002 28.4735 0
      vertex 73.3 28.3 0.20039
      vertex 73.3886 28.4797 0
    endloop
  endfacet
  facet normal -0.292296 -0.644134 -0.706863
    outer loop
      vertex 73.3886 28.4797 0
      vertex 73.3 28.3 0.20039
      vertex 73.3767 28.4851 0
    endloop
  endfacet
  facet normal -0.252463 -0.660701 -0.70692
    outer loop
      vertex 73.3767 28.4851 0
      vertex 73.3 28.3 0.20039
      vertex 73.3644 28.4898 0
    endloop
  endfacet
  facet normal -0.2057 -0.676645 -0.706993
    outer loop
      vertex 73.3644 28.4898 0
      vertex 73.3 28.3 0.20039
      vertex 73.3519 28.4936 0
    endloop
  endfacet
  facet normal -0.156286 -0.689814 -0.706917
    outer loop
      vertex 73.3519 28.4936 0
      vertex 73.3 28.3 0.20039
      vertex 73.3391 28.4965 0
    endloop
  endfacet
  facet normal -0.118909 -0.69724 -0.706907
    outer loop
      vertex 73.3391 28.4965 0
      vertex 73.3 28.3 0.20039
      vertex 73.3262 28.4987 0
    endloop
  endfacet
  facet normal -0.0698408 -0.70378 -0.706976
    outer loop
      vertex 73.3262 28.4987 0
      vertex 73.3 28.3 0.20039
      vertex 73.3131 28.5 0
    endloop
  endfacet
  facet normal -0.0215855 -0.706924 -0.70696
    outer loop
      vertex 73.3131 28.5 0
      vertex 73.3 28.3 0.20039
      vertex 73.3 28.5004 0
    endloop
  endfacet
  facet normal 0 -0.707089 -0.707124
    outer loop
      vertex 61.7 28.5004 0
      vertex 73.3 28.3 0.20039
      vertex 61.7 28.3 0.20039
    endloop
  endfacet
  facet normal 0 -0.707089 -0.707124
    outer loop
      vertex 73.3 28.3 0.20039
      vertex 61.7 28.5004 0
      vertex 73.3 28.5004 0
    endloop
  endfacet
  facet normal 0.0215855 -0.706924 -0.70696
    outer loop
      vertex 61.7 28.3 0.20039
      vertex 61.6869 28.5 0
      vertex 61.7 28.5004 0
    endloop
  endfacet
  facet normal 0.0698408 -0.70378 -0.706976
    outer loop
      vertex 61.7 28.3 0.20039
      vertex 61.6738 28.4987 0
      vertex 61.6869 28.5 0
    endloop
  endfacet
  facet normal 0.118909 -0.69724 -0.706907
    outer loop
      vertex 61.7 28.3 0.20039
      vertex 61.6609 28.4965 0
      vertex 61.6738 28.4987 0
    endloop
  endfacet
  facet normal 0.156286 -0.689814 -0.706917
    outer loop
      vertex 61.7 28.3 0.20039
      vertex 61.6481 28.4936 0
      vertex 61.6609 28.4965 0
    endloop
  endfacet
  facet normal 0.2057 -0.676645 -0.706993
    outer loop
      vertex 61.7 28.3 0.20039
      vertex 61.6356 28.4898 0
      vertex 61.6481 28.4936 0
    endloop
  endfacet
  facet normal 0.252463 -0.660701 -0.70692
    outer loop
      vertex 61.7 28.3 0.20039
      vertex 61.6233 28.4851 0
      vertex 61.6356 28.4898 0
    endloop
  endfacet
  facet normal 0.292296 -0.644134 -0.706863
    outer loop
      vertex 61.7 28.3 0.20039
      vertex 61.6114 28.4797 0
      vertex 61.6233 28.4851 0
    endloop
  endfacet
  facet normal 0.333433 -0.623842 -0.706855
    outer loop
      vertex 61.7 28.3 0.20039
      vertex 61.5998 28.4735 0
      vertex 61.6114 28.4797 0
    endloop
  endfacet
  facet normal 0.373436 -0.600745 -0.70686
    outer loop
      vertex 61.7 28.3 0.20039
      vertex 61.5887 28.4666 0
      vertex 61.5998 28.4735 0
    endloop
  endfacet
  facet normal 0.409584 -0.576651 -0.706905
    outer loop
      vertex 61.7 28.3 0.20039
      vertex 61.578 28.459 0
      vertex 61.5887 28.4666 0
    endloop
  endfacet
  facet normal 0.449044 -0.546428 -0.706948
    outer loop
      vertex 61.7 28.3 0.20039
      vertex 61.5679 28.4507 0
      vertex 61.578 28.459 0
    endloop
  endfacet
  facet normal 0.48374 -0.51599 -0.70693
    outer loop
      vertex 61.7 28.3 0.20039
      vertex 61.5583 28.4417 0
      vertex 61.5679 28.4507 0
    endloop
  endfacet
  facet normal 0.51599 -0.48374 -0.70693
    outer loop
      vertex 61.7 28.3 0.20039
      vertex 61.5493 28.4321 0
      vertex 61.5583 28.4417 0
    endloop
  endfacet
  facet normal 0.546428 -0.449044 -0.706948
    outer loop
      vertex 61.7 28.3 0.20039
      vertex 61.541 28.422 0
      vertex 61.5493 28.4321 0
    endloop
  endfacet
  facet normal 0.576651 -0.409584 -0.706905
    outer loop
      vertex 61.7 28.3 0.20039
      vertex 61.5334 28.4113 0
      vertex 61.541 28.422 0
    endloop
  endfacet
  facet normal 0.600745 -0.373436 -0.70686
    outer loop
      vertex 61.7 28.3 0.20039
      vertex 61.5265 28.4002 0
      vertex 61.5334 28.4113 0
    endloop
  endfacet
  facet normal 0.623842 -0.333433 -0.706855
    outer loop
      vertex 61.7 28.3 0.20039
      vertex 61.5203 28.3886 0
      vertex 61.5265 28.4002 0
    endloop
  endfacet
  facet normal 0.644134 -0.292296 -0.706863
    outer loop
      vertex 61.7 28.3 0.20039
      vertex 61.5149 28.3767 0
      vertex 61.5203 28.3886 0
    endloop
  endfacet
  facet normal 0.660701 -0.252463 -0.70692
    outer loop
      vertex 61.7 28.3 0.20039
      vertex 61.5102 28.3644 0
      vertex 61.5149 28.3767 0
    endloop
  endfacet
  facet normal 0.676645 -0.2057 -0.706993
    outer loop
      vertex 61.7 28.3 0.20039
      vertex 61.5064 28.3519 0
      vertex 61.5102 28.3644 0
    endloop
  endfacet
  facet normal 0.689814 -0.156286 -0.706917
    outer loop
      vertex 61.7 28.3 0.20039
      vertex 61.5035 28.3391 0
      vertex 61.5064 28.3519 0
    endloop
  endfacet
  facet normal 0.69724 -0.118909 -0.706907
    outer loop
      vertex 61.7 28.3 0.20039
      vertex 61.5013 28.3262 0
      vertex 61.5035 28.3391 0
    endloop
  endfacet
  facet normal 0.70378 -0.0698408 -0.706976
    outer loop
      vertex 61.7 28.3 0.20039
      vertex 61.5 28.3131 0
      vertex 61.5013 28.3262 0
    endloop
  endfacet
  facet normal 0.706924 -0.0215855 -0.70696
    outer loop
      vertex 61.7 28.3 0.20039
      vertex 61.4996 28.3 0
      vertex 61.5 28.3131 0
    endloop
  endfacet
  facet normal 0.707089 0 -0.707124
    outer loop
      vertex 61.7 16.7 0.20039
      vertex 61.4996 28.3 0
      vertex 61.7 28.3 0.20039
    endloop
  endfacet
  facet normal 0.707089 0 -0.707124
    outer loop
      vertex 61.4996 28.3 0
      vertex 61.7 16.7 0.20039
      vertex 61.4996 16.7 0
    endloop
  endfacet
  facet normal 0.706924 0.0215855 0.70696
    outer loop
      vertex 61.7 16.7 1.79961
      vertex 61.4996 16.7 2
      vertex 61.5 16.6869 2
    endloop
  endfacet
  facet normal 0.70378 0.0698408 0.706976
    outer loop
      vertex 61.7 16.7 1.79961
      vertex 61.5 16.6869 2
      vertex 61.5013 16.6738 2
    endloop
  endfacet
  facet normal 0.69724 0.118909 0.706907
    outer loop
      vertex 61.7 16.7 1.79961
      vertex 61.5013 16.6738 2
      vertex 61.5035 16.6609 2
    endloop
  endfacet
  facet normal 0.689814 0.156286 0.706917
    outer loop
      vertex 61.7 16.7 1.79961
      vertex 61.5035 16.6609 2
      vertex 61.5064 16.6481 2
    endloop
  endfacet
  facet normal 0.676645 0.2057 0.706993
    outer loop
      vertex 61.7 16.7 1.79961
      vertex 61.5064 16.6481 2
      vertex 61.5102 16.6356 2
    endloop
  endfacet
  facet normal 0.660701 0.252463 0.70692
    outer loop
      vertex 61.7 16.7 1.79961
      vertex 61.5102 16.6356 2
      vertex 61.5149 16.6233 2
    endloop
  endfacet
  facet normal 0.644134 0.292296 0.706863
    outer loop
      vertex 61.7 16.7 1.79961
      vertex 61.5149 16.6233 2
      vertex 61.5203 16.6114 2
    endloop
  endfacet
  facet normal 0.623842 0.333433 0.706855
    outer loop
      vertex 61.7 16.7 1.79961
      vertex 61.5203 16.6114 2
      vertex 61.5265 16.5998 2
    endloop
  endfacet
  facet normal 0.600745 0.373436 0.70686
    outer loop
      vertex 61.7 16.7 1.79961
      vertex 61.5265 16.5998 2
      vertex 61.5334 16.5887 2
    endloop
  endfacet
  facet normal 0.576651 0.409584 0.706905
    outer loop
      vertex 61.7 16.7 1.79961
      vertex 61.5334 16.5887 2
      vertex 61.541 16.578 2
    endloop
  endfacet
  facet normal 0.546428 0.449044 0.706948
    outer loop
      vertex 61.7 16.7 1.79961
      vertex 61.541 16.578 2
      vertex 61.5493 16.5679 2
    endloop
  endfacet
  facet normal 0.51599 0.48374 0.70693
    outer loop
      vertex 61.7 16.7 1.79961
      vertex 61.5493 16.5679 2
      vertex 61.5583 16.5583 2
    endloop
  endfacet
  facet normal 0.48374 0.51599 0.70693
    outer loop
      vertex 61.7 16.7 1.79961
      vertex 61.5583 16.5583 2
      vertex 61.5679 16.5493 2
    endloop
  endfacet
  facet normal 0.449044 0.546428 0.706948
    outer loop
      vertex 61.7 16.7 1.79961
      vertex 61.5679 16.5493 2
      vertex 61.578 16.541 2
    endloop
  endfacet
  facet normal 0.409584 0.576651 0.706905
    outer loop
      vertex 61.7 16.7 1.79961
      vertex 61.578 16.541 2
      vertex 61.5887 16.5334 2
    endloop
  endfacet
  facet normal 0.373436 0.600745 0.70686
    outer loop
      vertex 61.7 16.7 1.79961
      vertex 61.5887 16.5334 2
      vertex 61.5998 16.5265 2
    endloop
  endfacet
  facet normal 0.333433 0.623842 0.706855
    outer loop
      vertex 61.7 16.7 1.79961
      vertex 61.5998 16.5265 2
      vertex 61.6114 16.5203 2
    endloop
  endfacet
  facet normal 0.292296 0.644134 0.706863
    outer loop
      vertex 61.7 16.7 1.79961
      vertex 61.6114 16.5203 2
      vertex 61.6233 16.5149 2
    endloop
  endfacet
  facet normal 0.252463 0.660701 0.70692
    outer loop
      vertex 61.7 16.7 1.79961
      vertex 61.6233 16.5149 2
      vertex 61.6356 16.5102 2
    endloop
  endfacet
  facet normal 0.2057 0.676645 0.706993
    outer loop
      vertex 61.7 16.7 1.79961
      vertex 61.6356 16.5102 2
      vertex 61.6481 16.5064 2
    endloop
  endfacet
  facet normal 0.156286 0.689814 0.706917
    outer loop
      vertex 61.7 16.7 1.79961
      vertex 61.6481 16.5064 2
      vertex 61.6609 16.5035 2
    endloop
  endfacet
  facet normal 0.118909 0.69724 0.706907
    outer loop
      vertex 61.7 16.7 1.79961
      vertex 61.6609 16.5035 2
      vertex 61.6738 16.5013 2
    endloop
  endfacet
  facet normal 0.0698408 0.70378 0.706976
    outer loop
      vertex 61.7 16.7 1.79961
      vertex 61.6738 16.5013 2
      vertex 61.6869 16.5 2
    endloop
  endfacet
  facet normal 0.0215855 0.706924 0.70696
    outer loop
      vertex 61.7 16.7 1.79961
      vertex 61.6869 16.5 2
      vertex 61.7 16.4996 2
    endloop
  endfacet
  facet normal -0 0.707089 0.707124
    outer loop
      vertex 61.7 16.7 1.79961
      vertex 73.3 16.4996 2
      vertex 73.3 16.7 1.79961
    endloop
  endfacet
  facet normal 0 0.707089 0.707124
    outer loop
      vertex 73.3 16.4996 2
      vertex 61.7 16.7 1.79961
      vertex 61.7 16.4996 2
    endloop
  endfacet
  facet normal -0.0215855 0.706924 0.70696
    outer loop
      vertex 73.3 16.7 1.79961
      vertex 73.3 16.4996 2
      vertex 73.3131 16.5 2
    endloop
  endfacet
  facet normal -0.0698408 0.70378 0.706976
    outer loop
      vertex 73.3262 16.5013 2
      vertex 73.3 16.7 1.79961
      vertex 73.3131 16.5 2
    endloop
  endfacet
  facet normal -0.118909 0.69724 0.706907
    outer loop
      vertex 73.3391 16.5035 2
      vertex 73.3 16.7 1.79961
      vertex 73.3262 16.5013 2
    endloop
  endfacet
  facet normal -0.156286 0.689814 0.706917
    outer loop
      vertex 73.3519 16.5064 2
      vertex 73.3 16.7 1.79961
      vertex 73.3391 16.5035 2
    endloop
  endfacet
  facet normal -0.2057 0.676645 0.706993
    outer loop
      vertex 73.3644 16.5102 2
      vertex 73.3 16.7 1.79961
      vertex 73.3519 16.5064 2
    endloop
  endfacet
  facet normal -0.252463 0.660701 0.70692
    outer loop
      vertex 73.3767 16.5149 2
      vertex 73.3 16.7 1.79961
      vertex 73.3644 16.5102 2
    endloop
  endfacet
  facet normal -0.292296 0.644134 0.706863
    outer loop
      vertex 73.3886 16.5203 2
      vertex 73.3 16.7 1.79961
      vertex 73.3767 16.5149 2
    endloop
  endfacet
  facet normal -0.333433 0.623842 0.706855
    outer loop
      vertex 73.4002 16.5265 2
      vertex 73.3 16.7 1.79961
      vertex 73.3886 16.5203 2
    endloop
  endfacet
  facet normal -0.373436 0.600745 0.70686
    outer loop
      vertex 73.4113 16.5334 2
      vertex 73.3 16.7 1.79961
      vertex 73.4002 16.5265 2
    endloop
  endfacet
  facet normal -0.409584 0.576651 0.706905
    outer loop
      vertex 73.422 16.541 2
      vertex 73.3 16.7 1.79961
      vertex 73.4113 16.5334 2
    endloop
  endfacet
  facet normal -0.449044 0.546428 0.706948
    outer loop
      vertex 73.4321 16.5493 2
      vertex 73.3 16.7 1.79961
      vertex 73.422 16.541 2
    endloop
  endfacet
  facet normal -0.48374 0.51599 0.70693
    outer loop
      vertex 73.4417 16.5583 2
      vertex 73.3 16.7 1.79961
      vertex 73.4321 16.5493 2
    endloop
  endfacet
  facet normal -0.51599 0.48374 0.70693
    outer loop
      vertex 73.4507 16.5679 2
      vertex 73.3 16.7 1.79961
      vertex 73.4417 16.5583 2
    endloop
  endfacet
  facet normal -0.546428 0.449044 0.706948
    outer loop
      vertex 73.459 16.578 2
      vertex 73.3 16.7 1.79961
      vertex 73.4507 16.5679 2
    endloop
  endfacet
  facet normal -0.576651 0.409584 0.706905
    outer loop
      vertex 73.4666 16.5887 2
      vertex 73.3 16.7 1.79961
      vertex 73.459 16.578 2
    endloop
  endfacet
  facet normal -0.600745 0.373436 0.70686
    outer loop
      vertex 73.4735 16.5998 2
      vertex 73.3 16.7 1.79961
      vertex 73.4666 16.5887 2
    endloop
  endfacet
  facet normal -0.623842 0.333433 0.706855
    outer loop
      vertex 73.4797 16.6114 2
      vertex 73.3 16.7 1.79961
      vertex 73.4735 16.5998 2
    endloop
  endfacet
  facet normal -0.644134 0.292296 0.706863
    outer loop
      vertex 73.4851 16.6233 2
      vertex 73.3 16.7 1.79961
      vertex 73.4797 16.6114 2
    endloop
  endfacet
  facet normal -0.660701 0.252463 0.70692
    outer loop
      vertex 73.4898 16.6356 2
      vertex 73.3 16.7 1.79961
      vertex 73.4851 16.6233 2
    endloop
  endfacet
  facet normal -0.676645 0.2057 0.706993
    outer loop
      vertex 73.4936 16.6481 2
      vertex 73.3 16.7 1.79961
      vertex 73.4898 16.6356 2
    endloop
  endfacet
  facet normal -0.689814 0.156286 0.706917
    outer loop
      vertex 73.4965 16.6609 2
      vertex 73.3 16.7 1.79961
      vertex 73.4936 16.6481 2
    endloop
  endfacet
  facet normal -0.69724 0.118909 0.706907
    outer loop
      vertex 73.4987 16.6738 2
      vertex 73.3 16.7 1.79961
      vertex 73.4965 16.6609 2
    endloop
  endfacet
  facet normal -0.70378 0.0698408 0.706976
    outer loop
      vertex 73.5 16.6869 2
      vertex 73.3 16.7 1.79961
      vertex 73.4987 16.6738 2
    endloop
  endfacet
  facet normal -0.706924 0.0215855 0.70696
    outer loop
      vertex 73.5004 16.7 2
      vertex 73.3 16.7 1.79961
      vertex 73.5 16.6869 2
    endloop
  endfacet
  facet normal -0.707089 0 0.707124
    outer loop
      vertex 73.3 16.7 1.79961
      vertex 73.5004 28.3 2
      vertex 73.3 28.3 1.79961
    endloop
  endfacet
  facet normal -0.707089 0 0.707124
    outer loop
      vertex 73.5004 28.3 2
      vertex 73.3 16.7 1.79961
      vertex 73.5004 16.7 2
    endloop
  endfacet
  facet normal -0.706924 -0.0215855 0.70696
    outer loop
      vertex 73.5 28.3131 2
      vertex 73.3 28.3 1.79961
      vertex 73.5004 28.3 2
    endloop
  endfacet
  facet normal -0.70378 -0.0698408 0.706976
    outer loop
      vertex 73.4987 28.3262 2
      vertex 73.3 28.3 1.79961
      vertex 73.5 28.3131 2
    endloop
  endfacet
  facet normal -0.69724 -0.118909 0.706907
    outer loop
      vertex 73.4965 28.3391 2
      vertex 73.3 28.3 1.79961
      vertex 73.4987 28.3262 2
    endloop
  endfacet
  facet normal -0.689814 -0.156286 0.706917
    outer loop
      vertex 73.4936 28.3519 2
      vertex 73.3 28.3 1.79961
      vertex 73.4965 28.3391 2
    endloop
  endfacet
  facet normal -0.676645 -0.2057 0.706993
    outer loop
      vertex 73.4898 28.3644 2
      vertex 73.3 28.3 1.79961
      vertex 73.4936 28.3519 2
    endloop
  endfacet
  facet normal -0.660701 -0.252463 0.70692
    outer loop
      vertex 73.4851 28.3767 2
      vertex 73.3 28.3 1.79961
      vertex 73.4898 28.3644 2
    endloop
  endfacet
  facet normal -0.644134 -0.292296 0.706863
    outer loop
      vertex 73.4797 28.3886 2
      vertex 73.3 28.3 1.79961
      vertex 73.4851 28.3767 2
    endloop
  endfacet
  facet normal -0.623842 -0.333433 0.706855
    outer loop
      vertex 73.4735 28.4002 2
      vertex 73.3 28.3 1.79961
      vertex 73.4797 28.3886 2
    endloop
  endfacet
  facet normal -0.600745 -0.373436 0.70686
    outer loop
      vertex 73.4666 28.4113 2
      vertex 73.3 28.3 1.79961
      vertex 73.4735 28.4002 2
    endloop
  endfacet
  facet normal -0.576651 -0.409584 0.706905
    outer loop
      vertex 73.459 28.422 2
      vertex 73.3 28.3 1.79961
      vertex 73.4666 28.4113 2
    endloop
  endfacet
  facet normal -0.546428 -0.449044 0.706948
    outer loop
      vertex 73.4507 28.4321 2
      vertex 73.3 28.3 1.79961
      vertex 73.459 28.422 2
    endloop
  endfacet
  facet normal -0.51599 -0.48374 0.70693
    outer loop
      vertex 73.4417 28.4417 2
      vertex 73.3 28.3 1.79961
      vertex 73.4507 28.4321 2
    endloop
  endfacet
  facet normal -0.48374 -0.51599 0.70693
    outer loop
      vertex 73.4321 28.4507 2
      vertex 73.3 28.3 1.79961
      vertex 73.4417 28.4417 2
    endloop
  endfacet
  facet normal -0.449044 -0.546428 0.706948
    outer loop
      vertex 73.422 28.459 2
      vertex 73.3 28.3 1.79961
      vertex 73.4321 28.4507 2
    endloop
  endfacet
  facet normal -0.409584 -0.576651 0.706905
    outer loop
      vertex 73.4113 28.4666 2
      vertex 73.3 28.3 1.79961
      vertex 73.422 28.459 2
    endloop
  endfacet
  facet normal -0.373436 -0.600745 0.70686
    outer loop
      vertex 73.4002 28.4735 2
      vertex 73.3 28.3 1.79961
      vertex 73.4113 28.4666 2
    endloop
  endfacet
  facet normal -0.333433 -0.623842 0.706855
    outer loop
      vertex 73.3886 28.4797 2
      vertex 73.3 28.3 1.79961
      vertex 73.4002 28.4735 2
    endloop
  endfacet
  facet normal -0.292296 -0.644134 0.706863
    outer loop
      vertex 73.3767 28.4851 2
      vertex 73.3 28.3 1.79961
      vertex 73.3886 28.4797 2
    endloop
  endfacet
  facet normal -0.252463 -0.660701 0.70692
    outer loop
      vertex 73.3644 28.4898 2
      vertex 73.3 28.3 1.79961
      vertex 73.3767 28.4851 2
    endloop
  endfacet
  facet normal -0.2057 -0.676645 0.706993
    outer loop
      vertex 73.3519 28.4936 2
      vertex 73.3 28.3 1.79961
      vertex 73.3644 28.4898 2
    endloop
  endfacet
  facet normal -0.156286 -0.689814 0.706917
    outer loop
      vertex 73.3391 28.4965 2
      vertex 73.3 28.3 1.79961
      vertex 73.3519 28.4936 2
    endloop
  endfacet
  facet normal -0.118909 -0.69724 0.706907
    outer loop
      vertex 73.3262 28.4987 2
      vertex 73.3 28.3 1.79961
      vertex 73.3391 28.4965 2
    endloop
  endfacet
  facet normal -0.0698408 -0.70378 0.706976
    outer loop
      vertex 73.3131 28.5 2
      vertex 73.3 28.3 1.79961
      vertex 73.3262 28.4987 2
    endloop
  endfacet
  facet normal -0.0215855 -0.706924 0.70696
    outer loop
      vertex 73.3 28.5004 2
      vertex 73.3 28.3 1.79961
      vertex 73.3131 28.5 2
    endloop
  endfacet
  facet normal 0 -0.707089 0.707124
    outer loop
      vertex 61.7 28.3 1.79961
      vertex 73.3 28.5004 2
      vertex 61.7 28.5004 2
    endloop
  endfacet
  facet normal 0 -0.707089 0.707124
    outer loop
      vertex 73.3 28.5004 2
      vertex 61.7 28.3 1.79961
      vertex 73.3 28.3 1.79961
    endloop
  endfacet
  facet normal 0.0215855 -0.706924 0.70696
    outer loop
      vertex 61.7 28.5004 2
      vertex 61.6869 28.5 2
      vertex 61.7 28.3 1.79961
    endloop
  endfacet
  facet normal 0.0698408 -0.70378 0.706976
    outer loop
      vertex 61.6869 28.5 2
      vertex 61.6738 28.4987 2
      vertex 61.7 28.3 1.79961
    endloop
  endfacet
  facet normal 0.118909 -0.69724 0.706907
    outer loop
      vertex 61.6738 28.4987 2
      vertex 61.6609 28.4965 2
      vertex 61.7 28.3 1.79961
    endloop
  endfacet
  facet normal 0.156286 -0.689814 0.706917
    outer loop
      vertex 61.6609 28.4965 2
      vertex 61.6481 28.4936 2
      vertex 61.7 28.3 1.79961
    endloop
  endfacet
  facet normal 0.2057 -0.676645 0.706993
    outer loop
      vertex 61.6481 28.4936 2
      vertex 61.6356 28.4898 2
      vertex 61.7 28.3 1.79961
    endloop
  endfacet
  facet normal 0.252463 -0.660701 0.70692
    outer loop
      vertex 61.6356 28.4898 2
      vertex 61.6233 28.4851 2
      vertex 61.7 28.3 1.79961
    endloop
  endfacet
  facet normal 0.292296 -0.644134 0.706863
    outer loop
      vertex 61.6233 28.4851 2
      vertex 61.6114 28.4797 2
      vertex 61.7 28.3 1.79961
    endloop
  endfacet
  facet normal 0.333433 -0.623842 0.706855
    outer loop
      vertex 61.6114 28.4797 2
      vertex 61.5998 28.4735 2
      vertex 61.7 28.3 1.79961
    endloop
  endfacet
  facet normal 0.373436 -0.600745 0.70686
    outer loop
      vertex 61.5998 28.4735 2
      vertex 61.5887 28.4666 2
      vertex 61.7 28.3 1.79961
    endloop
  endfacet
  facet normal 0.409584 -0.576651 0.706905
    outer loop
      vertex 61.5887 28.4666 2
      vertex 61.578 28.459 2
      vertex 61.7 28.3 1.79961
    endloop
  endfacet
  facet normal 0.449044 -0.546428 0.706948
    outer loop
      vertex 61.578 28.459 2
      vertex 61.5679 28.4507 2
      vertex 61.7 28.3 1.79961
    endloop
  endfacet
  facet normal 0.48374 -0.51599 0.70693
    outer loop
      vertex 61.5679 28.4507 2
      vertex 61.5583 28.4417 2
      vertex 61.7 28.3 1.79961
    endloop
  endfacet
  facet normal 0.51599 -0.48374 0.70693
    outer loop
      vertex 61.5583 28.4417 2
      vertex 61.5493 28.4321 2
      vertex 61.7 28.3 1.79961
    endloop
  endfacet
  facet normal 0.546428 -0.449044 0.706948
    outer loop
      vertex 61.5493 28.4321 2
      vertex 61.541 28.422 2
      vertex 61.7 28.3 1.79961
    endloop
  endfacet
  facet normal 0.576651 -0.409584 0.706905
    outer loop
      vertex 61.541 28.422 2
      vertex 61.5334 28.4113 2
      vertex 61.7 28.3 1.79961
    endloop
  endfacet
  facet normal 0.600745 -0.373436 0.70686
    outer loop
      vertex 61.5334 28.4113 2
      vertex 61.5265 28.4002 2
      vertex 61.7 28.3 1.79961
    endloop
  endfacet
  facet normal 0.623842 -0.333433 0.706855
    outer loop
      vertex 61.5265 28.4002 2
      vertex 61.5203 28.3886 2
      vertex 61.7 28.3 1.79961
    endloop
  endfacet
  facet normal 0.644134 -0.292296 0.706863
    outer loop
      vertex 61.5203 28.3886 2
      vertex 61.5149 28.3767 2
      vertex 61.7 28.3 1.79961
    endloop
  endfacet
  facet normal 0.660701 -0.252463 0.70692
    outer loop
      vertex 61.5149 28.3767 2
      vertex 61.5102 28.3644 2
      vertex 61.7 28.3 1.79961
    endloop
  endfacet
  facet normal 0.676645 -0.2057 0.706993
    outer loop
      vertex 61.5102 28.3644 2
      vertex 61.5064 28.3519 2
      vertex 61.7 28.3 1.79961
    endloop
  endfacet
  facet normal 0.689814 -0.156286 0.706917
    outer loop
      vertex 61.5064 28.3519 2
      vertex 61.5035 28.3391 2
      vertex 61.7 28.3 1.79961
    endloop
  endfacet
  facet normal 0.69724 -0.118909 0.706907
    outer loop
      vertex 61.5035 28.3391 2
      vertex 61.5013 28.3262 2
      vertex 61.7 28.3 1.79961
    endloop
  endfacet
  facet normal 0.70378 -0.0698408 0.706976
    outer loop
      vertex 61.5013 28.3262 2
      vertex 61.5 28.3131 2
      vertex 61.7 28.3 1.79961
    endloop
  endfacet
  facet normal 0.706924 -0.0215855 0.70696
    outer loop
      vertex 61.5 28.3131 2
      vertex 61.4996 28.3 2
      vertex 61.7 28.3 1.79961
    endloop
  endfacet
  facet normal 0.707089 -0 0.707124
    outer loop
      vertex 61.4996 16.7 2
      vertex 61.7 28.3 1.79961
      vertex 61.4996 28.3 2
    endloop
  endfacet
  facet normal 0.707089 0 0.707124
    outer loop
      vertex 61.7 28.3 1.79961
      vertex 61.4996 16.7 2
      vertex 61.7 16.7 1.79961
    endloop
  endfacet
  facet normal 0 1 -0
    outer loop
      vertex 73.3 16.7 0.20039
      vertex 61.7 16.7 1.79961
      vertex 73.3 16.7 1.79961
    endloop
  endfacet
  facet normal 0 1 0
    outer loop
      vertex 61.7 16.7 1.79961
      vertex 73.3 16.7 0.20039
      vertex 61.7 16.7 0.20039
    endloop
  endfacet
  facet normal -1 0 0
    outer loop
      vertex 73.3 16.7 0.20039
      vertex 73.3 28.3 1.79961
      vertex 73.3 28.3 0.20039
    endloop
  endfacet
  facet normal -1 -0 0
    outer loop
      vertex 73.3 28.3 1.79961
      vertex 73.3 16.7 0.20039
      vertex 73.3 16.7 1.79961
    endloop
  endfacet
  facet normal 0 -1 0
    outer loop
      vertex 61.7 28.3 0.20039
      vertex 73.3 28.3 1.79961
      vertex 61.7 28.3 1.79961
    endloop
  endfacet
  facet normal 0 -1 -0
    outer loop
      vertex 73.3 28.3 1.79961
      vertex 61.7 28.3 0.20039
      vertex 73.3 28.3 0.20039
    endloop
  endfacet
  facet normal 1 -0 0
    outer loop
      vertex 61.7 16.7 1.79961
      vertex 61.7 28.3 0.20039
      vertex 61.7 28.3 1.79961
    endloop
  endfacet
  facet normal 1 0 0
    outer loop
      vertex 61.7 28.3 0.20039
      vertex 61.7 16.7 1.79961
      vertex 61.7 16.7 0.20039
    endloop
  endfacet
  facet normal 1 -0 0
    outer loop
      vertex 134.8 45.2 1.59961
      vertex 134.8 74.8 0.400391
      vertex 134.8 74.8 1.59961
    endloop
  endfacet
  facet normal 1 0 0
    outer loop
      vertex 134.8 74.8 0.400391
      vertex 134.8 45.2 1.59961
      vertex 134.8 45.2 0.400391
    endloop
  endfacet
  facet normal 0 -0.707099 -0.707115
    outer loop
      vertex 105.6 45.6004 0
      vertex 134.8 45.2 0.400391
      vertex 105.2 45.2 0.400391
    endloop
  endfacet
  facet normal 0 -0.707099 -0.707115
    outer loop
      vertex 134.8 45.2 0.400391
      vertex 105.6 45.6004 0
      vertex 134.4 45.6004 0
    endloop
  endfacet
  facet normal 0.707452 0 -0.706761
    outer loop
      vertex 134.8 74.8 0.400391
      vertex 134.4 45.6004 0
      vertex 134.4 74.3996 0
    endloop
  endfacet
  facet normal 0.707452 0 -0.706761
    outer loop
      vertex 134.4 45.6004 0
      vertex 134.8 74.8 0.400391
      vertex 134.8 45.2 0.400391
    endloop
  endfacet
  facet normal -0.707451 0 0.706762
    outer loop
      vertex 105.2 74.8 1.59961
      vertex 105.6 45.6004 2
      vertex 105.6 74.3996 2
    endloop
  endfacet
  facet normal -0.707451 0 0.706762
    outer loop
      vertex 105.6 45.6004 2
      vertex 105.2 74.8 1.59961
      vertex 105.2 45.2 1.59961
    endloop
  endfacet
  facet normal 0 1 -0
    outer loop
      vertex 134.8 74.8 0.400391
      vertex 105.2 74.8 1.59961
      vertex 134.8 74.8 1.59961
    endloop
  endfacet
  facet normal 0 1 0
    outer loop
      vertex 105.2 74.8 1.59961
      vertex 134.8 74.8 0.400391
      vertex 105.2 74.8 0.400391
    endloop
  endfacet
  facet normal 0 -0.707098 0.707116
    outer loop
      vertex 105.2 45.2 1.59961
      vertex 134.4 45.6004 2
      vertex 105.6 45.6004 2
    endloop
  endfacet
  facet normal 0 -0.707098 0.707116
    outer loop
      vertex 134.4 45.6004 2
      vertex 105.2 45.2 1.59961
      vertex 134.8 45.2 1.59961
    endloop
  endfacet
  facet normal 0 0.707099 -0.707115
    outer loop
      vertex 134.4 74.3996 0
      vertex 105.2 74.8 0.400391
      vertex 134.8 74.8 0.400391
    endloop
  endfacet
  facet normal 0 0.707099 -0.707115
    outer loop
      vertex 105.2 74.8 0.400391
      vertex 134.4 74.3996 0
      vertex 105.6 74.3996 0
    endloop
  endfacet
  facet normal -0.707452 0 -0.706761
    outer loop
      vertex 105.6 45.6004 0
      vertex 105.2 74.8 0.400391
      vertex 105.6 74.3996 0
    endloop
  endfacet
  facet normal -0.707452 -0 -0.706761
    outer loop
      vertex 105.2 74.8 0.400391
      vertex 105.6 45.6004 0
      vertex 105.2 45.2 0.400391
    endloop
  endfacet
  facet normal 0 0 1
    outer loop
      vertex 118.5 61.7 2
      vertex 134.4 74.3996 2
      vertex 118.5 73.3 2
    endloop
  endfacet
  facet normal 0 0 1
    outer loop
      vertex 134.4 74.3996 2
      vertex 118.5 73.3131 2
      vertex 118.5 73.3 2
    endloop
  endfacet
  facet normal 0 0 1
    outer loop
      vertex 134.4 74.3996 2
      vertex 118.499 73.3262 2
      vertex 118.5 73.3131 2
    endloop
  endfacet
  facet normal 0 0 1
    outer loop
      vertex 134.4 74.3996 2
      vertex 118.497 73.3391 2
      vertex 118.499 73.3262 2
    endloop
  endfacet
  facet normal 0 0 1
    outer loop
      vertex 134.4 74.3996 2
      vertex 118.494 73.3519 2
      vertex 118.497 73.3391 2
    endloop
  endfacet
  facet normal 0 0 1
    outer loop
      vertex 134.4 74.3996 2
      vertex 118.49 73.3644 2
      vertex 118.494 73.3519 2
    endloop
  endfacet
  facet normal 0 0 1
    outer loop
      vertex 134.4 74.3996 2
      vertex 118.485 73.3767 2
      vertex 118.49 73.3644 2
    endloop
  endfacet
  facet normal 0 0 1
    outer loop
      vertex 134.4 74.3996 2
      vertex 118.48 73.3886 2
      vertex 118.485 73.3767 2
    endloop
  endfacet
  facet normal 0 0 1
    outer loop
      vertex 134.4 74.3996 2
      vertex 118.474 73.4002 2
      vertex 118.48 73.3886 2
    endloop
  endfacet
  facet normal 0 0 1
    outer loop
      vertex 134.4 74.3996 2
      vertex 118.467 73.4113 2
      vertex 118.474 73.4002 2
    endloop
  endfacet
  facet normal 0 0 1
    outer loop
      vertex 134.4 74.3996 2
      vertex 118.459 73.422 2
      vertex 118.467 73.4113 2
    endloop
  endfacet
  facet normal 0 0 1
    outer loop
      vertex 134.4 74.3996 2
      vertex 118.451 73.4321 2
      vertex 118.459 73.422 2
    endloop
  endfacet
  facet normal 0 0 1
    outer loop
      vertex 134.4 74.3996 2
      vertex 118.442 73.4417 2
      vertex 118.451 73.4321 2
    endloop
  endfacet
  facet normal 0 0 1
    outer loop
      vertex 134.4 74.3996 2
      vertex 118.432 73.4507 2
      vertex 118.442 73.4417 2
    endloop
  endfacet
  facet normal 0 0 1
    outer loop
      vertex 134.4 74.3996 2
      vertex 118.422 73.459 2
      vertex 118.432 73.4507 2
    endloop
  endfacet
  facet normal 0 0 1
    outer loop
      vertex 134.4 74.3996 2
      vertex 118.411 73.4666 2
      vertex 118.422 73.459 2
    endloop
  endfacet
  facet normal 0 0 1
    outer loop
      vertex 134.4 74.3996 2
      vertex 118.4 73.4735 2
      vertex 118.411 73.4666 2
    endloop
  endfacet
  facet normal 0 0 1
    outer loop
      vertex 134.4 74.3996 2
      vertex 118.389 73.4797 2
      vertex 118.4 73.4735 2
    endloop
  endfacet
  facet normal 0 0 1
    outer loop
      vertex 134.4 74.3996 2
      vertex 118.377 73.4851 2
      vertex 118.389 73.4797 2
    endloop
  endfacet
  facet normal 0 0 1
    outer loop
      vertex 134.4 74.3996 2
      vertex 118.364 73.4898 2
      vertex 118.377 73.4851 2
    endloop
  endfacet
  facet normal 0 0 1
    outer loop
      vertex 134.4 74.3996 2
      vertex 118.352 73.4936 2
      vertex 118.364 73.4898 2
    endloop
  endfacet
  facet normal 0 0 1
    outer loop
      vertex 134.4 74.3996 2
      vertex 118.339 73.4965 2
      vertex 118.352 73.4936 2
    endloop
  endfacet
  facet normal 0 0 1
    outer loop
      vertex 134.4 74.3996 2
      vertex 118.326 73.4987 2
      vertex 118.339 73.4965 2
    endloop
  endfacet
  facet normal 0 0 1
    outer loop
      vertex 134.4 74.3996 2
      vertex 118.313 73.5 2
      vertex 118.326 73.4987 2
    endloop
  endfacet
  facet normal 0 0 1
    outer loop
      vertex 134.4 74.3996 2
      vertex 118.3 73.5004 2
      vertex 118.313 73.5 2
    endloop
  endfacet
  facet normal -0 0 1
    outer loop
      vertex 105.6 74.3996 2
      vertex 118.3 73.5004 2
      vertex 134.4 74.3996 2
    endloop
  endfacet
  facet normal 0 0 1
    outer loop
      vertex 106.5 73.3 2
      vertex 105.6 74.3996 2
      vertex 106.5 61.7 2
    endloop
  endfacet
  facet normal 0 0 1
    outer loop
      vertex 106.5 73.3131 2
      vertex 105.6 74.3996 2
      vertex 106.5 73.3 2
    endloop
  endfacet
  facet normal 0 0 1
    outer loop
      vertex 106.501 73.3262 2
      vertex 105.6 74.3996 2
      vertex 106.5 73.3131 2
    endloop
  endfacet
  facet normal 0 0 1
    outer loop
      vertex 106.503 73.3391 2
      vertex 105.6 74.3996 2
      vertex 106.501 73.3262 2
    endloop
  endfacet
  facet normal 0 0 1
    outer loop
      vertex 106.506 73.3519 2
      vertex 105.6 74.3996 2
      vertex 106.503 73.3391 2
    endloop
  endfacet
  facet normal 0 0 1
    outer loop
      vertex 106.51 73.3644 2
      vertex 105.6 74.3996 2
      vertex 106.506 73.3519 2
    endloop
  endfacet
  facet normal 0 0 1
    outer loop
      vertex 106.515 73.3767 2
      vertex 105.6 74.3996 2
      vertex 106.51 73.3644 2
    endloop
  endfacet
  facet normal 0 0 1
    outer loop
      vertex 106.52 73.3886 2
      vertex 105.6 74.3996 2
      vertex 106.515 73.3767 2
    endloop
  endfacet
  facet normal 0 0 1
    outer loop
      vertex 106.526 73.4002 2
      vertex 105.6 74.3996 2
      vertex 106.52 73.3886 2
    endloop
  endfacet
  facet normal 0 0 1
    outer loop
      vertex 106.533 73.4113 2
      vertex 105.6 74.3996 2
      vertex 106.526 73.4002 2
    endloop
  endfacet
  facet normal 0 0 1
    outer loop
      vertex 106.541 73.422 2
      vertex 105.6 74.3996 2
      vertex 106.533 73.4113 2
    endloop
  endfacet
  facet normal 0 0 1
    outer loop
      vertex 106.549 73.4321 2
      vertex 105.6 74.3996 2
      vertex 106.541 73.422 2
    endloop
  endfacet
  facet normal 0 0 1
    outer loop
      vertex 106.558 73.4417 2
      vertex 105.6 74.3996 2
      vertex 106.549 73.4321 2
    endloop
  endfacet
  facet normal 0 0 1
    outer loop
      vertex 106.568 73.4507 2
      vertex 105.6 74.3996 2
      vertex 106.558 73.4417 2
    endloop
  endfacet
  facet normal 0 0 1
    outer loop
      vertex 106.578 73.459 2
      vertex 105.6 74.3996 2
      vertex 106.568 73.4507 2
    endloop
  endfacet
  facet normal 0 0 1
    outer loop
      vertex 106.589 73.4666 2
      vertex 105.6 74.3996 2
      vertex 106.578 73.459 2
    endloop
  endfacet
  facet normal 0 0 1
    outer loop
      vertex 106.6 73.4735 2
      vertex 105.6 74.3996 2
      vertex 106.589 73.4666 2
    endloop
  endfacet
  facet normal 0 0 1
    outer loop
      vertex 106.611 73.4797 2
      vertex 105.6 74.3996 2
      vertex 106.6 73.4735 2
    endloop
  endfacet
  facet normal 0 0 1
    outer loop
      vertex 106.623 73.4851 2
      vertex 105.6 74.3996 2
      vertex 106.611 73.4797 2
    endloop
  endfacet
  facet normal 0 0 1
    outer loop
      vertex 106.636 73.4898 2
      vertex 105.6 74.3996 2
      vertex 106.623 73.4851 2
    endloop
  endfacet
  facet normal 0 0 1
    outer loop
      vertex 106.648 73.4936 2
      vertex 105.6 74.3996 2
      vertex 106.636 73.4898 2
    endloop
  endfacet
  facet normal 0 0 1
    outer loop
      vertex 106.661 73.4965 2
      vertex 105.6 74.3996 2
      vertex 106.648 73.4936 2
    endloop
  endfacet
  facet normal 0 0 1
    outer loop
      vertex 106.674 73.4987 2
      vertex 105.6 74.3996 2
      vertex 106.661 73.4965 2
    endloop
  endfacet
  facet normal 0 0 1
    outer loop
      vertex 106.687 73.5 2
      vertex 105.6 74.3996 2
      vertex 106.674 73.4987 2
    endloop
  endfacet
  facet normal 0 0 1
    outer loop
      vertex 106.7 73.5004 2
      vertex 105.6 74.3996 2
      vertex 106.687 73.5 2
    endloop
  endfacet
  facet normal 0 0 1
    outer loop
      vertex 118.3 73.5004 2
      vertex 105.6 74.3996 2
      vertex 106.7 73.5004 2
    endloop
  endfacet
  facet normal 0 0 1
    outer loop
      vertex 118.5 61.6869 2
      vertex 134.4 74.3996 2
      vertex 118.5 61.7 2
    endloop
  endfacet
  facet normal 0 0 1
    outer loop
      vertex 118.499 61.6738 2
      vertex 134.4 74.3996 2
      vertex 118.5 61.6869 2
    endloop
  endfacet
  facet normal 0 0 1
    outer loop
      vertex 134.4 74.3996 2
      vertex 118.499 61.6738 2
      vertex 134.4 45.6004 2
    endloop
  endfacet
  facet normal -0 0 1
    outer loop
      vertex 118.497 61.6609 2
      vertex 134.4 45.6004 2
      vertex 118.499 61.6738 2
    endloop
  endfacet
  facet normal -0 0 1
    outer loop
      vertex 118.494 61.6481 2
      vertex 134.4 45.6004 2
      vertex 118.497 61.6609 2
    endloop
  endfacet
  facet normal -0 0 1
    outer loop
      vertex 118.49 61.6356 2
      vertex 134.4 45.6004 2
      vertex 118.494 61.6481 2
    endloop
  endfacet
  facet normal -0 0 1
    outer loop
      vertex 118.485 61.6233 2
      vertex 134.4 45.6004 2
      vertex 118.49 61.6356 2
    endloop
  endfacet
  facet normal -0 0 1
    outer loop
      vertex 118.48 61.6114 2
      vertex 134.4 45.6004 2
      vertex 118.485 61.6233 2
    endloop
  endfacet
  facet normal -0 0 1
    outer loop
      vertex 118.474 61.5998 2
      vertex 134.4 45.6004 2
      vertex 118.48 61.6114 2
    endloop
  endfacet
  facet normal -0 0 1
    outer loop
      vertex 118.467 61.5887 2
      vertex 134.4 45.6004 2
      vertex 118.474 61.5998 2
    endloop
  endfacet
  facet normal -0 0 1
    outer loop
      vertex 118.459 61.578 2
      vertex 134.4 45.6004 2
      vertex 118.467 61.5887 2
    endloop
  endfacet
  facet normal -0 0 1
    outer loop
      vertex 118.451 61.5679 2
      vertex 134.4 45.6004 2
      vertex 118.459 61.578 2
    endloop
  endfacet
  facet normal -0 0 1
    outer loop
      vertex 118.442 61.5583 2
      vertex 134.4 45.6004 2
      vertex 118.451 61.5679 2
    endloop
  endfacet
  facet normal -0 0 1
    outer loop
      vertex 118.432 61.5493 2
      vertex 134.4 45.6004 2
      vertex 118.442 61.5583 2
    endloop
  endfacet
  facet normal -0 0 1
    outer loop
      vertex 118.422 61.541 2
      vertex 134.4 45.6004 2
      vertex 118.432 61.5493 2
    endloop
  endfacet
  facet normal -0 0 1
    outer loop
      vertex 118.411 61.5334 2
      vertex 134.4 45.6004 2
      vertex 118.422 61.541 2
    endloop
  endfacet
  facet normal -0 0 1
    outer loop
      vertex 118.4 61.5265 2
      vertex 134.4 45.6004 2
      vertex 118.411 61.5334 2
    endloop
  endfacet
  facet normal -0 0 1
    outer loop
      vertex 118.389 61.5203 2
      vertex 134.4 45.6004 2
      vertex 118.4 61.5265 2
    endloop
  endfacet
  facet normal -0 0 1
    outer loop
      vertex 118.377 61.5149 2
      vertex 134.4 45.6004 2
      vertex 118.389 61.5203 2
    endloop
  endfacet
  facet normal -0 0 1
    outer loop
      vertex 118.364 61.5102 2
      vertex 134.4 45.6004 2
      vertex 118.377 61.5149 2
    endloop
  endfacet
  facet normal -0 0 1
    outer loop
      vertex 118.352 61.5064 2
      vertex 134.4 45.6004 2
      vertex 118.364 61.5102 2
    endloop
  endfacet
  facet normal -0 0 1
    outer loop
      vertex 118.339 61.5035 2
      vertex 134.4 45.6004 2
      vertex 118.352 61.5064 2
    endloop
  endfacet
  facet normal -0 0 1
    outer loop
      vertex 118.326 61.5013 2
      vertex 134.4 45.6004 2
      vertex 118.339 61.5035 2
    endloop
  endfacet
  facet normal 0 0 1
    outer loop
      vertex 105.6 45.6004 2
      vertex 118.326 61.5013 2
      vertex 118.313 61.5 2
    endloop
  endfacet
  facet normal 0 0 1
    outer loop
      vertex 105.6 45.6004 2
      vertex 118.313 61.5 2
      vertex 118.3 61.4996 2
    endloop
  endfacet
  facet normal 0 0 1
    outer loop
      vertex 105.6 45.6004 2
      vertex 118.3 61.4996 2
      vertex 106.7 61.4996 2
    endloop
  endfacet
  facet normal 0 0 1
    outer loop
      vertex 105.6 45.6004 2
      vertex 106.7 61.4996 2
      vertex 106.687 61.5 2
    endloop
  endfacet
  facet normal 0 0 1
    outer loop
      vertex 105.6 45.6004 2
      vertex 106.687 61.5 2
      vertex 106.674 61.5013 2
    endloop
  endfacet
  facet normal 0 0 1
    outer loop
      vertex 105.6 45.6004 2
      vertex 106.674 61.5013 2
      vertex 106.661 61.5035 2
    endloop
  endfacet
  facet normal 0 0 1
    outer loop
      vertex 105.6 45.6004 2
      vertex 106.661 61.5035 2
      vertex 106.648 61.5064 2
    endloop
  endfacet
  facet normal 0 0 1
    outer loop
      vertex 105.6 45.6004 2
      vertex 106.648 61.5064 2
      vertex 106.636 61.5102 2
    endloop
  endfacet
  facet normal 0 0 1
    outer loop
      vertex 105.6 45.6004 2
      vertex 106.636 61.5102 2
      vertex 106.623 61.5149 2
    endloop
  endfacet
  facet normal 0 0 1
    outer loop
      vertex 105.6 45.6004 2
      vertex 106.623 61.5149 2
      vertex 106.611 61.5203 2
    endloop
  endfacet
  facet normal 0 0 1
    outer loop
      vertex 105.6 45.6004 2
      vertex 106.611 61.5203 2
      vertex 106.6 61.5265 2
    endloop
  endfacet
  facet normal 0 0 1
    outer loop
      vertex 105.6 45.6004 2
      vertex 106.5 61.7 2
      vertex 105.6 74.3996 2
    endloop
  endfacet
  facet normal 0 0 1
    outer loop
      vertex 118.326 61.5013 2
      vertex 105.6 45.6004 2
      vertex 134.4 45.6004 2
    endloop
  endfacet
  facet normal 0 0 1
    outer loop
      vertex 106.589 61.5334 2
      vertex 105.6 45.6004 2
      vertex 106.6 61.5265 2
    endloop
  endfacet
  facet normal 0 0 1
    outer loop
      vertex 106.578 61.541 2
      vertex 105.6 45.6004 2
      vertex 106.589 61.5334 2
    endloop
  endfacet
  facet normal 0 0 1
    outer loop
      vertex 106.568 61.5493 2
      vertex 105.6 45.6004 2
      vertex 106.578 61.541 2
    endloop
  endfacet
  facet normal 0 0 1
    outer loop
      vertex 106.558 61.5583 2
      vertex 105.6 45.6004 2
      vertex 106.568 61.5493 2
    endloop
  endfacet
  facet normal 0 0 1
    outer loop
      vertex 106.549 61.5679 2
      vertex 105.6 45.6004 2
      vertex 106.558 61.5583 2
    endloop
  endfacet
  facet normal 0 0 1
    outer loop
      vertex 106.541 61.578 2
      vertex 105.6 45.6004 2
      vertex 106.549 61.5679 2
    endloop
  endfacet
  facet normal 0 0 1
    outer loop
      vertex 106.533 61.5887 2
      vertex 105.6 45.6004 2
      vertex 106.541 61.578 2
    endloop
  endfacet
  facet normal 0 0 1
    outer loop
      vertex 106.526 61.5998 2
      vertex 105.6 45.6004 2
      vertex 106.533 61.5887 2
    endloop
  endfacet
  facet normal 0 0 1
    outer loop
      vertex 106.52 61.6114 2
      vertex 105.6 45.6004 2
      vertex 106.526 61.5998 2
    endloop
  endfacet
  facet normal 0 0 1
    outer loop
      vertex 106.515 61.6233 2
      vertex 105.6 45.6004 2
      vertex 106.52 61.6114 2
    endloop
  endfacet
  facet normal 0 0 1
    outer loop
      vertex 106.51 61.6356 2
      vertex 105.6 45.6004 2
      vertex 106.515 61.6233 2
    endloop
  endfacet
  facet normal 0 0 1
    outer loop
      vertex 106.506 61.6481 2
      vertex 105.6 45.6004 2
      vertex 106.51 61.6356 2
    endloop
  endfacet
  facet normal 0 0 1
    outer loop
      vertex 106.503 61.6609 2
      vertex 105.6 45.6004 2
      vertex 106.506 61.6481 2
    endloop
  endfacet
  facet normal 0 0 1
    outer loop
      vertex 106.501 61.6738 2
      vertex 105.6 45.6004 2
      vertex 106.503 61.6609 2
    endloop
  endfacet
  facet normal 0 0 1
    outer loop
      vertex 106.5 61.6869 2
      vertex 105.6 45.6004 2
      vertex 106.501 61.6738 2
    endloop
  endfacet
  facet normal 0 0 1
    outer loop
      vertex 106.5 61.7 2
      vertex 105.6 45.6004 2
      vertex 106.5 61.6869 2
    endloop
  endfacet
  facet normal 0 0.707098 0.707116
    outer loop
      vertex 134.8 74.8 1.59961
      vertex 105.6 74.3996 2
      vertex 134.4 74.3996 2
    endloop
  endfacet
  facet normal 0 0.707098 0.707116
    outer loop
      vertex 105.6 74.3996 2
      vertex 134.8 74.8 1.59961
      vertex 105.2 74.8 1.59961
    endloop
  endfacet
  facet normal -1 0 0
    outer loop
      vertex 105.2 45.2 0.400391
      vertex 105.2 74.8 1.59961
      vertex 105.2 74.8 0.400391
    endloop
  endfacet
  facet normal -1 -0 0
    outer loop
      vertex 105.2 74.8 1.59961
      vertex 105.2 45.2 0.400391
      vertex 105.2 45.2 1.59961
    endloop
  endfacet
  facet normal 0 -1 0
    outer loop
      vertex 105.2 45.2 0.400391
      vertex 134.8 45.2 1.59961
      vertex 105.2 45.2 1.59961
    endloop
  endfacet
  facet normal 0 -1 -0
    outer loop
      vertex 134.8 45.2 1.59961
      vertex 105.2 45.2 0.400391
      vertex 134.8 45.2 0.400391
    endloop
  endfacet
  facet normal 0 0 -1
    outer loop
      vertex 118.499 61.6738 0
      vertex 134.4 74.3996 0
      vertex 134.4 45.6004 0
    endloop
  endfacet
  facet normal 0 0 -1
    outer loop
      vertex 134.4 74.3996 0
      vertex 118.5 61.6869 0
      vertex 118.5 61.7 0
    endloop
  endfacet
  facet normal 0 0 -1
    outer loop
      vertex 134.4 74.3996 0
      vertex 118.499 61.6738 0
      vertex 118.5 61.6869 0
    endloop
  endfacet
  facet normal 0 0 -1
    outer loop
      vertex 134.4 45.6004 0
      vertex 118.497 61.6609 0
      vertex 118.499 61.6738 0
    endloop
  endfacet
  facet normal 0 0 -1
    outer loop
      vertex 134.4 45.6004 0
      vertex 118.494 61.6481 0
      vertex 118.497 61.6609 0
    endloop
  endfacet
  facet normal 0 0 -1
    outer loop
      vertex 134.4 45.6004 0
      vertex 118.49 61.6356 0
      vertex 118.494 61.6481 0
    endloop
  endfacet
  facet normal 0 0 -1
    outer loop
      vertex 134.4 45.6004 0
      vertex 118.485 61.6233 0
      vertex 118.49 61.6356 0
    endloop
  endfacet
  facet normal 0 0 -1
    outer loop
      vertex 134.4 45.6004 0
      vertex 118.48 61.6114 0
      vertex 118.485 61.6233 0
    endloop
  endfacet
  facet normal 0 0 -1
    outer loop
      vertex 134.4 45.6004 0
      vertex 118.474 61.5998 0
      vertex 118.48 61.6114 0
    endloop
  endfacet
  facet normal 0 0 -1
    outer loop
      vertex 134.4 45.6004 0
      vertex 118.467 61.5887 0
      vertex 118.474 61.5998 0
    endloop
  endfacet
  facet normal 0 0 -1
    outer loop
      vertex 134.4 45.6004 0
      vertex 118.459 61.578 0
      vertex 118.467 61.5887 0
    endloop
  endfacet
  facet normal 0 0 -1
    outer loop
      vertex 134.4 45.6004 0
      vertex 118.451 61.5679 0
      vertex 118.459 61.578 0
    endloop
  endfacet
  facet normal 0 0 -1
    outer loop
      vertex 134.4 45.6004 0
      vertex 118.442 61.5583 0
      vertex 118.451 61.5679 0
    endloop
  endfacet
  facet normal 0 0 -1
    outer loop
      vertex 134.4 45.6004 0
      vertex 118.432 61.5493 0
      vertex 118.442 61.5583 0
    endloop
  endfacet
  facet normal 0 0 -1
    outer loop
      vertex 134.4 45.6004 0
      vertex 118.422 61.541 0
      vertex 118.432 61.5493 0
    endloop
  endfacet
  facet normal 0 0 -1
    outer loop
      vertex 134.4 45.6004 0
      vertex 118.411 61.5334 0
      vertex 118.422 61.541 0
    endloop
  endfacet
  facet normal 0 0 -1
    outer loop
      vertex 134.4 45.6004 0
      vertex 118.4 61.5265 0
      vertex 118.411 61.5334 0
    endloop
  endfacet
  facet normal 0 0 -1
    outer loop
      vertex 134.4 45.6004 0
      vertex 118.389 61.5203 0
      vertex 118.4 61.5265 0
    endloop
  endfacet
  facet normal 0 0 -1
    outer loop
      vertex 134.4 45.6004 0
      vertex 118.377 61.5149 0
      vertex 118.389 61.5203 0
    endloop
  endfacet
  facet normal 0 0 -1
    outer loop
      vertex 134.4 45.6004 0
      vertex 118.364 61.5102 0
      vertex 118.377 61.5149 0
    endloop
  endfacet
  facet normal 0 0 -1
    outer loop
      vertex 134.4 45.6004 0
      vertex 118.352 61.5064 0
      vertex 118.364 61.5102 0
    endloop
  endfacet
  facet normal 0 0 -1
    outer loop
      vertex 134.4 45.6004 0
      vertex 118.339 61.5035 0
      vertex 118.352 61.5064 0
    endloop
  endfacet
  facet normal 0 0 -1
    outer loop
      vertex 134.4 45.6004 0
      vertex 118.326 61.5013 0
      vertex 118.339 61.5035 0
    endloop
  endfacet
  facet normal 0 0 -1
    outer loop
      vertex 105.6 45.6004 0
      vertex 118.326 61.5013 0
      vertex 134.4 45.6004 0
    endloop
  endfacet
  facet normal 0 0 -1
    outer loop
      vertex 118.326 61.5013 0
      vertex 105.6 45.6004 0
      vertex 118.313 61.5 0
    endloop
  endfacet
  facet normal 0 0 -1
    outer loop
      vertex 118.313 61.5 0
      vertex 105.6 45.6004 0
      vertex 118.3 61.4996 0
    endloop
  endfacet
  facet normal -0 0 -1
    outer loop
      vertex 118.3 61.4996 0
      vertex 105.6 45.6004 0
      vertex 106.7 61.4996 0
    endloop
  endfacet
  facet normal -0 0 -1
    outer loop
      vertex 106.7 61.4996 0
      vertex 105.6 45.6004 0
      vertex 106.687 61.5 0
    endloop
  endfacet
  facet normal -0 0 -1
    outer loop
      vertex 106.687 61.5 0
      vertex 105.6 45.6004 0
      vertex 106.674 61.5013 0
    endloop
  endfacet
  facet normal -0 0 -1
    outer loop
      vertex 106.674 61.5013 0
      vertex 105.6 45.6004 0
      vertex 106.661 61.5035 0
    endloop
  endfacet
  facet normal -0 0 -1
    outer loop
      vertex 106.661 61.5035 0
      vertex 105.6 45.6004 0
      vertex 106.648 61.5064 0
    endloop
  endfacet
  facet normal -0 0 -1
    outer loop
      vertex 106.648 61.5064 0
      vertex 105.6 45.6004 0
      vertex 106.636 61.5102 0
    endloop
  endfacet
  facet normal -0 0 -1
    outer loop
      vertex 106.636 61.5102 0
      vertex 105.6 45.6004 0
      vertex 106.623 61.5149 0
    endloop
  endfacet
  facet normal -0 0 -1
    outer loop
      vertex 106.623 61.5149 0
      vertex 105.6 45.6004 0
      vertex 106.611 61.5203 0
    endloop
  endfacet
  facet normal 0 0 -1
    outer loop
      vertex 105.6 74.3996 0
      vertex 106.5 61.7 0
      vertex 105.6 45.6004 0
    endloop
  endfacet
  facet normal -0 0 -1
    outer loop
      vertex 106.5 61.6869 0
      vertex 105.6 45.6004 0
      vertex 106.5 61.7 0
    endloop
  endfacet
  facet normal -0 0 -1
    outer loop
      vertex 106.501 61.6738 0
      vertex 105.6 45.6004 0
      vertex 106.5 61.6869 0
    endloop
  endfacet
  facet normal -0 0 -1
    outer loop
      vertex 106.503 61.6609 0
      vertex 105.6 45.6004 0
      vertex 106.501 61.6738 0
    endloop
  endfacet
  facet normal -0 0 -1
    outer loop
      vertex 106.506 61.6481 0
      vertex 105.6 45.6004 0
      vertex 106.503 61.6609 0
    endloop
  endfacet
  facet normal -0 0 -1
    outer loop
      vertex 106.51 61.6356 0
      vertex 105.6 45.6004 0
      vertex 106.506 61.6481 0
    endloop
  endfacet
  facet normal -0 0 -1
    outer loop
      vertex 106.515 61.6233 0
      vertex 105.6 45.6004 0
      vertex 106.51 61.6356 0
    endloop
  endfacet
  facet normal -0 0 -1
    outer loop
      vertex 106.52 61.6114 0
      vertex 105.6 45.6004 0
      vertex 106.515 61.6233 0
    endloop
  endfacet
  facet normal -0 0 -1
    outer loop
      vertex 106.526 61.5998 0
      vertex 105.6 45.6004 0
      vertex 106.52 61.6114 0
    endloop
  endfacet
  facet normal -0 0 -1
    outer loop
      vertex 106.533 61.5887 0
      vertex 105.6 45.6004 0
      vertex 106.526 61.5998 0
    endloop
  endfacet
  facet normal -0 0 -1
    outer loop
      vertex 106.541 61.578 0
      vertex 105.6 45.6004 0
      vertex 106.533 61.5887 0
    endloop
  endfacet
  facet normal -0 0 -1
    outer loop
      vertex 106.549 61.5679 0
      vertex 105.6 45.6004 0
      vertex 106.541 61.578 0
    endloop
  endfacet
  facet normal -0 0 -1
    outer loop
      vertex 106.558 61.5583 0
      vertex 105.6 45.6004 0
      vertex 106.549 61.5679 0
    endloop
  endfacet
  facet normal -0 0 -1
    outer loop
      vertex 106.568 61.5493 0
      vertex 105.6 45.6004 0
      vertex 106.558 61.5583 0
    endloop
  endfacet
  facet normal -0 0 -1
    outer loop
      vertex 106.578 61.541 0
      vertex 105.6 45.6004 0
      vertex 106.568 61.5493 0
    endloop
  endfacet
  facet normal -0 0 -1
    outer loop
      vertex 106.589 61.5334 0
      vertex 105.6 45.6004 0
      vertex 106.578 61.541 0
    endloop
  endfacet
  facet normal -0 0 -1
    outer loop
      vertex 106.6 61.5265 0
      vertex 105.6 45.6004 0
      vertex 106.589 61.5334 0
    endloop
  endfacet
  facet normal -0 0 -1
    outer loop
      vertex 106.611 61.5203 0
      vertex 105.6 45.6004 0
      vertex 106.6 61.5265 0
    endloop
  endfacet
  facet normal 0 0 -1
    outer loop
      vertex 118.5 73.3 0
      vertex 134.4 74.3996 0
      vertex 118.5 61.7 0
    endloop
  endfacet
  facet normal 0 0 -1
    outer loop
      vertex 118.5 73.3131 0
      vertex 134.4 74.3996 0
      vertex 118.5 73.3 0
    endloop
  endfacet
  facet normal 0 0 -1
    outer loop
      vertex 118.499 73.3262 0
      vertex 134.4 74.3996 0
      vertex 118.5 73.3131 0
    endloop
  endfacet
  facet normal 0 0 -1
    outer loop
      vertex 118.497 73.3391 0
      vertex 134.4 74.3996 0
      vertex 118.499 73.3262 0
    endloop
  endfacet
  facet normal 0 0 -1
    outer loop
      vertex 118.494 73.3519 0
      vertex 134.4 74.3996 0
      vertex 118.497 73.3391 0
    endloop
  endfacet
  facet normal 0 0 -1
    outer loop
      vertex 118.49 73.3644 0
      vertex 134.4 74.3996 0
      vertex 118.494 73.3519 0
    endloop
  endfacet
  facet normal 0 0 -1
    outer loop
      vertex 118.485 73.3767 0
      vertex 134.4 74.3996 0
      vertex 118.49 73.3644 0
    endloop
  endfacet
  facet normal 0 0 -1
    outer loop
      vertex 118.48 73.3886 0
      vertex 134.4 74.3996 0
      vertex 118.485 73.3767 0
    endloop
  endfacet
  facet normal 0 0 -1
    outer loop
      vertex 118.474 73.4002 0
      vertex 134.4 74.3996 0
      vertex 118.48 73.3886 0
    endloop
  endfacet
  facet normal 0 0 -1
    outer loop
      vertex 118.467 73.4113 0
      vertex 134.4 74.3996 0
      vertex 118.474 73.4002 0
    endloop
  endfacet
  facet normal 0 0 -1
    outer loop
      vertex 118.459 73.422 0
      vertex 134.4 74.3996 0
      vertex 118.467 73.4113 0
    endloop
  endfacet
  facet normal 0 0 -1
    outer loop
      vertex 118.451 73.4321 0
      vertex 134.4 74.3996 0
      vertex 118.459 73.422 0
    endloop
  endfacet
  facet normal 0 0 -1
    outer loop
      vertex 118.442 73.4417 0
      vertex 134.4 74.3996 0
      vertex 118.451 73.4321 0
    endloop
  endfacet
  facet normal 0 0 -1
    outer loop
      vertex 118.432 73.4507 0
      vertex 134.4 74.3996 0
      vertex 118.442 73.4417 0
    endloop
  endfacet
  facet normal 0 0 -1
    outer loop
      vertex 118.422 73.459 0
      vertex 134.4 74.3996 0
      vertex 118.432 73.4507 0
    endloop
  endfacet
  facet normal 0 0 -1
    outer loop
      vertex 118.411 73.4666 0
      vertex 134.4 74.3996 0
      vertex 118.422 73.459 0
    endloop
  endfacet
  facet normal 0 0 -1
    outer loop
      vertex 118.4 73.4735 0
      vertex 134.4 74.3996 0
      vertex 118.411 73.4666 0
    endloop
  endfacet
  facet normal 0 0 -1
    outer loop
      vertex 118.389 73.4797 0
      vertex 134.4 74.3996 0
      vertex 118.4 73.4735 0
    endloop
  endfacet
  facet normal 0 0 -1
    outer loop
      vertex 118.377 73.4851 0
      vertex 134.4 74.3996 0
      vertex 118.389 73.4797 0
    endloop
  endfacet
  facet normal 0 0 -1
    outer loop
      vertex 118.364 73.4898 0
      vertex 134.4 74.3996 0
      vertex 118.377 73.4851 0
    endloop
  endfacet
  facet normal 0 0 -1
    outer loop
      vertex 118.352 73.4936 0
      vertex 134.4 74.3996 0
      vertex 118.364 73.4898 0
    endloop
  endfacet
  facet normal 0 0 -1
    outer loop
      vertex 118.339 73.4965 0
      vertex 134.4 74.3996 0
      vertex 118.352 73.4936 0
    endloop
  endfacet
  facet normal 0 0 -1
    outer loop
      vertex 118.326 73.4987 0
      vertex 134.4 74.3996 0
      vertex 118.339 73.4965 0
    endloop
  endfacet
  facet normal 0 0 -1
    outer loop
      vertex 118.313 73.5 0
      vertex 134.4 74.3996 0
      vertex 118.326 73.4987 0
    endloop
  endfacet
  facet normal 0 0 -1
    outer loop
      vertex 118.3 73.5004 0
      vertex 134.4 74.3996 0
      vertex 118.313 73.5 0
    endloop
  endfacet
  facet normal 0 0 -1
    outer loop
      vertex 105.6 74.3996 0
      vertex 118.3 73.5004 0
      vertex 106.7 73.5004 0
    endloop
  endfacet
  facet normal 0 0 -1
    outer loop
      vertex 118.3 73.5004 0
      vertex 105.6 74.3996 0
      vertex 134.4 74.3996 0
    endloop
  endfacet
  facet normal 0 0 -1
    outer loop
      vertex 106.687 73.5 0
      vertex 105.6 74.3996 0
      vertex 106.7 73.5004 0
    endloop
  endfacet
  facet normal 0 0 -1
    outer loop
      vertex 106.674 73.4987 0
      vertex 105.6 74.3996 0
      vertex 106.687 73.5 0
    endloop
  endfacet
  facet normal 0 0 -1
    outer loop
      vertex 106.661 73.4965 0
      vertex 105.6 74.3996 0
      vertex 106.674 73.4987 0
    endloop
  endfacet
  facet normal 0 0 -1
    outer loop
      vertex 106.648 73.4936 0
      vertex 105.6 74.3996 0
      vertex 106.661 73.4965 0
    endloop
  endfacet
  facet normal 0 0 -1
    outer loop
      vertex 106.636 73.4898 0
      vertex 105.6 74.3996 0
      vertex 106.648 73.4936 0
    endloop
  endfacet
  facet normal 0 0 -1
    outer loop
      vertex 106.623 73.4851 0
      vertex 105.6 74.3996 0
      vertex 106.636 73.4898 0
    endloop
  endfacet
  facet normal 0 0 -1
    outer loop
      vertex 106.611 73.4797 0
      vertex 105.6 74.3996 0
      vertex 106.623 73.4851 0
    endloop
  endfacet
  facet normal 0 0 -1
    outer loop
      vertex 106.6 73.4735 0
      vertex 105.6 74.3996 0
      vertex 106.611 73.4797 0
    endloop
  endfacet
  facet normal 0 0 -1
    outer loop
      vertex 106.589 73.4666 0
      vertex 105.6 74.3996 0
      vertex 106.6 73.4735 0
    endloop
  endfacet
  facet normal 0 0 -1
    outer loop
      vertex 106.578 73.459 0
      vertex 105.6 74.3996 0
      vertex 106.589 73.4666 0
    endloop
  endfacet
  facet normal 0 0 -1
    outer loop
      vertex 106.568 73.4507 0
      vertex 105.6 74.3996 0
      vertex 106.578 73.459 0
    endloop
  endfacet
  facet normal 0 0 -1
    outer loop
      vertex 106.558 73.4417 0
      vertex 105.6 74.3996 0
      vertex 106.568 73.4507 0
    endloop
  endfacet
  facet normal 0 0 -1
    outer loop
      vertex 106.549 73.4321 0
      vertex 105.6 74.3996 0
      vertex 106.558 73.4417 0
    endloop
  endfacet
  facet normal 0 0 -1
    outer loop
      vertex 106.541 73.422 0
      vertex 105.6 74.3996 0
      vertex 106.549 73.4321 0
    endloop
  endfacet
  facet normal 0 0 -1
    outer loop
      vertex 106.533 73.4113 0
      vertex 105.6 74.3996 0
      vertex 106.541 73.422 0
    endloop
  endfacet
  facet normal 0 0 -1
    outer loop
      vertex 106.526 73.4002 0
      vertex 105.6 74.3996 0
      vertex 106.533 73.4113 0
    endloop
  endfacet
  facet normal 0 0 -1
    outer loop
      vertex 106.52 73.3886 0
      vertex 105.6 74.3996 0
      vertex 106.526 73.4002 0
    endloop
  endfacet
  facet normal 0 0 -1
    outer loop
      vertex 106.515 73.3767 0
      vertex 105.6 74.3996 0
      vertex 106.52 73.3886 0
    endloop
  endfacet
  facet normal 0 0 -1
    outer loop
      vertex 106.51 73.3644 0
      vertex 105.6 74.3996 0
      vertex 106.515 73.3767 0
    endloop
  endfacet
  facet normal 0 0 -1
    outer loop
      vertex 106.506 73.3519 0
      vertex 105.6 74.3996 0
      vertex 106.51 73.3644 0
    endloop
  endfacet
  facet normal 0 0 -1
    outer loop
      vertex 106.503 73.3391 0
      vertex 105.6 74.3996 0
      vertex 106.506 73.3519 0
    endloop
  endfacet
  facet normal 0 0 -1
    outer loop
      vertex 106.501 73.3262 0
      vertex 105.6 74.3996 0
      vertex 106.503 73.3391 0
    endloop
  endfacet
  facet normal 0 0 -1
    outer loop
      vertex 106.5 73.3131 0
      vertex 105.6 74.3996 0
      vertex 106.501 73.3262 0
    endloop
  endfacet
  facet normal 0 0 -1
    outer loop
      vertex 106.5 73.3 0
      vertex 105.6 74.3996 0
      vertex 106.5 73.3131 0
    endloop
  endfacet
  facet normal 0 0 -1
    outer loop
      vertex 106.5 61.7 0
      vertex 105.6 74.3996 0
      vertex 106.5 73.3 0
    endloop
  endfacet
  facet normal 0.707451 -0 0.706762
    outer loop
      vertex 134.4 45.6004 2
      vertex 134.8 74.8 1.59961
      vertex 134.4 74.3996 2
    endloop
  endfacet
  facet normal 0.707451 0 0.706762
    outer loop
      vertex 134.8 74.8 1.59961
      vertex 134.4 45.6004 2
      vertex 134.8 45.2 1.59961
    endloop
  endfacet
  facet normal 0.707795 0 -0.706418
    outer loop
      vertex 106.5 61.6869 0
      vertex 106.5 61.7 0
      vertex 106.7 61.7 0.20039
    endloop
  endfacet
  facet normal 0.705008 0.0538174 -0.707154
    outer loop
      vertex 106.501 61.6738 0
      vertex 106.5 61.6869 0
      vertex 106.7 61.7 0.20039
    endloop
  endfacet
  facet normal 0.69828 0.10826 -0.707591
    outer loop
      vertex 106.503 61.6609 0
      vertex 106.501 61.6738 0
      vertex 106.7 61.7 0.20039
    endloop
  endfacet
  facet normal 0.687876 0.161221 -0.707697
    outer loop
      vertex 106.506 61.6481 0
      vertex 106.503 61.6609 0
      vertex 106.7 61.7 0.20039
    endloop
  endfacet
  facet normal 0.673133 0.215402 -0.707456
    outer loop
      vertex 106.51 61.6356 0
      vertex 106.506 61.6481 0
      vertex 106.7 61.7 0.20039
    endloop
  endfacet
  facet normal 0.655258 0.266365 -0.706886
    outer loop
      vertex 106.515 61.6233 0
      vertex 106.51 61.6356 0
      vertex 106.7 61.7 0.20039
    endloop
  endfacet
  facet normal 0.6521 0.273992 -0.70689
    outer loop
      vertex 106.52 61.6114 0
      vertex 106.515 61.6233 0
      vertex 106.7 61.7 0.20039
    endloop
  endfacet
  facet normal 0.627761 0.324704 -0.707449
    outer loop
      vertex 106.526 61.5998 0
      vertex 106.52 61.6114 0
      vertex 106.7 61.7 0.20039
    endloop
  endfacet
  facet normal 0.597754 0.376962 -0.707524
    outer loop
      vertex 106.533 61.5887 0
      vertex 106.526 61.5998 0
      vertex 106.7 61.7 0.20039
    endloop
  endfacet
  facet normal 0.566311 0.42341 -0.707118
    outer loop
      vertex 106.541 61.578 0
      vertex 106.533 61.5887 0
      vertex 106.7 61.7 0.20039
    endloop
  endfacet
  facet normal 0.554295 0.439046 -0.707104
    outer loop
      vertex 106.549 61.5679 0
      vertex 106.541 61.578 0
      vertex 106.7 61.7 0.20039
    endloop
  endfacet
  facet normal 0.515708 0.483476 -0.707316
    outer loop
      vertex 106.558 61.5583 0
      vertex 106.549 61.5679 0
      vertex 106.7 61.7 0.20039
    endloop
  endfacet
  facet normal 0.473115 0.525683 -0.706979
    outer loop
      vertex 106.568 61.5493 0
      vertex 106.558 61.5583 0
      vertex 106.7 61.7 0.20039
    endloop
  endfacet
  facet normal 0.451748 0.544275 -0.706886
    outer loop
      vertex 106.578 61.541 0
      vertex 106.568 61.5493 0
      vertex 106.7 61.7 0.20039
    endloop
  endfacet
  facet normal 0.40217 0.582088 -0.706706
    outer loop
      vertex 106.589 61.5334 0
      vertex 106.578 61.541 0
      vertex 106.7 61.7 0.20039
    endloop
  endfacet
  facet normal 0.376002 0.599423 -0.706622
    outer loop
      vertex 106.6 61.5265 0
      vertex 106.589 61.5334 0
      vertex 106.7 61.7 0.20039
    endloop
  endfacet
  facet normal 0.347323 0.616219 -0.706853
    outer loop
      vertex 106.611 61.5203 0
      vertex 106.6 61.5265 0
      vertex 106.7 61.7 0.20039
    endloop
  endfacet
  facet normal 0.290168 0.644818 -0.707115
    outer loop
      vertex 106.623 61.5149 0
      vertex 106.611 61.5203 0
      vertex 106.7 61.7 0.20039
    endloop
  endfacet
  facet normal 0.240499 0.665209 -0.706864
    outer loop
      vertex 106.636 61.5102 0
      vertex 106.623 61.5149 0
      vertex 106.7 61.7 0.20039
    endloop
  endfacet
  facet normal 0.213536 0.674324 -0.706887
    outer loop
      vertex 106.648 61.5064 0
      vertex 106.636 61.5102 0
      vertex 106.7 61.7 0.20039
    endloop
  endfacet
  facet normal 0.153998 0.690337 -0.706908
    outer loop
      vertex 106.661 61.5035 0
      vertex 106.648 61.5064 0
      vertex 106.7 61.7 0.20039
    endloop
  endfacet
  facet normal 0.118027 0.697433 -0.706864
    outer loop
      vertex 106.674 61.5013 0
      vertex 106.661 61.5035 0
      vertex 106.7 61.7 0.20039
    endloop
  endfacet
  facet normal 0.0703754 0.703754 -0.70695
    outer loop
      vertex 106.687 61.5 0
      vertex 106.674 61.5013 0
      vertex 106.7 61.7 0.20039
    endloop
  endfacet
  facet normal 0.0217514 0.706922 -0.706957
    outer loop
      vertex 106.7 61.4996 0
      vertex 106.687 61.5 0
      vertex 106.7 61.7 0.20039
    endloop
  endfacet
  facet normal 0 0.707089 -0.707124
    outer loop
      vertex 118.3 61.4996 0
      vertex 106.7 61.7 0.20039
      vertex 118.3 61.7 0.20039
    endloop
  endfacet
  facet normal 0 0.707089 -0.707124
    outer loop
      vertex 106.7 61.7 0.20039
      vertex 118.3 61.4996 0
      vertex 106.7 61.4996 0
    endloop
  endfacet
  facet normal -0.0217514 0.706922 -0.706957
    outer loop
      vertex 118.313 61.5 0
      vertex 118.3 61.4996 0
      vertex 118.3 61.7 0.20039
    endloop
  endfacet
  facet normal -0.0703754 0.703754 -0.70695
    outer loop
      vertex 118.313 61.5 0
      vertex 118.3 61.7 0.20039
      vertex 118.326 61.5013 0
    endloop
  endfacet
  facet normal -0.118027 0.697433 -0.706864
    outer loop
      vertex 118.326 61.5013 0
      vertex 118.3 61.7 0.20039
      vertex 118.339 61.5035 0
    endloop
  endfacet
  facet normal -0.153998 0.690337 -0.706908
    outer loop
      vertex 118.339 61.5035 0
      vertex 118.3 61.7 0.20039
      vertex 118.352 61.5064 0
    endloop
  endfacet
  facet normal -0.213536 0.674324 -0.706887
    outer loop
      vertex 118.352 61.5064 0
      vertex 118.3 61.7 0.20039
      vertex 118.364 61.5102 0
    endloop
  endfacet
  facet normal -0.240499 0.665209 -0.706864
    outer loop
      vertex 118.364 61.5102 0
      vertex 118.3 61.7 0.20039
      vertex 118.377 61.5149 0
    endloop
  endfacet
  facet normal -0.290168 0.644818 -0.707115
    outer loop
      vertex 118.377 61.5149 0
      vertex 118.3 61.7 0.20039
      vertex 118.389 61.5203 0
    endloop
  endfacet
  facet normal -0.347323 0.616219 -0.706853
    outer loop
      vertex 118.389 61.5203 0
      vertex 118.3 61.7 0.20039
      vertex 118.4 61.5265 0
    endloop
  endfacet
  facet normal -0.376002 0.599423 -0.706622
    outer loop
      vertex 118.4 61.5265 0
      vertex 118.3 61.7 0.20039
      vertex 118.411 61.5334 0
    endloop
  endfacet
  facet normal -0.40217 0.582088 -0.706706
    outer loop
      vertex 118.411 61.5334 0
      vertex 118.3 61.7 0.20039
      vertex 118.422 61.541 0
    endloop
  endfacet
  facet normal -0.451748 0.544275 -0.706886
    outer loop
      vertex 118.422 61.541 0
      vertex 118.3 61.7 0.20039
      vertex 118.432 61.5493 0
    endloop
  endfacet
  facet normal -0.473115 0.525683 -0.706979
    outer loop
      vertex 118.432 61.5493 0
      vertex 118.3 61.7 0.20039
      vertex 118.442 61.5583 0
    endloop
  endfacet
  facet normal -0.515708 0.483476 -0.707316
    outer loop
      vertex 118.442 61.5583 0
      vertex 118.3 61.7 0.20039
      vertex 118.451 61.5679 0
    endloop
  endfacet
  facet normal -0.554295 0.439046 -0.707104
    outer loop
      vertex 118.451 61.5679 0
      vertex 118.3 61.7 0.20039
      vertex 118.459 61.578 0
    endloop
  endfacet
  facet normal -0.566311 0.42341 -0.707118
    outer loop
      vertex 118.459 61.578 0
      vertex 118.3 61.7 0.20039
      vertex 118.467 61.5887 0
    endloop
  endfacet
  facet normal -0.597754 0.376962 -0.707524
    outer loop
      vertex 118.467 61.5887 0
      vertex 118.3 61.7 0.20039
      vertex 118.474 61.5998 0
    endloop
  endfacet
  facet normal -0.627761 0.324704 -0.707449
    outer loop
      vertex 118.474 61.5998 0
      vertex 118.3 61.7 0.20039
      vertex 118.48 61.6114 0
    endloop
  endfacet
  facet normal -0.6521 0.273992 -0.70689
    outer loop
      vertex 118.48 61.6114 0
      vertex 118.3 61.7 0.20039
      vertex 118.485 61.6233 0
    endloop
  endfacet
  facet normal -0.655258 0.266365 -0.706886
    outer loop
      vertex 118.485 61.6233 0
      vertex 118.3 61.7 0.20039
      vertex 118.49 61.6356 0
    endloop
  endfacet
  facet normal -0.673133 0.215402 -0.707456
    outer loop
      vertex 118.49 61.6356 0
      vertex 118.3 61.7 0.20039
      vertex 118.494 61.6481 0
    endloop
  endfacet
  facet normal -0.687876 0.161221 -0.707697
    outer loop
      vertex 118.494 61.6481 0
      vertex 118.3 61.7 0.20039
      vertex 118.497 61.6609 0
    endloop
  endfacet
  facet normal -0.69828 0.10826 -0.707591
    outer loop
      vertex 118.497 61.6609 0
      vertex 118.3 61.7 0.20039
      vertex 118.499 61.6738 0
    endloop
  endfacet
  facet normal -0.705008 0.0538174 -0.707154
    outer loop
      vertex 118.499 61.6738 0
      vertex 118.3 61.7 0.20039
      vertex 118.5 61.6869 0
    endloop
  endfacet
  facet normal -0.707795 0 -0.706418
    outer loop
      vertex 118.5 61.6869 0
      vertex 118.3 61.7 0.20039
      vertex 118.5 61.7 0
    endloop
  endfacet
  facet normal -0.707795 0 -0.706418
    outer loop
      vertex 118.5 61.7 0
      vertex 118.3 73.3 0.20039
      vertex 118.5 73.3 0
    endloop
  endfacet
  facet normal -0.707795 -0 -0.706418
    outer loop
      vertex 118.3 73.3 0.20039
      vertex 118.5 61.7 0
      vertex 118.3 61.7 0.20039
    endloop
  endfacet
  facet normal -0.707795 0 -0.706418
    outer loop
      vertex 118.5 73.3 0
      vertex 118.3 73.3 0.20039
      vertex 118.5 73.3131 0
    endloop
  endfacet
  facet normal -0.705008 -0.0538174 -0.707154
    outer loop
      vertex 118.5 73.3131 0
      vertex 118.3 73.3 0.20039
      vertex 118.499 73.3262 0
    endloop
  endfacet
  facet normal -0.69828 -0.10826 -0.707591
    outer loop
      vertex 118.499 73.3262 0
      vertex 118.3 73.3 0.20039
      vertex 118.497 73.3391 0
    endloop
  endfacet
  facet normal -0.687876 -0.161221 -0.707697
    outer loop
      vertex 118.497 73.3391 0
      vertex 118.3 73.3 0.20039
      vertex 118.494 73.3519 0
    endloop
  endfacet
  facet normal -0.673133 -0.215402 -0.707456
    outer loop
      vertex 118.494 73.3519 0
      vertex 118.3 73.3 0.20039
      vertex 118.49 73.3644 0
    endloop
  endfacet
  facet normal -0.655258 -0.266365 -0.706886
    outer loop
      vertex 118.49 73.3644 0
      vertex 118.3 73.3 0.20039
      vertex 118.485 73.3767 0
    endloop
  endfacet
  facet normal -0.6521 -0.273992 -0.70689
    outer loop
      vertex 118.485 73.3767 0
      vertex 118.3 73.3 0.20039
      vertex 118.48 73.3886 0
    endloop
  endfacet
  facet normal -0.627761 -0.324704 -0.707449
    outer loop
      vertex 118.48 73.3886 0
      vertex 118.3 73.3 0.20039
      vertex 118.474 73.4002 0
    endloop
  endfacet
  facet normal -0.597754 -0.376962 -0.707524
    outer loop
      vertex 118.474 73.4002 0
      vertex 118.3 73.3 0.20039
      vertex 118.467 73.4113 0
    endloop
  endfacet
  facet normal -0.566311 -0.42341 -0.707118
    outer loop
      vertex 118.467 73.4113 0
      vertex 118.3 73.3 0.20039
      vertex 118.459 73.422 0
    endloop
  endfacet
  facet normal -0.554295 -0.439046 -0.707104
    outer loop
      vertex 118.459 73.422 0
      vertex 118.3 73.3 0.20039
      vertex 118.451 73.4321 0
    endloop
  endfacet
  facet normal -0.515708 -0.483476 -0.707316
    outer loop
      vertex 118.451 73.4321 0
      vertex 118.3 73.3 0.20039
      vertex 118.442 73.4417 0
    endloop
  endfacet
  facet normal -0.473115 -0.525683 -0.706979
    outer loop
      vertex 118.442 73.4417 0
      vertex 118.3 73.3 0.20039
      vertex 118.432 73.4507 0
    endloop
  endfacet
  facet normal -0.451748 -0.544275 -0.706886
    outer loop
      vertex 118.432 73.4507 0
      vertex 118.3 73.3 0.20039
      vertex 118.422 73.459 0
    endloop
  endfacet
  facet normal -0.40217 -0.582088 -0.706706
    outer loop
      vertex 118.422 73.459 0
      vertex 118.3 73.3 0.20039
      vertex 118.411 73.4666 0
    endloop
  endfacet
  facet normal -0.376002 -0.599423 -0.706622
    outer loop
      vertex 118.411 73.4666 0
      vertex 118.3 73.3 0.20039
      vertex 118.4 73.4735 0
    endloop
  endfacet
  facet normal -0.347323 -0.616219 -0.706853
    outer loop
      vertex 118.4 73.4735 0
      vertex 118.3 73.3 0.20039
      vertex 118.389 73.4797 0
    endloop
  endfacet
  facet normal -0.290168 -0.644818 -0.707115
    outer loop
      vertex 118.389 73.4797 0
      vertex 118.3 73.3 0.20039
      vertex 118.377 73.4851 0
    endloop
  endfacet
  facet normal -0.240499 -0.665209 -0.706864
    outer loop
      vertex 118.377 73.4851 0
      vertex 118.3 73.3 0.20039
      vertex 118.364 73.4898 0
    endloop
  endfacet
  facet normal -0.213536 -0.674324 -0.706887
    outer loop
      vertex 118.364 73.4898 0
      vertex 118.3 73.3 0.20039
      vertex 118.352 73.4936 0
    endloop
  endfacet
  facet normal -0.153998 -0.690337 -0.706908
    outer loop
      vertex 118.352 73.4936 0
      vertex 118.3 73.3 0.20039
      vertex 118.339 73.4965 0
    endloop
  endfacet
  facet normal -0.118027 -0.697433 -0.706864
    outer loop
      vertex 118.339 73.4965 0
      vertex 118.3 73.3 0.20039
      vertex 118.326 73.4987 0
    endloop
  endfacet
  facet normal -0.0703754 -0.703754 -0.70695
    outer loop
      vertex 118.326 73.4987 0
      vertex 118.3 73.3 0.20039
      vertex 118.313 73.5 0
    endloop
  endfacet
  facet normal -0.0217514 -0.706922 -0.706957
    outer loop
      vertex 118.313 73.5 0
      vertex 118.3 73.3 0.20039
      vertex 118.3 73.5004 0
    endloop
  endfacet
  facet normal 0 -0.707089 -0.707124
    outer loop
      vertex 106.7 73.5004 0
      vertex 118.3 73.3 0.20039
      vertex 106.7 73.3 0.20039
    endloop
  endfacet
  facet normal 0 -0.707089 -0.707124
    outer loop
      vertex 118.3 73.3 0.20039
      vertex 106.7 73.5004 0
      vertex 118.3 73.5004 0
    endloop
  endfacet
  facet normal 0.0217514 -0.706922 -0.706957
    outer loop
      vertex 106.7 73.3 0.20039
      vertex 106.687 73.5 0
      vertex 106.7 73.5004 0
    endloop
  endfacet
  facet normal 0.0703754 -0.703754 -0.70695
    outer loop
      vertex 106.7 73.3 0.20039
      vertex 106.674 73.4987 0
      vertex 106.687 73.5 0
    endloop
  endfacet
  facet normal 0.118027 -0.697433 -0.706864
    outer loop
      vertex 106.7 73.3 0.20039
      vertex 106.661 73.4965 0
      vertex 106.674 73.4987 0
    endloop
  endfacet
  facet normal 0.153998 -0.690337 -0.706908
    outer loop
      vertex 106.7 73.3 0.20039
      vertex 106.648 73.4936 0
      vertex 106.661 73.4965 0
    endloop
  endfacet
  facet normal 0.213536 -0.674324 -0.706887
    outer loop
      vertex 106.7 73.3 0.20039
      vertex 106.636 73.4898 0
      vertex 106.648 73.4936 0
    endloop
  endfacet
  facet normal 0.240499 -0.665209 -0.706864
    outer loop
      vertex 106.7 73.3 0.20039
      vertex 106.623 73.4851 0
      vertex 106.636 73.4898 0
    endloop
  endfacet
  facet normal 0.290168 -0.644818 -0.707115
    outer loop
      vertex 106.7 73.3 0.20039
      vertex 106.611 73.4797 0
      vertex 106.623 73.4851 0
    endloop
  endfacet
  facet normal 0.347323 -0.616219 -0.706853
    outer loop
      vertex 106.7 73.3 0.20039
      vertex 106.6 73.4735 0
      vertex 106.611 73.4797 0
    endloop
  endfacet
  facet normal 0.376002 -0.599423 -0.706622
    outer loop
      vertex 106.7 73.3 0.20039
      vertex 106.589 73.4666 0
      vertex 106.6 73.4735 0
    endloop
  endfacet
  facet normal 0.40217 -0.582088 -0.706706
    outer loop
      vertex 106.7 73.3 0.20039
      vertex 106.578 73.459 0
      vertex 106.589 73.4666 0
    endloop
  endfacet
  facet normal 0.451748 -0.544275 -0.706886
    outer loop
      vertex 106.7 73.3 0.20039
      vertex 106.568 73.4507 0
      vertex 106.578 73.459 0
    endloop
  endfacet
  facet normal 0.473115 -0.525683 -0.706979
    outer loop
      vertex 106.7 73.3 0.20039
      vertex 106.558 73.4417 0
      vertex 106.568 73.4507 0
    endloop
  endfacet
  facet normal 0.515708 -0.483476 -0.707316
    outer loop
      vertex 106.7 73.3 0.20039
      vertex 106.549 73.4321 0
      vertex 106.558 73.4417 0
    endloop
  endfacet
  facet normal 0.554295 -0.439046 -0.707104
    outer loop
      vertex 106.7 73.3 0.20039
      vertex 106.541 73.422 0
      vertex 106.549 73.4321 0
    endloop
  endfacet
  facet normal 0.566311 -0.42341 -0.707118
    outer loop
      vertex 106.7 73.3 0.20039
      vertex 106.533 73.4113 0
      vertex 106.541 73.422 0
    endloop
  endfacet
  facet normal 0.597754 -0.376962 -0.707524
    outer loop
      vertex 106.7 73.3 0.20039
      vertex 106.526 73.4002 0
      vertex 106.533 73.4113 0
    endloop
  endfacet
  facet normal 0.627761 -0.324704 -0.707449
    outer loop
      vertex 106.7 73.3 0.20039
      vertex 106.52 73.3886 0
      vertex 106.526 73.4002 0
    endloop
  endfacet
  facet normal 0.6521 -0.273992 -0.70689
    outer loop
      vertex 106.7 73.3 0.20039
      vertex 106.515 73.3767 0
      vertex 106.52 73.3886 0
    endloop
  endfacet
  facet normal 0.655258 -0.266365 -0.706886
    outer loop
      vertex 106.7 73.3 0.20039
      vertex 106.51 73.3644 0
      vertex 106.515 73.3767 0
    endloop
  endfacet
  facet normal 0.673133 -0.215402 -0.707456
    outer loop
      vertex 106.7 73.3 0.20039
      vertex 106.506 73.3519 0
      vertex 106.51 73.3644 0
    endloop
  endfacet
  facet normal 0.687876 -0.161221 -0.707697
    outer loop
      vertex 106.7 73.3 0.20039
      vertex 106.503 73.3391 0
      vertex 106.506 73.3519 0
    endloop
  endfacet
  facet normal 0.69828 -0.10826 -0.707591
    outer loop
      vertex 106.7 73.3 0.20039
      vertex 106.501 73.3262 0
      vertex 106.503 73.3391 0
    endloop
  endfacet
  facet normal 0.705008 -0.0538174 -0.707154
    outer loop
      vertex 106.7 73.3 0.20039
      vertex 106.5 73.3131 0
      vertex 106.501 73.3262 0
    endloop
  endfacet
  facet normal 0.707795 0 -0.706418
    outer loop
      vertex 106.7 73.3 0.20039
      vertex 106.5 73.3 0
      vertex 106.5 73.3131 0
    endloop
  endfacet
  facet normal 0.707795 0 -0.706418
    outer loop
      vertex 106.7 61.7 0.20039
      vertex 106.5 73.3 0
      vertex 106.7 73.3 0.20039
    endloop
  endfacet
  facet normal 0.707795 0 -0.706418
    outer loop
      vertex 106.5 73.3 0
      vertex 106.7 61.7 0.20039
      vertex 106.5 61.7 0
    endloop
  endfacet
  facet normal 0.707795 0 0.706418
    outer loop
      vertex 106.7 61.7 1.79961
      vertex 106.5 61.7 2
      vertex 106.5 61.6869 2
    endloop
  endfacet
  facet normal 0.705008 0.0538174 0.707154
    outer loop
      vertex 106.7 61.7 1.79961
      vertex 106.5 61.6869 2
      vertex 106.501 61.6738 2
    endloop
  endfacet
  facet normal 0.69828 0.10826 0.707591
    outer loop
      vertex 106.7 61.7 1.79961
      vertex 106.501 61.6738 2
      vertex 106.503 61.6609 2
    endloop
  endfacet
  facet normal 0.687876 0.161221 0.707697
    outer loop
      vertex 106.7 61.7 1.79961
      vertex 106.503 61.6609 2
      vertex 106.506 61.6481 2
    endloop
  endfacet
  facet normal 0.673133 0.215402 0.707456
    outer loop
      vertex 106.7 61.7 1.79961
      vertex 106.506 61.6481 2
      vertex 106.51 61.6356 2
    endloop
  endfacet
  facet normal 0.655258 0.266365 0.706886
    outer loop
      vertex 106.7 61.7 1.79961
      vertex 106.51 61.6356 2
      vertex 106.515 61.6233 2
    endloop
  endfacet
  facet normal 0.6521 0.273992 0.70689
    outer loop
      vertex 106.7 61.7 1.79961
      vertex 106.515 61.6233 2
      vertex 106.52 61.6114 2
    endloop
  endfacet
  facet normal 0.627761 0.324704 0.707449
    outer loop
      vertex 106.7 61.7 1.79961
      vertex 106.52 61.6114 2
      vertex 106.526 61.5998 2
    endloop
  endfacet
  facet normal 0.597754 0.376962 0.707524
    outer loop
      vertex 106.7 61.7 1.79961
      vertex 106.526 61.5998 2
      vertex 106.533 61.5887 2
    endloop
  endfacet
  facet normal 0.566311 0.42341 0.707118
    outer loop
      vertex 106.7 61.7 1.79961
      vertex 106.533 61.5887 2
      vertex 106.541 61.578 2
    endloop
  endfacet
  facet normal 0.554295 0.439046 0.707104
    outer loop
      vertex 106.7 61.7 1.79961
      vertex 106.541 61.578 2
      vertex 106.549 61.5679 2
    endloop
  endfacet
  facet normal 0.515708 0.483476 0.707316
    outer loop
      vertex 106.7 61.7 1.79961
      vertex 106.549 61.5679 2
      vertex 106.558 61.5583 2
    endloop
  endfacet
  facet normal 0.473115 0.525683 0.706979
    outer loop
      vertex 106.7 61.7 1.79961
      vertex 106.558 61.5583 2
      vertex 106.568 61.5493 2
    endloop
  endfacet
  facet normal 0.451748 0.544275 0.706886
    outer loop
      vertex 106.7 61.7 1.79961
      vertex 106.568 61.5493 2
      vertex 106.578 61.541 2
    endloop
  endfacet
  facet normal 0.40217 0.582088 0.706706
    outer loop
      vertex 106.7 61.7 1.79961
      vertex 106.578 61.541 2
      vertex 106.589 61.5334 2
    endloop
  endfacet
  facet normal 0.376002 0.599423 0.706622
    outer loop
      vertex 106.7 61.7 1.79961
      vertex 106.589 61.5334 2
      vertex 106.6 61.5265 2
    endloop
  endfacet
  facet normal 0.347323 0.616219 0.706853
    outer loop
      vertex 106.7 61.7 1.79961
      vertex 106.6 61.5265 2
      vertex 106.611 61.5203 2
    endloop
  endfacet
  facet normal 0.290168 0.644818 0.707115
    outer loop
      vertex 106.7 61.7 1.79961
      vertex 106.611 61.5203 2
      vertex 106.623 61.5149 2
    endloop
  endfacet
  facet normal 0.240499 0.665209 0.706864
    outer loop
      vertex 106.7 61.7 1.79961
      vertex 106.623 61.5149 2
      vertex 106.636 61.5102 2
    endloop
  endfacet
  facet normal 0.213536 0.674324 0.706887
    outer loop
      vertex 106.7 61.7 1.79961
      vertex 106.636 61.5102 2
      vertex 106.648 61.5064 2
    endloop
  endfacet
  facet normal 0.153998 0.690337 0.706908
    outer loop
      vertex 106.7 61.7 1.79961
      vertex 106.648 61.5064 2
      vertex 106.661 61.5035 2
    endloop
  endfacet
  facet normal 0.118027 0.697433 0.706864
    outer loop
      vertex 106.7 61.7 1.79961
      vertex 106.661 61.5035 2
      vertex 106.674 61.5013 2
    endloop
  endfacet
  facet normal 0.0703754 0.703754 0.70695
    outer loop
      vertex 106.7 61.7 1.79961
      vertex 106.674 61.5013 2
      vertex 106.687 61.5 2
    endloop
  endfacet
  facet normal 0.0217514 0.706922 0.706957
    outer loop
      vertex 106.7 61.7 1.79961
      vertex 106.687 61.5 2
      vertex 106.7 61.4996 2
    endloop
  endfacet
  facet normal 0 0.707089 0.707124
    outer loop
      vertex 118.3 61.7 1.79961
      vertex 106.7 61.4996 2
      vertex 118.3 61.4996 2
    endloop
  endfacet
  facet normal 0 0.707089 0.707124
    outer loop
      vertex 106.7 61.4996 2
      vertex 118.3 61.7 1.79961
      vertex 106.7 61.7 1.79961
    endloop
  endfacet
  facet normal -0.0217514 0.706922 0.706957
    outer loop
      vertex 118.3 61.7 1.79961
      vertex 118.3 61.4996 2
      vertex 118.313 61.5 2
    endloop
  endfacet
  facet normal -0.0703754 0.703754 0.70695
    outer loop
      vertex 118.326 61.5013 2
      vertex 118.3 61.7 1.79961
      vertex 118.313 61.5 2
    endloop
  endfacet
  facet normal -0.118027 0.697433 0.706864
    outer loop
      vertex 118.339 61.5035 2
      vertex 118.3 61.7 1.79961
      vertex 118.326 61.5013 2
    endloop
  endfacet
  facet normal -0.153998 0.690337 0.706908
    outer loop
      vertex 118.352 61.5064 2
      vertex 118.3 61.7 1.79961
      vertex 118.339 61.5035 2
    endloop
  endfacet
  facet normal -0.213536 0.674324 0.706887
    outer loop
      vertex 118.364 61.5102 2
      vertex 118.3 61.7 1.79961
      vertex 118.352 61.5064 2
    endloop
  endfacet
  facet normal -0.240499 0.665209 0.706864
    outer loop
      vertex 118.377 61.5149 2
      vertex 118.3 61.7 1.79961
      vertex 118.364 61.5102 2
    endloop
  endfacet
  facet normal -0.290168 0.644818 0.707115
    outer loop
      vertex 118.389 61.5203 2
      vertex 118.3 61.7 1.79961
      vertex 118.377 61.5149 2
    endloop
  endfacet
  facet normal -0.347323 0.616219 0.706853
    outer loop
      vertex 118.4 61.5265 2
      vertex 118.3 61.7 1.79961
      vertex 118.389 61.5203 2
    endloop
  endfacet
  facet normal -0.376002 0.599423 0.706622
    outer loop
      vertex 118.411 61.5334 2
      vertex 118.3 61.7 1.79961
      vertex 118.4 61.5265 2
    endloop
  endfacet
  facet normal -0.40217 0.582088 0.706706
    outer loop
      vertex 118.422 61.541 2
      vertex 118.3 61.7 1.79961
      vertex 118.411 61.5334 2
    endloop
  endfacet
  facet normal -0.451748 0.544275 0.706886
    outer loop
      vertex 118.432 61.5493 2
      vertex 118.3 61.7 1.79961
      vertex 118.422 61.541 2
    endloop
  endfacet
  facet normal -0.473115 0.525683 0.706979
    outer loop
      vertex 118.442 61.5583 2
      vertex 118.3 61.7 1.79961
      vertex 118.432 61.5493 2
    endloop
  endfacet
  facet normal -0.515708 0.483476 0.707316
    outer loop
      vertex 118.451 61.5679 2
      vertex 118.3 61.7 1.79961
      vertex 118.442 61.5583 2
    endloop
  endfacet
  facet normal -0.554295 0.439046 0.707104
    outer loop
      vertex 118.459 61.578 2
      vertex 118.3 61.7 1.79961
      vertex 118.451 61.5679 2
    endloop
  endfacet
  facet normal -0.566311 0.42341 0.707118
    outer loop
      vertex 118.467 61.5887 2
      vertex 118.3 61.7 1.79961
      vertex 118.459 61.578 2
    endloop
  endfacet
  facet normal -0.597754 0.376962 0.707524
    outer loop
      vertex 118.474 61.5998 2
      vertex 118.3 61.7 1.79961
      vertex 118.467 61.5887 2
    endloop
  endfacet
  facet normal -0.627761 0.324704 0.707449
    outer loop
      vertex 118.48 61.6114 2
      vertex 118.3 61.7 1.79961
      vertex 118.474 61.5998 2
    endloop
  endfacet
  facet normal -0.6521 0.273992 0.70689
    outer loop
      vertex 118.485 61.6233 2
      vertex 118.3 61.7 1.79961
      vertex 118.48 61.6114 2
    endloop
  endfacet
  facet normal -0.655258 0.266365 0.706886
    outer loop
      vertex 118.49 61.6356 2
      vertex 118.3 61.7 1.79961
      vertex 118.485 61.6233 2
    endloop
  endfacet
  facet normal -0.673133 0.215402 0.707456
    outer loop
      vertex 118.494 61.6481 2
      vertex 118.3 61.7 1.79961
      vertex 118.49 61.6356 2
    endloop
  endfacet
  facet normal -0.687876 0.161221 0.707697
    outer loop
      vertex 118.497 61.6609 2
      vertex 118.3 61.7 1.79961
      vertex 118.494 61.6481 2
    endloop
  endfacet
  facet normal -0.69828 0.10826 0.707591
    outer loop
      vertex 118.499 61.6738 2
      vertex 118.3 61.7 1.79961
      vertex 118.497 61.6609 2
    endloop
  endfacet
  facet normal -0.705008 0.0538174 0.707154
    outer loop
      vertex 118.5 61.6869 2
      vertex 118.3 61.7 1.79961
      vertex 118.499 61.6738 2
    endloop
  endfacet
  facet normal -0.707795 0 0.706418
    outer loop
      vertex 118.5 61.7 2
      vertex 118.3 61.7 1.79961
      vertex 118.5 61.6869 2
    endloop
  endfacet
  facet normal -0.707795 0 0.706418
    outer loop
      vertex 118.3 61.7 1.79961
      vertex 118.5 73.3 2
      vertex 118.3 73.3 1.79961
    endloop
  endfacet
  facet normal -0.707795 0 0.706418
    outer loop
      vertex 118.5 73.3 2
      vertex 118.3 61.7 1.79961
      vertex 118.5 61.7 2
    endloop
  endfacet
  facet normal -0.707795 0 0.706418
    outer loop
      vertex 118.5 73.3131 2
      vertex 118.3 73.3 1.79961
      vertex 118.5 73.3 2
    endloop
  endfacet
  facet normal -0.705008 -0.0538174 0.707154
    outer loop
      vertex 118.499 73.3262 2
      vertex 118.3 73.3 1.79961
      vertex 118.5 73.3131 2
    endloop
  endfacet
  facet normal -0.69828 -0.10826 0.707591
    outer loop
      vertex 118.497 73.3391 2
      vertex 118.3 73.3 1.79961
      vertex 118.499 73.3262 2
    endloop
  endfacet
  facet normal -0.687876 -0.161221 0.707697
    outer loop
      vertex 118.494 73.3519 2
      vertex 118.3 73.3 1.79961
      vertex 118.497 73.3391 2
    endloop
  endfacet
  facet normal -0.673133 -0.215402 0.707456
    outer loop
      vertex 118.49 73.3644 2
      vertex 118.3 73.3 1.79961
      vertex 118.494 73.3519 2
    endloop
  endfacet
  facet normal -0.655258 -0.266365 0.706886
    outer loop
      vertex 118.485 73.3767 2
      vertex 118.3 73.3 1.79961
      vertex 118.49 73.3644 2
    endloop
  endfacet
  facet normal -0.6521 -0.273992 0.70689
    outer loop
      vertex 118.48 73.3886 2
      vertex 118.3 73.3 1.79961
      vertex 118.485 73.3767 2
    endloop
  endfacet
  facet normal -0.627761 -0.324704 0.707449
    outer loop
      vertex 118.474 73.4002 2
      vertex 118.3 73.3 1.79961
      vertex 118.48 73.3886 2
    endloop
  endfacet
  facet normal -0.597754 -0.376962 0.707524
    outer loop
      vertex 118.467 73.4113 2
      vertex 118.3 73.3 1.79961
      vertex 118.474 73.4002 2
    endloop
  endfacet
  facet normal -0.566311 -0.42341 0.707118
    outer loop
      vertex 118.459 73.422 2
      vertex 118.3 73.3 1.79961
      vertex 118.467 73.4113 2
    endloop
  endfacet
  facet normal -0.554295 -0.439046 0.707104
    outer loop
      vertex 118.451 73.4321 2
      vertex 118.3 73.3 1.79961
      vertex 118.459 73.422 2
    endloop
  endfacet
  facet normal -0.515708 -0.483476 0.707316
    outer loop
      vertex 118.442 73.4417 2
      vertex 118.3 73.3 1.79961
      vertex 118.451 73.4321 2
    endloop
  endfacet
  facet normal -0.473115 -0.525683 0.706979
    outer loop
      vertex 118.432 73.4507 2
      vertex 118.3 73.3 1.79961
      vertex 118.442 73.4417 2
    endloop
  endfacet
  facet normal -0.451748 -0.544275 0.706886
    outer loop
      vertex 118.422 73.459 2
      vertex 118.3 73.3 1.79961
      vertex 118.432 73.4507 2
    endloop
  endfacet
  facet normal -0.40217 -0.582088 0.706706
    outer loop
      vertex 118.411 73.4666 2
      vertex 118.3 73.3 1.79961
      vertex 118.422 73.459 2
    endloop
  endfacet
  facet normal -0.376002 -0.599423 0.706622
    outer loop
      vertex 118.4 73.4735 2
      vertex 118.3 73.3 1.79961
      vertex 118.411 73.4666 2
    endloop
  endfacet
  facet normal -0.347323 -0.616219 0.706853
    outer loop
      vertex 118.389 73.4797 2
      vertex 118.3 73.3 1.79961
      vertex 118.4 73.4735 2
    endloop
  endfacet
  facet normal -0.290168 -0.644818 0.707115
    outer loop
      vertex 118.377 73.4851 2
      vertex 118.3 73.3 1.79961
      vertex 118.389 73.4797 2
    endloop
  endfacet
  facet normal -0.240499 -0.665209 0.706864
    outer loop
      vertex 118.364 73.4898 2
      vertex 118.3 73.3 1.79961
      vertex 118.377 73.4851 2
    endloop
  endfacet
  facet normal -0.213536 -0.674324 0.706887
    outer loop
      vertex 118.352 73.4936 2
      vertex 118.3 73.3 1.79961
      vertex 118.364 73.4898 2
    endloop
  endfacet
  facet normal -0.153998 -0.690337 0.706908
    outer loop
      vertex 118.339 73.4965 2
      vertex 118.3 73.3 1.79961
      vertex 118.352 73.4936 2
    endloop
  endfacet
  facet normal -0.118027 -0.697433 0.706864
    outer loop
      vertex 118.326 73.4987 2
      vertex 118.3 73.3 1.79961
      vertex 118.339 73.4965 2
    endloop
  endfacet
  facet normal -0.0703754 -0.703754 0.70695
    outer loop
      vertex 118.313 73.5 2
      vertex 118.3 73.3 1.79961
      vertex 118.326 73.4987 2
    endloop
  endfacet
  facet normal -0.0217514 -0.706922 0.706957
    outer loop
      vertex 118.3 73.5004 2
      vertex 118.3 73.3 1.79961
      vertex 118.313 73.5 2
    endloop
  endfacet
  facet normal 0 -0.707089 0.707124
    outer loop
      vertex 106.7 73.3 1.79961
      vertex 118.3 73.5004 2
      vertex 106.7 73.5004 2
    endloop
  endfacet
  facet normal 0 -0.707089 0.707124
    outer loop
      vertex 118.3 73.5004 2
      vertex 106.7 73.3 1.79961
      vertex 118.3 73.3 1.79961
    endloop
  endfacet
  facet normal 0.0217514 -0.706922 0.706957
    outer loop
      vertex 106.7 73.5004 2
      vertex 106.687 73.5 2
      vertex 106.7 73.3 1.79961
    endloop
  endfacet
  facet normal 0.0703754 -0.703754 0.70695
    outer loop
      vertex 106.687 73.5 2
      vertex 106.674 73.4987 2
      vertex 106.7 73.3 1.79961
    endloop
  endfacet
  facet normal 0.118027 -0.697433 0.706864
    outer loop
      vertex 106.674 73.4987 2
      vertex 106.661 73.4965 2
      vertex 106.7 73.3 1.79961
    endloop
  endfacet
  facet normal 0.153998 -0.690337 0.706908
    outer loop
      vertex 106.661 73.4965 2
      vertex 106.648 73.4936 2
      vertex 106.7 73.3 1.79961
    endloop
  endfacet
  facet normal 0.213536 -0.674324 0.706887
    outer loop
      vertex 106.648 73.4936 2
      vertex 106.636 73.4898 2
      vertex 106.7 73.3 1.79961
    endloop
  endfacet
  facet normal 0.240499 -0.665209 0.706864
    outer loop
      vertex 106.636 73.4898 2
      vertex 106.623 73.4851 2
      vertex 106.7 73.3 1.79961
    endloop
  endfacet
  facet normal 0.290168 -0.644818 0.707115
    outer loop
      vertex 106.623 73.4851 2
      vertex 106.611 73.4797 2
      vertex 106.7 73.3 1.79961
    endloop
  endfacet
  facet normal 0.347323 -0.616219 0.706853
    outer loop
      vertex 106.611 73.4797 2
      vertex 106.6 73.4735 2
      vertex 106.7 73.3 1.79961
    endloop
  endfacet
  facet normal 0.376002 -0.599423 0.706622
    outer loop
      vertex 106.6 73.4735 2
      vertex 106.589 73.4666 2
      vertex 106.7 73.3 1.79961
    endloop
  endfacet
  facet normal 0.40217 -0.582088 0.706706
    outer loop
      vertex 106.589 73.4666 2
      vertex 106.578 73.459 2
      vertex 106.7 73.3 1.79961
    endloop
  endfacet
  facet normal 0.451748 -0.544275 0.706886
    outer loop
      vertex 106.578 73.459 2
      vertex 106.568 73.4507 2
      vertex 106.7 73.3 1.79961
    endloop
  endfacet
  facet normal 0.473115 -0.525683 0.706979
    outer loop
      vertex 106.568 73.4507 2
      vertex 106.558 73.4417 2
      vertex 106.7 73.3 1.79961
    endloop
  endfacet
  facet normal 0.515708 -0.483476 0.707316
    outer loop
      vertex 106.558 73.4417 2
      vertex 106.549 73.4321 2
      vertex 106.7 73.3 1.79961
    endloop
  endfacet
  facet normal 0.554295 -0.439046 0.707104
    outer loop
      vertex 106.549 73.4321 2
      vertex 106.541 73.422 2
      vertex 106.7 73.3 1.79961
    endloop
  endfacet
  facet normal 0.566311 -0.42341 0.707118
    outer loop
      vertex 106.541 73.422 2
      vertex 106.533 73.4113 2
      vertex 106.7 73.3 1.79961
    endloop
  endfacet
  facet normal 0.597754 -0.376962 0.707524
    outer loop
      vertex 106.533 73.4113 2
      vertex 106.526 73.4002 2
      vertex 106.7 73.3 1.79961
    endloop
  endfacet
  facet normal 0.627761 -0.324704 0.707449
    outer loop
      vertex 106.526 73.4002 2
      vertex 106.52 73.3886 2
      vertex 106.7 73.3 1.79961
    endloop
  endfacet
  facet normal 0.6521 -0.273992 0.70689
    outer loop
      vertex 106.52 73.3886 2
      vertex 106.515 73.3767 2
      vertex 106.7 73.3 1.79961
    endloop
  endfacet
  facet normal 0.655258 -0.266365 0.706886
    outer loop
      vertex 106.515 73.3767 2
      vertex 106.51 73.3644 2
      vertex 106.7 73.3 1.79961
    endloop
  endfacet
  facet normal 0.673133 -0.215402 0.707456
    outer loop
      vertex 106.51 73.3644 2
      vertex 106.506 73.3519 2
      vertex 106.7 73.3 1.79961
    endloop
  endfacet
  facet normal 0.687876 -0.161221 0.707697
    outer loop
      vertex 106.506 73.3519 2
      vertex 106.503 73.3391 2
      vertex 106.7 73.3 1.79961
    endloop
  endfacet
  facet normal 0.69828 -0.10826 0.707591
    outer loop
      vertex 106.503 73.3391 2
      vertex 106.501 73.3262 2
      vertex 106.7 73.3 1.79961
    endloop
  endfacet
  facet normal 0.705008 -0.0538174 0.707154
    outer loop
      vertex 106.501 73.3262 2
      vertex 106.5 73.3131 2
      vertex 106.7 73.3 1.79961
    endloop
  endfacet
  facet normal 0.707795 0 0.706418
    outer loop
      vertex 106.5 73.3131 2
      vertex 106.5 73.3 2
      vertex 106.7 73.3 1.79961
    endloop
  endfacet
  facet normal 0.707795 -0 0.706418
    outer loop
      vertex 106.5 61.7 2
      vertex 106.7 73.3 1.79961
      vertex 106.5 73.3 2
    endloop
  endfacet
  facet normal 0.707795 0 0.706418
    outer loop
      vertex 106.7 73.3 1.79961
      vertex 106.5 61.7 2
      vertex 106.7 61.7 1.79961
    endloop
  endfacet
  facet normal 0 1 -0
    outer loop
      vertex 118.3 61.7 0.20039
      vertex 106.7 61.7 1.79961
      vertex 118.3 61.7 1.79961
    endloop
  endfacet
  facet normal 0 1 0
    outer loop
      vertex 106.7 61.7 1.79961
      vertex 118.3 61.7 0.20039
      vertex 106.7 61.7 0.20039
    endloop
  endfacet
  facet normal -1 0 0
    outer loop
      vertex 118.3 61.7 0.20039
      vertex 118.3 73.3 1.79961
      vertex 118.3 73.3 0.20039
    endloop
  endfacet
  facet normal -1 -0 0
    outer loop
      vertex 118.3 73.3 1.79961
      vertex 118.3 61.7 0.20039
      vertex 118.3 61.7 1.79961
    endloop
  endfacet
  facet normal 0 -1 0
    outer loop
      vertex 106.7 73.3 0.20039
      vertex 118.3 73.3 1.79961
      vertex 106.7 73.3 1.79961
    endloop
  endfacet
  facet normal 0 -1 -0
    outer loop
      vertex 118.3 73.3 1.79961
      vertex 106.7 73.3 0.20039
      vertex 118.3 73.3 0.20039
    endloop
  endfacet
  facet normal 1 -0 0
    outer loop
      vertex 106.7 61.7 1.79961
      vertex 106.7 73.3 0.20039
      vertex 106.7 73.3 1.79961
    endloop
  endfacet
  facet normal 1 0 0
    outer loop
      vertex 106.7 73.3 0.20039
      vertex 106.7 61.7 1.79961
      vertex 106.7 61.7 0.20039
    endloop
  endfacet
endsolid OpenSCAD_Model
