solid OpenSCAD_Model
  facet normal 0 -0.707108 -0.707106
    outer loop
      vertex 0.60039 0.60039 0
      vertex 29.8 0.2 0.400391
      vertex 0.2 0.2 0.400391
    endloop
  endfacet
  facet normal 0 -0.707108 -0.707106
    outer loop
      vertex 29.8 0.2 0.400391
      vertex 0.60039 0.60039 0
      vertex 29.3996 0.60039 0
    endloop
  endfacet
  facet normal 0.707099 0 -0.707115
    outer loop
      vertex 29.8 44.8 0.400391
      vertex 29.3996 0.60039 0
      vertex 29.3996 44.3996 0
    endloop
  endfacet
  facet normal 0.707099 0 -0.707115
    outer loop
      vertex 29.3996 0.60039 0
      vertex 29.8 44.8 0.400391
      vertex 29.8 0.2 0.400391
    endloop
  endfacet
  facet normal 0 0.707099 -0.707115
    outer loop
      vertex 29.3996 44.3996 0
      vertex 15.2 44.8 0.400391
      vertex 29.8 44.8 0.400391
    endloop
  endfacet
  facet normal 0 0.707099 -0.707115
    outer loop
      vertex 15.2 44.8 0.400391
      vertex 29.3996 44.3996 0
      vertex 15.6004 44.3996 0
    endloop
  endfacet
  facet normal -0.707099 0 -0.707115
    outer loop
      vertex 15.2 29.8 0.400391
      vertex 15.6004 44.3996 0
      vertex 15.6004 29.8 0
    endloop
  endfacet
  facet normal -0.707099 0 -0.707115
    outer loop
      vertex 15.6004 44.3996 0
      vertex 15.2 29.8 0.400391
      vertex 15.2 44.8 0.400391
    endloop
  endfacet
  facet normal -0.70689 0.0242825 -0.706906
    outer loop
      vertex 15.6004 29.8 0
      vertex 15.5995 29.7738 0
      vertex 15.2 29.8 0.400391
    endloop
  endfacet
  facet normal -0.704072 0.0674399 -0.706919
    outer loop
      vertex 15.5995 29.7738 0
      vertex 15.597 29.7477 0
      vertex 15.2 29.8 0.400391
    endloop
  endfacet
  facet normal -0.697655 0.116276 -0.706935
    outer loop
      vertex 15.597 29.7477 0
      vertex 15.5927 29.7219 0
      vertex 15.2 29.8 0.400391
    endloop
  endfacet
  facet normal -0.688518 0.162004 -0.706893
    outer loop
      vertex 15.5927 29.7219 0
      vertex 15.5867 29.6964 0
      vertex 15.2 29.8 0.400391
    endloop
  endfacet
  facet normal -0.676985 0.204984 -0.706875
    outer loop
      vertex 15.5867 29.6964 0
      vertex 15.5791 29.6713 0
      vertex 15.2 29.8 0.400391
    endloop
  endfacet
  facet normal -0.662176 0.248654 -0.706891
    outer loop
      vertex 15.5791 29.6713 0
      vertex 15.5699 29.6468 0
      vertex 15.2 29.8 0.400391
    endloop
  endfacet
  facet normal -0.64455 0.291261 -0.70691
    outer loop
      vertex 15.5699 29.6468 0
      vertex 15.5591 29.6229 0
      vertex 15.2 29.8 0.400391
    endloop
  endfacet
  facet normal -0.623201 0.334532 -0.706901
    outer loop
      vertex 15.5591 29.6229 0
      vertex 15.5467 29.5998 0
      vertex 15.2 29.8 0.400391
    endloop
  endfacet
  facet normal -0.600724 0.373423 -0.706885
    outer loop
      vertex 15.5467 29.5998 0
      vertex 15.5329 29.5776 0
      vertex 15.2 29.8 0.400391
    endloop
  endfacet
  facet normal -0.575742 0.410858 -0.706907
    outer loop
      vertex 15.5329 29.5776 0
      vertex 15.5177 29.5563 0
      vertex 15.2 29.8 0.400391
    endloop
  endfacet
  facet normal -0.54622 0.449353 -0.706913
    outer loop
      vertex 15.5177 29.5563 0
      vertex 15.501 29.536 0
      vertex 15.2 29.8 0.400391
    endloop
  endfacet
  facet normal -0.516098 0.483673 -0.706897
    outer loop
      vertex 15.501 29.536 0
      vertex 15.4831 29.5169 0
      vertex 15.2 29.8 0.400391
    endloop
  endfacet
  facet normal -0.483673 0.516098 -0.706897
    outer loop
      vertex 15.4831 29.5169 0
      vertex 15.464 29.499 0
      vertex 15.2 29.8 0.400391
    endloop
  endfacet
  facet normal -0.449353 0.54622 -0.706913
    outer loop
      vertex 15.464 29.499 0
      vertex 15.4437 29.4823 0
      vertex 15.2 29.8 0.400391
    endloop
  endfacet
  facet normal -0.410858 0.575742 -0.706907
    outer loop
      vertex 15.4437 29.4823 0
      vertex 15.4224 29.4671 0
      vertex 15.2 29.8 0.400391
    endloop
  endfacet
  facet normal -0.373423 0.600724 -0.706885
    outer loop
      vertex 15.4224 29.4671 0
      vertex 15.4002 29.4533 0
      vertex 15.2 29.8 0.400391
    endloop
  endfacet
  facet normal -0.334532 0.623201 -0.706901
    outer loop
      vertex 15.4002 29.4533 0
      vertex 15.3771 29.4409 0
      vertex 15.2 29.8 0.400391
    endloop
  endfacet
  facet normal -0.291261 0.64455 -0.70691
    outer loop
      vertex 15.3771 29.4409 0
      vertex 15.3532 29.4301 0
      vertex 15.2 29.8 0.400391
    endloop
  endfacet
  facet normal -0.248654 0.662176 -0.706891
    outer loop
      vertex 15.3532 29.4301 0
      vertex 15.3287 29.4209 0
      vertex 15.2 29.8 0.400391
    endloop
  endfacet
  facet normal -0.204984 0.676985 -0.706875
    outer loop
      vertex 15.3287 29.4209 0
      vertex 15.3036 29.4133 0
      vertex 15.2 29.8 0.400391
    endloop
  endfacet
  facet normal -0.162004 0.688518 -0.706893
    outer loop
      vertex 15.3036 29.4133 0
      vertex 15.2781 29.4073 0
      vertex 15.2 29.8 0.400391
    endloop
  endfacet
  facet normal -0.116276 0.697655 -0.706935
    outer loop
      vertex 15.2781 29.4073 0
      vertex 15.2523 29.403 0
      vertex 15.2 29.8 0.400391
    endloop
  endfacet
  facet normal -0.0674399 0.704072 -0.706919
    outer loop
      vertex 15.2523 29.403 0
      vertex 15.2262 29.4005 0
      vertex 15.2 29.8 0.400391
    endloop
  endfacet
  facet normal -0.0242825 0.70689 -0.706906
    outer loop
      vertex 15.2 29.8 0.400391
      vertex 15.2262 29.4005 0
      vertex 15.2 29.3996 0
    endloop
  endfacet
  facet normal 0 0.707099 -0.707115
    outer loop
      vertex 0.60039 29.3996 0
      vertex 15.2 29.8 0.400391
      vertex 15.2 29.3996 0
    endloop
  endfacet
  facet normal 0 0.707099 -0.707115
    outer loop
      vertex 15.2 29.8 0.400391
      vertex 0.60039 29.3996 0
      vertex 0.2 29.8 0.400391
    endloop
  endfacet
  facet normal -0.707108 0 -0.707106
    outer loop
      vertex 0.60039 0.60039 0
      vertex 0.2 29.8 0.400391
      vertex 0.60039 29.3996 0
    endloop
  endfacet
  facet normal -0.707108 -0 -0.707106
    outer loop
      vertex 0.2 29.8 0.400391
      vertex 0.60039 0.60039 0
      vertex 0.2 0.2 0.400391
    endloop
  endfacet
  facet normal 0 0 -1
    outer loop
      vertex 15.5791 29.6713 0
      vertex 29.3996 44.3996 0
      vertex 29.3996 0.60039 0
    endloop
  endfacet
  facet normal 0 0 -1
    outer loop
      vertex 29.3996 44.3996 0
      vertex 15.5995 29.7738 0
      vertex 15.6004 29.8 0
    endloop
  endfacet
  facet normal 0 0 -1
    outer loop
      vertex 29.3996 44.3996 0
      vertex 15.597 29.7477 0
      vertex 15.5995 29.7738 0
    endloop
  endfacet
  facet normal 0 0 -1
    outer loop
      vertex 29.3996 44.3996 0
      vertex 15.5927 29.7219 0
      vertex 15.597 29.7477 0
    endloop
  endfacet
  facet normal 0 0 -1
    outer loop
      vertex 29.3996 44.3996 0
      vertex 15.5867 29.6964 0
      vertex 15.5927 29.7219 0
    endloop
  endfacet
  facet normal 0 0 -1
    outer loop
      vertex 29.3996 44.3996 0
      vertex 15.5791 29.6713 0
      vertex 15.5867 29.6964 0
    endloop
  endfacet
  facet normal 0 0 -1
    outer loop
      vertex 29.3996 0.60039 0
      vertex 15.5699 29.6468 0
      vertex 15.5791 29.6713 0
    endloop
  endfacet
  facet normal 0 0 -1
    outer loop
      vertex 29.3996 0.60039 0
      vertex 15.5591 29.6229 0
      vertex 15.5699 29.6468 0
    endloop
  endfacet
  facet normal 0 0 -1
    outer loop
      vertex 29.3996 0.60039 0
      vertex 15.5467 29.5998 0
      vertex 15.5591 29.6229 0
    endloop
  endfacet
  facet normal 0 0 -1
    outer loop
      vertex 29.3996 0.60039 0
      vertex 15.5329 29.5776 0
      vertex 15.5467 29.5998 0
    endloop
  endfacet
  facet normal 0 0 -1
    outer loop
      vertex 29.3996 0.60039 0
      vertex 15.5177 29.5563 0
      vertex 15.5329 29.5776 0
    endloop
  endfacet
  facet normal 0 0 -1
    outer loop
      vertex 29.3996 0.60039 0
      vertex 15.501 29.536 0
      vertex 15.5177 29.5563 0
    endloop
  endfacet
  facet normal 0 0 -1
    outer loop
      vertex 29.3996 0.60039 0
      vertex 15.4831 29.5169 0
      vertex 15.501 29.536 0
    endloop
  endfacet
  facet normal 0 0 -1
    outer loop
      vertex 29.3996 0.60039 0
      vertex 15.464 29.499 0
      vertex 15.4831 29.5169 0
    endloop
  endfacet
  facet normal 0 0 -1
    outer loop
      vertex 29.3996 0.60039 0
      vertex 15.4437 29.4823 0
      vertex 15.464 29.499 0
    endloop
  endfacet
  facet normal 0 0 -1
    outer loop
      vertex 29.3996 0.60039 0
      vertex 15.4224 29.4671 0
      vertex 15.4437 29.4823 0
    endloop
  endfacet
  facet normal 0 0 -1
    outer loop
      vertex 29.3996 0.60039 0
      vertex 15.4002 29.4533 0
      vertex 15.4224 29.4671 0
    endloop
  endfacet
  facet normal 0 0 -1
    outer loop
      vertex 29.3996 0.60039 0
      vertex 15.3771 29.4409 0
      vertex 15.4002 29.4533 0
    endloop
  endfacet
  facet normal 0 0 -1
    outer loop
      vertex 29.3996 0.60039 0
      vertex 15.3532 29.4301 0
      vertex 15.3771 29.4409 0
    endloop
  endfacet
  facet normal 0 0 -1
    outer loop
      vertex 29.3996 0.60039 0
      vertex 15.3287 29.4209 0
      vertex 15.3532 29.4301 0
    endloop
  endfacet
  facet normal 0 0 -1
    outer loop
      vertex 29.3996 0.60039 0
      vertex 15.3036 29.4133 0
      vertex 15.3287 29.4209 0
    endloop
  endfacet
  facet normal 0 0 -1
    outer loop
      vertex 29.3996 0.60039 0
      vertex 15.2781 29.4073 0
      vertex 15.3036 29.4133 0
    endloop
  endfacet
  facet normal 0 0 -1
    outer loop
      vertex 29.3996 0.60039 0
      vertex 15.2523 29.403 0
      vertex 15.2781 29.4073 0
    endloop
  endfacet
  facet normal 0 0 -1
    outer loop
      vertex 29.3996 0.60039 0
      vertex 15.2262 29.4005 0
      vertex 15.2523 29.403 0
    endloop
  endfacet
  facet normal 0 0 -1
    outer loop
      vertex 29.3996 0.60039 0
      vertex 15.2 29.3996 0
      vertex 15.2262 29.4005 0
    endloop
  endfacet
  facet normal 0 0 -1
    outer loop
      vertex 0.60039 0.60039 0
      vertex 15.2 29.3996 0
      vertex 29.3996 0.60039 0
    endloop
  endfacet
  facet normal -0 0 -1
    outer loop
      vertex 15.2 29.3996 0
      vertex 0.60039 0.60039 0
      vertex 0.60039 29.3996 0
    endloop
  endfacet
  facet normal -0 0 -1
    outer loop
      vertex 29.3996 44.3996 0
      vertex 15.6004 29.8 0
      vertex 15.6004 44.3996 0
    endloop
  endfacet
  facet normal 0 -0.707107 0.707107
    outer loop
      vertex 0.2 0.2 1.59961
      vertex 29.3996 0.60039 2
      vertex 0.60039 0.60039 2
    endloop
  endfacet
  facet normal 0 -0.707107 0.707107
    outer loop
      vertex 29.3996 0.60039 2
      vertex 0.2 0.2 1.59961
      vertex 29.8 0.2 1.59961
    endloop
  endfacet
  facet normal 0.707098 -0 0.707116
    outer loop
      vertex 29.3996 0.60039 2
      vertex 29.8 44.8 1.59961
      vertex 29.3996 44.3996 2
    endloop
  endfacet
  facet normal 0.707098 0 0.707116
    outer loop
      vertex 29.8 44.8 1.59961
      vertex 29.3996 0.60039 2
      vertex 29.8 0.2 1.59961
    endloop
  endfacet
  facet normal 0 0.707098 0.707116
    outer loop
      vertex 29.8 44.8 1.59961
      vertex 15.6004 44.3996 2
      vertex 29.3996 44.3996 2
    endloop
  endfacet
  facet normal 0 0.707098 0.707116
    outer loop
      vertex 15.6004 44.3996 2
      vertex 29.8 44.8 1.59961
      vertex 15.2 44.8 1.59961
    endloop
  endfacet
  facet normal -0.707098 0 0.707116
    outer loop
      vertex 15.2 29.8 1.59961
      vertex 15.6004 44.3996 2
      vertex 15.2 44.8 1.59961
    endloop
  endfacet
  facet normal -0.707098 0 0.707116
    outer loop
      vertex 15.6004 44.3996 2
      vertex 15.2 29.8 1.59961
      vertex 15.6004 29.8 2
    endloop
  endfacet
  facet normal -0.706889 0.0242825 0.706907
    outer loop
      vertex 15.5995 29.7738 2
      vertex 15.6004 29.8 2
      vertex 15.2 29.8 1.59961
    endloop
  endfacet
  facet normal -0.704072 0.0674398 0.706919
    outer loop
      vertex 15.597 29.7477 2
      vertex 15.5995 29.7738 2
      vertex 15.2 29.8 1.59961
    endloop
  endfacet
  facet normal -0.697654 0.116276 0.706936
    outer loop
      vertex 15.5927 29.7219 2
      vertex 15.597 29.7477 2
      vertex 15.2 29.8 1.59961
    endloop
  endfacet
  facet normal -0.688517 0.162004 0.706894
    outer loop
      vertex 15.5867 29.6964 2
      vertex 15.5927 29.7219 2
      vertex 15.2 29.8 1.59961
    endloop
  endfacet
  facet normal -0.676984 0.204983 0.706876
    outer loop
      vertex 15.5791 29.6713 2
      vertex 15.5867 29.6964 2
      vertex 15.2 29.8 1.59961
    endloop
  endfacet
  facet normal -0.662175 0.248654 0.706891
    outer loop
      vertex 15.5699 29.6468 2
      vertex 15.5791 29.6713 2
      vertex 15.2 29.8 1.59961
    endloop
  endfacet
  facet normal -0.64455 0.291261 0.706911
    outer loop
      vertex 15.5591 29.6229 2
      vertex 15.5699 29.6468 2
      vertex 15.2 29.8 1.59961
    endloop
  endfacet
  facet normal -0.6232 0.334531 0.706902
    outer loop
      vertex 15.5467 29.5998 2
      vertex 15.5591 29.6229 2
      vertex 15.2 29.8 1.59961
    endloop
  endfacet
  facet normal -0.600723 0.373423 0.706886
    outer loop
      vertex 15.5329 29.5776 2
      vertex 15.5467 29.5998 2
      vertex 15.2 29.8 1.59961
    endloop
  endfacet
  facet normal -0.575741 0.410857 0.706908
    outer loop
      vertex 15.5177 29.5563 2
      vertex 15.5329 29.5776 2
      vertex 15.2 29.8 1.59961
    endloop
  endfacet
  facet normal -0.546219 0.449353 0.706914
    outer loop
      vertex 15.501 29.536 2
      vertex 15.5177 29.5563 2
      vertex 15.2 29.8 1.59961
    endloop
  endfacet
  facet normal -0.516097 0.483672 0.706898
    outer loop
      vertex 15.4831 29.5169 2
      vertex 15.501 29.536 2
      vertex 15.2 29.8 1.59961
    endloop
  endfacet
  facet normal -0.483672 0.516097 0.706898
    outer loop
      vertex 15.464 29.499 2
      vertex 15.4831 29.5169 2
      vertex 15.2 29.8 1.59961
    endloop
  endfacet
  facet normal -0.449353 0.546219 0.706914
    outer loop
      vertex 15.4437 29.4823 2
      vertex 15.464 29.499 2
      vertex 15.2 29.8 1.59961
    endloop
  endfacet
  facet normal -0.410857 0.575741 0.706908
    outer loop
      vertex 15.4224 29.4671 2
      vertex 15.4437 29.4823 2
      vertex 15.2 29.8 1.59961
    endloop
  endfacet
  facet normal -0.373423 0.600723 0.706886
    outer loop
      vertex 15.4002 29.4533 2
      vertex 15.4224 29.4671 2
      vertex 15.2 29.8 1.59961
    endloop
  endfacet
  facet normal -0.334531 0.6232 0.706902
    outer loop
      vertex 15.3771 29.4409 2
      vertex 15.4002 29.4533 2
      vertex 15.2 29.8 1.59961
    endloop
  endfacet
  facet normal -0.291261 0.64455 0.706911
    outer loop
      vertex 15.3532 29.4301 2
      vertex 15.3771 29.4409 2
      vertex 15.2 29.8 1.59961
    endloop
  endfacet
  facet normal -0.248654 0.662175 0.706891
    outer loop
      vertex 15.3287 29.4209 2
      vertex 15.3532 29.4301 2
      vertex 15.2 29.8 1.59961
    endloop
  endfacet
  facet normal -0.204983 0.676984 0.706876
    outer loop
      vertex 15.3036 29.4133 2
      vertex 15.3287 29.4209 2
      vertex 15.2 29.8 1.59961
    endloop
  endfacet
  facet normal -0.162004 0.688517 0.706894
    outer loop
      vertex 15.2781 29.4073 2
      vertex 15.3036 29.4133 2
      vertex 15.2 29.8 1.59961
    endloop
  endfacet
  facet normal -0.116276 0.697654 0.706936
    outer loop
      vertex 15.2523 29.403 2
      vertex 15.2781 29.4073 2
      vertex 15.2 29.8 1.59961
    endloop
  endfacet
  facet normal -0.0674398 0.704072 0.706919
    outer loop
      vertex 15.2262 29.4005 2
      vertex 15.2523 29.403 2
      vertex 15.2 29.8 1.59961
    endloop
  endfacet
  facet normal -0.0242825 0.706889 0.706907
    outer loop
      vertex 15.2262 29.4005 2
      vertex 15.2 29.8 1.59961
      vertex 15.2 29.3996 2
    endloop
  endfacet
  facet normal 0 0.707098 0.707116
    outer loop
      vertex 15.2 29.8 1.59961
      vertex 0.60039 29.3996 2
      vertex 15.2 29.3996 2
    endloop
  endfacet
  facet normal 0 0.707098 0.707116
    outer loop
      vertex 0.60039 29.3996 2
      vertex 15.2 29.8 1.59961
      vertex 0.2 29.8 1.59961
    endloop
  endfacet
  facet normal -0.707107 0 0.707107
    outer loop
      vertex 0.2 29.8 1.59961
      vertex 0.60039 0.60039 2
      vertex 0.60039 29.3996 2
    endloop
  endfacet
  facet normal -0.707107 0 0.707107
    outer loop
      vertex 0.60039 0.60039 2
      vertex 0.2 29.8 1.59961
      vertex 0.2 0.2 1.59961
    endloop
  endfacet
  facet normal 0 0 1
    outer loop
      vertex 15.6004 29.8 2
      vertex 29.3996 44.3996 2
      vertex 15.6004 44.3996 2
    endloop
  endfacet
  facet normal 0 0 1
    outer loop
      vertex 15.5995 29.7738 2
      vertex 29.3996 44.3996 2
      vertex 15.6004 29.8 2
    endloop
  endfacet
  facet normal 0 0 1
    outer loop
      vertex 15.597 29.7477 2
      vertex 29.3996 44.3996 2
      vertex 15.5995 29.7738 2
    endloop
  endfacet
  facet normal 0 0 1
    outer loop
      vertex 15.5927 29.7219 2
      vertex 29.3996 44.3996 2
      vertex 15.597 29.7477 2
    endloop
  endfacet
  facet normal 0 0 1
    outer loop
      vertex 15.5867 29.6964 2
      vertex 29.3996 44.3996 2
      vertex 15.5927 29.7219 2
    endloop
  endfacet
  facet normal 0 0 1
    outer loop
      vertex 15.5791 29.6713 2
      vertex 29.3996 44.3996 2
      vertex 15.5867 29.6964 2
    endloop
  endfacet
  facet normal 0 0 1
    outer loop
      vertex 29.3996 44.3996 2
      vertex 15.5791 29.6713 2
      vertex 29.3996 0.60039 2
    endloop
  endfacet
  facet normal -0 0 1
    outer loop
      vertex 15.5699 29.6468 2
      vertex 29.3996 0.60039 2
      vertex 15.5791 29.6713 2
    endloop
  endfacet
  facet normal -0 0 1
    outer loop
      vertex 15.5591 29.6229 2
      vertex 29.3996 0.60039 2
      vertex 15.5699 29.6468 2
    endloop
  endfacet
  facet normal -0 0 1
    outer loop
      vertex 15.5467 29.5998 2
      vertex 29.3996 0.60039 2
      vertex 15.5591 29.6229 2
    endloop
  endfacet
  facet normal -0 0 1
    outer loop
      vertex 15.5329 29.5776 2
      vertex 29.3996 0.60039 2
      vertex 15.5467 29.5998 2
    endloop
  endfacet
  facet normal -0 0 1
    outer loop
      vertex 15.5177 29.5563 2
      vertex 29.3996 0.60039 2
      vertex 15.5329 29.5776 2
    endloop
  endfacet
  facet normal -0 0 1
    outer loop
      vertex 15.501 29.536 2
      vertex 29.3996 0.60039 2
      vertex 15.5177 29.5563 2
    endloop
  endfacet
  facet normal -0 0 1
    outer loop
      vertex 15.4831 29.5169 2
      vertex 29.3996 0.60039 2
      vertex 15.501 29.536 2
    endloop
  endfacet
  facet normal -0 0 1
    outer loop
      vertex 15.464 29.499 2
      vertex 29.3996 0.60039 2
      vertex 15.4831 29.5169 2
    endloop
  endfacet
  facet normal -0 0 1
    outer loop
      vertex 15.4437 29.4823 2
      vertex 29.3996 0.60039 2
      vertex 15.464 29.499 2
    endloop
  endfacet
  facet normal -0 0 1
    outer loop
      vertex 15.4224 29.4671 2
      vertex 29.3996 0.60039 2
      vertex 15.4437 29.4823 2
    endloop
  endfacet
  facet normal -0 0 1
    outer loop
      vertex 15.4002 29.4533 2
      vertex 29.3996 0.60039 2
      vertex 15.4224 29.4671 2
    endloop
  endfacet
  facet normal -0 0 1
    outer loop
      vertex 15.3771 29.4409 2
      vertex 29.3996 0.60039 2
      vertex 15.4002 29.4533 2
    endloop
  endfacet
  facet normal -0 0 1
    outer loop
      vertex 15.3532 29.4301 2
      vertex 29.3996 0.60039 2
      vertex 15.3771 29.4409 2
    endloop
  endfacet
  facet normal -0 0 1
    outer loop
      vertex 15.3287 29.4209 2
      vertex 29.3996 0.60039 2
      vertex 15.3532 29.4301 2
    endloop
  endfacet
  facet normal -0 0 1
    outer loop
      vertex 15.3036 29.4133 2
      vertex 29.3996 0.60039 2
      vertex 15.3287 29.4209 2
    endloop
  endfacet
  facet normal -0 0 1
    outer loop
      vertex 15.2781 29.4073 2
      vertex 29.3996 0.60039 2
      vertex 15.3036 29.4133 2
    endloop
  endfacet
  facet normal -0 0 1
    outer loop
      vertex 15.2523 29.403 2
      vertex 29.3996 0.60039 2
      vertex 15.2781 29.4073 2
    endloop
  endfacet
  facet normal -0 0 1
    outer loop
      vertex 15.2262 29.4005 2
      vertex 29.3996 0.60039 2
      vertex 15.2523 29.403 2
    endloop
  endfacet
  facet normal -0 0 1
    outer loop
      vertex 15.2 29.3996 2
      vertex 29.3996 0.60039 2
      vertex 15.2262 29.4005 2
    endloop
  endfacet
  facet normal 0 0 1
    outer loop
      vertex 0.60039 0.60039 2
      vertex 15.2 29.3996 2
      vertex 0.60039 29.3996 2
    endloop
  endfacet
  facet normal 0 0 1
    outer loop
      vertex 15.2 29.3996 2
      vertex 0.60039 0.60039 2
      vertex 29.3996 0.60039 2
    endloop
  endfacet
  facet normal 0 -1 0
    outer loop
      vertex 0.2 0.2 0.400391
      vertex 29.8 0.2 1.59961
      vertex 0.2 0.2 1.59961
    endloop
  endfacet
  facet normal 0 -1 -0
    outer loop
      vertex 29.8 0.2 1.59961
      vertex 0.2 0.2 0.400391
      vertex 29.8 0.2 0.400391
    endloop
  endfacet
  facet normal 1 -0 0
    outer loop
      vertex 29.8 0.2 1.59961
      vertex 29.8 44.8 0.400391
      vertex 29.8 44.8 1.59961
    endloop
  endfacet
  facet normal 1 0 0
    outer loop
      vertex 29.8 44.8 0.400391
      vertex 29.8 0.2 1.59961
      vertex 29.8 0.2 0.400391
    endloop
  endfacet
  facet normal 0 1 -0
    outer loop
      vertex 29.8 44.8 0.400391
      vertex 15.2 44.8 1.59961
      vertex 29.8 44.8 1.59961
    endloop
  endfacet
  facet normal 0 1 0
    outer loop
      vertex 15.2 44.8 1.59961
      vertex 29.8 44.8 0.400391
      vertex 15.2 44.8 0.400391
    endloop
  endfacet
  facet normal -1 0 0
    outer loop
      vertex 15.2 29.8 0.400391
      vertex 15.2 44.8 1.59961
      vertex 15.2 44.8 0.400391
    endloop
  endfacet
  facet normal -1 -0 0
    outer loop
      vertex 15.2 44.8 1.59961
      vertex 15.2 29.8 0.400391
      vertex 15.2 29.8 1.59961
    endloop
  endfacet
  facet normal 0 1 -0
    outer loop
      vertex 15.2 29.8 0.400391
      vertex 0.2 29.8 1.59961
      vertex 15.2 29.8 1.59961
    endloop
  endfacet
  facet normal 0 1 0
    outer loop
      vertex 0.2 29.8 1.59961
      vertex 15.2 29.8 0.400391
      vertex 0.2 29.8 0.400391
    endloop
  endfacet
  facet normal -1 0 0
    outer loop
      vertex 0.2 0.2 0.400391
      vertex 0.2 29.8 1.59961
      vertex 0.2 29.8 0.400391
    endloop
  endfacet
  facet normal -1 -0 0
    outer loop
      vertex 0.2 29.8 1.59961
      vertex 0.2 0.2 0.400391
      vertex 0.2 0.2 1.59961
    endloop
  endfacet
  facet normal 0 -0.707099 -0.707115
    outer loop
      vertex 0.60039 30.6004 0
      vertex 14.8 30.2 0.400391
      vertex 0.2 30.2 0.400391
    endloop
  endfacet
  facet normal 0 -0.707099 -0.707115
    outer loop
      vertex 14.8 30.2 0.400391
      vertex 0.60039 30.6004 0
      vertex 14.3996 30.6004 0
    endloop
  endfacet
  facet normal 0.707099 0 -0.707115
    outer loop
      vertex 14.8 45.2 0.400391
      vertex 14.3996 30.6004 0
      vertex 14.3996 45.2 0
    endloop
  endfacet
  facet normal 0.707099 0 -0.707115
    outer loop
      vertex 14.3996 30.6004 0
      vertex 14.8 45.2 0.400391
      vertex 14.8 30.2 0.400391
    endloop
  endfacet
  facet normal 0.70689 -0.0242825 -0.706906
    outer loop
      vertex 14.4005 45.2262 0
      vertex 14.8 45.2 0.400391
      vertex 14.3996 45.2 0
    endloop
  endfacet
  facet normal 0.704072 -0.0674399 -0.706919
    outer loop
      vertex 14.403 45.2523 0
      vertex 14.8 45.2 0.400391
      vertex 14.4005 45.2262 0
    endloop
  endfacet
  facet normal 0.697655 -0.116276 -0.706935
    outer loop
      vertex 14.4073 45.2781 0
      vertex 14.8 45.2 0.400391
      vertex 14.403 45.2523 0
    endloop
  endfacet
  facet normal 0.688518 -0.162004 -0.706893
    outer loop
      vertex 14.4133 45.3036 0
      vertex 14.8 45.2 0.400391
      vertex 14.4073 45.2781 0
    endloop
  endfacet
  facet normal 0.676985 -0.204984 -0.706875
    outer loop
      vertex 14.4209 45.3287 0
      vertex 14.8 45.2 0.400391
      vertex 14.4133 45.3036 0
    endloop
  endfacet
  facet normal 0.662176 -0.248654 -0.706891
    outer loop
      vertex 14.4301 45.3532 0
      vertex 14.8 45.2 0.400391
      vertex 14.4209 45.3287 0
    endloop
  endfacet
  facet normal 0.64455 -0.291261 -0.70691
    outer loop
      vertex 14.4409 45.3771 0
      vertex 14.8 45.2 0.400391
      vertex 14.4301 45.3532 0
    endloop
  endfacet
  facet normal 0.623201 -0.334532 -0.706901
    outer loop
      vertex 14.4533 45.4002 0
      vertex 14.8 45.2 0.400391
      vertex 14.4409 45.3771 0
    endloop
  endfacet
  facet normal 0.600724 -0.373423 -0.706885
    outer loop
      vertex 14.4671 45.4224 0
      vertex 14.8 45.2 0.400391
      vertex 14.4533 45.4002 0
    endloop
  endfacet
  facet normal 0.575742 -0.410858 -0.706907
    outer loop
      vertex 14.4823 45.4437 0
      vertex 14.8 45.2 0.400391
      vertex 14.4671 45.4224 0
    endloop
  endfacet
  facet normal 0.54622 -0.449353 -0.706913
    outer loop
      vertex 14.499 45.464 0
      vertex 14.8 45.2 0.400391
      vertex 14.4823 45.4437 0
    endloop
  endfacet
  facet normal 0.516098 -0.483673 -0.706897
    outer loop
      vertex 14.5169 45.4831 0
      vertex 14.8 45.2 0.400391
      vertex 14.499 45.464 0
    endloop
  endfacet
  facet normal 0.483673 -0.516098 -0.706897
    outer loop
      vertex 14.536 45.501 0
      vertex 14.8 45.2 0.400391
      vertex 14.5169 45.4831 0
    endloop
  endfacet
  facet normal 0.449353 -0.54622 -0.706913
    outer loop
      vertex 14.5563 45.5177 0
      vertex 14.8 45.2 0.400391
      vertex 14.536 45.501 0
    endloop
  endfacet
  facet normal 0.410858 -0.575742 -0.706907
    outer loop
      vertex 14.5776 45.5329 0
      vertex 14.8 45.2 0.400391
      vertex 14.5563 45.5177 0
    endloop
  endfacet
  facet normal 0.373423 -0.600724 -0.706885
    outer loop
      vertex 14.5998 45.5467 0
      vertex 14.8 45.2 0.400391
      vertex 14.5776 45.5329 0
    endloop
  endfacet
  facet normal 0.334532 -0.623201 -0.706901
    outer loop
      vertex 14.6229 45.5591 0
      vertex 14.8 45.2 0.400391
      vertex 14.5998 45.5467 0
    endloop
  endfacet
  facet normal 0.291261 -0.64455 -0.70691
    outer loop
      vertex 14.6468 45.5699 0
      vertex 14.8 45.2 0.400391
      vertex 14.6229 45.5591 0
    endloop
  endfacet
  facet normal 0.248654 -0.662176 -0.706891
    outer loop
      vertex 14.6713 45.5791 0
      vertex 14.8 45.2 0.400391
      vertex 14.6468 45.5699 0
    endloop
  endfacet
  facet normal 0.204984 -0.676985 -0.706875
    outer loop
      vertex 14.6964 45.5867 0
      vertex 14.8 45.2 0.400391
      vertex 14.6713 45.5791 0
    endloop
  endfacet
  facet normal 0.162004 -0.688518 -0.706893
    outer loop
      vertex 14.7219 45.5927 0
      vertex 14.8 45.2 0.400391
      vertex 14.6964 45.5867 0
    endloop
  endfacet
  facet normal 0.116276 -0.697655 -0.706935
    outer loop
      vertex 14.7477 45.597 0
      vertex 14.8 45.2 0.400391
      vertex 14.7219 45.5927 0
    endloop
  endfacet
  facet normal 0.0674399 -0.704072 -0.706919
    outer loop
      vertex 14.7738 45.5995 0
      vertex 14.8 45.2 0.400391
      vertex 14.7477 45.597 0
    endloop
  endfacet
  facet normal 0.0242825 -0.70689 -0.706906
    outer loop
      vertex 14.8 45.6004 0
      vertex 14.8 45.2 0.400391
      vertex 14.7738 45.5995 0
    endloop
  endfacet
  facet normal -0 -0.707099 -0.707115
    outer loop
      vertex 29.3996 45.6004 0
      vertex 14.8 45.2 0.400391
      vertex 14.8 45.6004 0
    endloop
  endfacet
  facet normal 0 -0.707099 -0.707115
    outer loop
      vertex 14.8 45.2 0.400391
      vertex 29.3996 45.6004 0
      vertex 29.8 45.2 0.400391
    endloop
  endfacet
  facet normal 0.707099 0 -0.707115
    outer loop
      vertex 29.8 60.2 0.400391
      vertex 29.3996 45.6004 0
      vertex 29.3996 60.2 0
    endloop
  endfacet
  facet normal 0.707099 0 -0.707115
    outer loop
      vertex 29.3996 45.6004 0
      vertex 29.8 60.2 0.400391
      vertex 29.8 45.2 0.400391
    endloop
  endfacet
  facet normal 0.70689 -0.0242825 -0.706906
    outer loop
      vertex 29.4005 60.2262 0
      vertex 29.8 60.2 0.400391
      vertex 29.3996 60.2 0
    endloop
  endfacet
  facet normal 0.704072 -0.0674399 -0.706919
    outer loop
      vertex 29.403 60.2523 0
      vertex 29.8 60.2 0.400391
      vertex 29.4005 60.2262 0
    endloop
  endfacet
  facet normal 0.697655 -0.116276 -0.706935
    outer loop
      vertex 29.4073 60.2781 0
      vertex 29.8 60.2 0.400391
      vertex 29.403 60.2523 0
    endloop
  endfacet
  facet normal 0.688518 -0.162004 -0.706893
    outer loop
      vertex 29.4133 60.3036 0
      vertex 29.8 60.2 0.400391
      vertex 29.4073 60.2781 0
    endloop
  endfacet
  facet normal 0.676985 -0.204984 -0.706875
    outer loop
      vertex 29.4209 60.3287 0
      vertex 29.8 60.2 0.400391
      vertex 29.4133 60.3036 0
    endloop
  endfacet
  facet normal 0.662176 -0.248654 -0.706891
    outer loop
      vertex 29.4301 60.3532 0
      vertex 29.8 60.2 0.400391
      vertex 29.4209 60.3287 0
    endloop
  endfacet
  facet normal 0.64455 -0.291261 -0.70691
    outer loop
      vertex 29.4409 60.3771 0
      vertex 29.8 60.2 0.400391
      vertex 29.4301 60.3532 0
    endloop
  endfacet
  facet normal 0.623201 -0.334532 -0.706901
    outer loop
      vertex 29.4533 60.4002 0
      vertex 29.8 60.2 0.400391
      vertex 29.4409 60.3771 0
    endloop
  endfacet
  facet normal 0.600724 -0.373423 -0.706885
    outer loop
      vertex 29.4671 60.4224 0
      vertex 29.8 60.2 0.400391
      vertex 29.4533 60.4002 0
    endloop
  endfacet
  facet normal 0.575742 -0.410858 -0.706907
    outer loop
      vertex 29.4823 60.4437 0
      vertex 29.8 60.2 0.400391
      vertex 29.4671 60.4224 0
    endloop
  endfacet
  facet normal 0.54622 -0.449353 -0.706913
    outer loop
      vertex 29.499 60.464 0
      vertex 29.8 60.2 0.400391
      vertex 29.4823 60.4437 0
    endloop
  endfacet
  facet normal 0.516098 -0.483673 -0.706897
    outer loop
      vertex 29.5169 60.4831 0
      vertex 29.8 60.2 0.400391
      vertex 29.499 60.464 0
    endloop
  endfacet
  facet normal 0.483673 -0.516098 -0.706897
    outer loop
      vertex 29.536 60.501 0
      vertex 29.8 60.2 0.400391
      vertex 29.5169 60.4831 0
    endloop
  endfacet
  facet normal 0.449353 -0.54622 -0.706913
    outer loop
      vertex 29.5563 60.5177 0
      vertex 29.8 60.2 0.400391
      vertex 29.536 60.501 0
    endloop
  endfacet
  facet normal 0.410858 -0.575742 -0.706907
    outer loop
      vertex 29.5776 60.5329 0
      vertex 29.8 60.2 0.400391
      vertex 29.5563 60.5177 0
    endloop
  endfacet
  facet normal 0.373423 -0.600724 -0.706885
    outer loop
      vertex 29.5998 60.5467 0
      vertex 29.8 60.2 0.400391
      vertex 29.5776 60.5329 0
    endloop
  endfacet
  facet normal 0.334532 -0.623201 -0.706901
    outer loop
      vertex 29.6229 60.5591 0
      vertex 29.8 60.2 0.400391
      vertex 29.5998 60.5467 0
    endloop
  endfacet
  facet normal 0.291261 -0.64455 -0.70691
    outer loop
      vertex 29.6468 60.5699 0
      vertex 29.8 60.2 0.400391
      vertex 29.6229 60.5591 0
    endloop
  endfacet
  facet normal 0.248654 -0.662176 -0.706891
    outer loop
      vertex 29.6713 60.5791 0
      vertex 29.8 60.2 0.400391
      vertex 29.6468 60.5699 0
    endloop
  endfacet
  facet normal 0.204984 -0.676985 -0.706875
    outer loop
      vertex 29.6964 60.5867 0
      vertex 29.8 60.2 0.400391
      vertex 29.6713 60.5791 0
    endloop
  endfacet
  facet normal 0.162004 -0.688518 -0.706893
    outer loop
      vertex 29.7219 60.5927 0
      vertex 29.8 60.2 0.400391
      vertex 29.6964 60.5867 0
    endloop
  endfacet
  facet normal 0.116276 -0.697655 -0.706935
    outer loop
      vertex 29.7477 60.597 0
      vertex 29.8 60.2 0.400391
      vertex 29.7219 60.5927 0
    endloop
  endfacet
  facet normal 0.0674399 -0.704072 -0.706919
    outer loop
      vertex 29.7738 60.5995 0
      vertex 29.8 60.2 0.400391
      vertex 29.7477 60.597 0
    endloop
  endfacet
  facet normal 0.0242825 -0.70689 -0.706906
    outer loop
      vertex 29.8 60.6004 0
      vertex 29.8 60.2 0.400391
      vertex 29.7738 60.5995 0
    endloop
  endfacet
  facet normal -0 -0.707099 -0.707115
    outer loop
      vertex 44.3996 60.6004 0
      vertex 29.8 60.2 0.400391
      vertex 29.8 60.6004 0
    endloop
  endfacet
  facet normal 0 -0.707099 -0.707115
    outer loop
      vertex 29.8 60.2 0.400391
      vertex 44.3996 60.6004 0
      vertex 44.8 60.2 0.400391
    endloop
  endfacet
  facet normal 0.707099 0 -0.707115
    outer loop
      vertex 44.8 74.8 0.400391
      vertex 44.3996 60.6004 0
      vertex 44.3996 74.3996 0
    endloop
  endfacet
  facet normal 0.707099 0 -0.707115
    outer loop
      vertex 44.3996 60.6004 0
      vertex 44.8 74.8 0.400391
      vertex 44.8 60.2 0.400391
    endloop
  endfacet
  facet normal 0 0.707099 -0.707115
    outer loop
      vertex 44.3996 74.3996 0
      vertex 0.2 74.8 0.400391
      vertex 44.8 74.8 0.400391
    endloop
  endfacet
  facet normal 0 0.707099 -0.707115
    outer loop
      vertex 0.2 74.8 0.400391
      vertex 44.3996 74.3996 0
      vertex 0.60039 74.3996 0
    endloop
  endfacet
  facet normal -0.707108 0 -0.707106
    outer loop
      vertex 0.60039 30.6004 0
      vertex 0.2 74.8 0.400391
      vertex 0.60039 74.3996 0
    endloop
  endfacet
  facet normal -0.707108 -0 -0.707106
    outer loop
      vertex 0.2 74.8 0.400391
      vertex 0.60039 30.6004 0
      vertex 0.2 30.2 0.400391
    endloop
  endfacet
  facet normal 0 0 -1
    outer loop
      vertex 14.3996 30.6004 0
      vertex 0.60039 30.6004 0
      vertex 14.3996 45.2 0
    endloop
  endfacet
  facet normal 0 0 -1
    outer loop
      vertex 29.3996 45.6004 0
      vertex 14.8 45.6004 0
      vertex 29.3996 60.2 0
    endloop
  endfacet
  facet normal 0 0 -1
    outer loop
      vertex 29.8 60.6004 0
      vertex 44.3996 74.3996 0
      vertex 44.3996 60.6004 0
    endloop
  endfacet
  facet normal 0 0 -1
    outer loop
      vertex 29.7738 60.5995 0
      vertex 44.3996 74.3996 0
      vertex 29.8 60.6004 0
    endloop
  endfacet
  facet normal 0 0 -1
    outer loop
      vertex 29.7477 60.597 0
      vertex 44.3996 74.3996 0
      vertex 29.7738 60.5995 0
    endloop
  endfacet
  facet normal 0 0 -1
    outer loop
      vertex 29.7219 60.5927 0
      vertex 44.3996 74.3996 0
      vertex 29.7477 60.597 0
    endloop
  endfacet
  facet normal 0 0 -1
    outer loop
      vertex 29.6964 60.5867 0
      vertex 44.3996 74.3996 0
      vertex 29.7219 60.5927 0
    endloop
  endfacet
  facet normal 0 0 -1
    outer loop
      vertex 29.6713 60.5791 0
      vertex 44.3996 74.3996 0
      vertex 29.6964 60.5867 0
    endloop
  endfacet
  facet normal 0 0 -1
    outer loop
      vertex 0.60039 74.3996 0
      vertex 29.6713 60.5791 0
      vertex 29.6468 60.5699 0
    endloop
  endfacet
  facet normal 0 0 -1
    outer loop
      vertex 0.60039 74.3996 0
      vertex 29.6468 60.5699 0
      vertex 29.6229 60.5591 0
    endloop
  endfacet
  facet normal 0 0 -1
    outer loop
      vertex 0.60039 74.3996 0
      vertex 29.6229 60.5591 0
      vertex 29.5998 60.5467 0
    endloop
  endfacet
  facet normal 0 0 -1
    outer loop
      vertex 0.60039 74.3996 0
      vertex 29.5998 60.5467 0
      vertex 29.5776 60.5329 0
    endloop
  endfacet
  facet normal 0 0 -1
    outer loop
      vertex 0.60039 74.3996 0
      vertex 29.5776 60.5329 0
      vertex 29.5563 60.5177 0
    endloop
  endfacet
  facet normal 0 0 -1
    outer loop
      vertex 0.60039 74.3996 0
      vertex 29.5563 60.5177 0
      vertex 29.536 60.501 0
    endloop
  endfacet
  facet normal 0 0 -1
    outer loop
      vertex 14.8 45.6004 0
      vertex 29.4005 60.2262 0
      vertex 29.3996 60.2 0
    endloop
  endfacet
  facet normal 0 0 -1
    outer loop
      vertex 14.7738 45.5995 0
      vertex 29.4005 60.2262 0
      vertex 14.8 45.6004 0
    endloop
  endfacet
  facet normal -0 0 -1
    outer loop
      vertex 29.4005 60.2262 0
      vertex 14.7738 45.5995 0
      vertex 29.403 60.2523 0
    endloop
  endfacet
  facet normal 0 0 -1
    outer loop
      vertex 14.7477 45.597 0
      vertex 29.403 60.2523 0
      vertex 14.7738 45.5995 0
    endloop
  endfacet
  facet normal 0 0 -1
    outer loop
      vertex 0.60039 74.3996 0
      vertex 29.403 60.2523 0
      vertex 14.7477 45.597 0
    endloop
  endfacet
  facet normal 0 0 -1
    outer loop
      vertex 29.403 60.2523 0
      vertex 0.60039 74.3996 0
      vertex 29.4073 60.2781 0
    endloop
  endfacet
  facet normal 0 0 -1
    outer loop
      vertex 29.4073 60.2781 0
      vertex 0.60039 74.3996 0
      vertex 29.4133 60.3036 0
    endloop
  endfacet
  facet normal 0 0 -1
    outer loop
      vertex 29.4133 60.3036 0
      vertex 0.60039 74.3996 0
      vertex 29.4209 60.3287 0
    endloop
  endfacet
  facet normal 0 0 -1
    outer loop
      vertex 29.4209 60.3287 0
      vertex 0.60039 74.3996 0
      vertex 29.4301 60.3532 0
    endloop
  endfacet
  facet normal 0 0 -1
    outer loop
      vertex 29.4301 60.3532 0
      vertex 0.60039 74.3996 0
      vertex 29.4409 60.3771 0
    endloop
  endfacet
  facet normal 0 0 -1
    outer loop
      vertex 29.4409 60.3771 0
      vertex 0.60039 74.3996 0
      vertex 29.4533 60.4002 0
    endloop
  endfacet
  facet normal 0 0 -1
    outer loop
      vertex 29.4533 60.4002 0
      vertex 0.60039 74.3996 0
      vertex 29.4671 60.4224 0
    endloop
  endfacet
  facet normal 0 0 -1
    outer loop
      vertex 29.4671 60.4224 0
      vertex 0.60039 74.3996 0
      vertex 29.4823 60.4437 0
    endloop
  endfacet
  facet normal 0 0 -1
    outer loop
      vertex 29.4823 60.4437 0
      vertex 0.60039 74.3996 0
      vertex 29.499 60.464 0
    endloop
  endfacet
  facet normal 0 0 -1
    outer loop
      vertex 0.60039 74.3996 0
      vertex 14.7477 45.597 0
      vertex 14.7219 45.5927 0
    endloop
  endfacet
  facet normal 0 0 -1
    outer loop
      vertex 0.60039 74.3996 0
      vertex 14.7219 45.5927 0
      vertex 14.6964 45.5867 0
    endloop
  endfacet
  facet normal 0 0 -1
    outer loop
      vertex 0.60039 74.3996 0
      vertex 14.6964 45.5867 0
      vertex 14.6713 45.5791 0
    endloop
  endfacet
  facet normal 0 0 -1
    outer loop
      vertex 0.60039 74.3996 0
      vertex 14.6713 45.5791 0
      vertex 14.6468 45.5699 0
    endloop
  endfacet
  facet normal 0 0 -1
    outer loop
      vertex 0.60039 74.3996 0
      vertex 14.6468 45.5699 0
      vertex 14.6229 45.5591 0
    endloop
  endfacet
  facet normal 0 0 -1
    outer loop
      vertex 0.60039 74.3996 0
      vertex 14.6229 45.5591 0
      vertex 14.5998 45.5467 0
    endloop
  endfacet
  facet normal 0 0 -1
    outer loop
      vertex 0.60039 74.3996 0
      vertex 14.5998 45.5467 0
      vertex 14.5776 45.5329 0
    endloop
  endfacet
  facet normal 0 0 -1
    outer loop
      vertex 0.60039 74.3996 0
      vertex 14.5776 45.5329 0
      vertex 14.5563 45.5177 0
    endloop
  endfacet
  facet normal 0 0 -1
    outer loop
      vertex 0.60039 74.3996 0
      vertex 14.5563 45.5177 0
      vertex 14.536 45.501 0
    endloop
  endfacet
  facet normal 0 0 -1
    outer loop
      vertex 0.60039 74.3996 0
      vertex 14.536 45.501 0
      vertex 14.5169 45.4831 0
    endloop
  endfacet
  facet normal 0 0 -1
    outer loop
      vertex 0.60039 30.6004 0
      vertex 14.4005 45.2262 0
      vertex 14.3996 45.2 0
    endloop
  endfacet
  facet normal 0 0 -1
    outer loop
      vertex 0.60039 30.6004 0
      vertex 14.403 45.2523 0
      vertex 14.4005 45.2262 0
    endloop
  endfacet
  facet normal 0 0 -1
    outer loop
      vertex 0.60039 30.6004 0
      vertex 14.4073 45.2781 0
      vertex 14.403 45.2523 0
    endloop
  endfacet
  facet normal 0 0 -1
    outer loop
      vertex 0.60039 30.6004 0
      vertex 14.4133 45.3036 0
      vertex 14.4073 45.2781 0
    endloop
  endfacet
  facet normal 0 0 -1
    outer loop
      vertex 0.60039 30.6004 0
      vertex 14.4209 45.3287 0
      vertex 14.4133 45.3036 0
    endloop
  endfacet
  facet normal 0 0 -1
    outer loop
      vertex 0.60039 74.3996 0
      vertex 14.4209 45.3287 0
      vertex 0.60039 30.6004 0
    endloop
  endfacet
  facet normal 0 0 -1
    outer loop
      vertex 14.4209 45.3287 0
      vertex 0.60039 74.3996 0
      vertex 14.4301 45.3532 0
    endloop
  endfacet
  facet normal 0 0 -1
    outer loop
      vertex 14.4301 45.3532 0
      vertex 0.60039 74.3996 0
      vertex 14.4409 45.3771 0
    endloop
  endfacet
  facet normal 0 0 -1
    outer loop
      vertex 14.4409 45.3771 0
      vertex 0.60039 74.3996 0
      vertex 14.4533 45.4002 0
    endloop
  endfacet
  facet normal 0 0 -1
    outer loop
      vertex 14.4533 45.4002 0
      vertex 0.60039 74.3996 0
      vertex 14.4671 45.4224 0
    endloop
  endfacet
  facet normal 0 0 -1
    outer loop
      vertex 14.4671 45.4224 0
      vertex 0.60039 74.3996 0
      vertex 14.4823 45.4437 0
    endloop
  endfacet
  facet normal 0 0 -1
    outer loop
      vertex 29.6713 60.5791 0
      vertex 0.60039 74.3996 0
      vertex 44.3996 74.3996 0
    endloop
  endfacet
  facet normal 0 0 -1
    outer loop
      vertex 29.5169 60.4831 0
      vertex 0.60039 74.3996 0
      vertex 29.536 60.501 0
    endloop
  endfacet
  facet normal 0 0 -1
    outer loop
      vertex 29.499 60.464 0
      vertex 0.60039 74.3996 0
      vertex 29.5169 60.4831 0
    endloop
  endfacet
  facet normal 0 0 -1
    outer loop
      vertex 14.499 45.464 0
      vertex 0.60039 74.3996 0
      vertex 14.5169 45.4831 0
    endloop
  endfacet
  facet normal 0 0 -1
    outer loop
      vertex 14.4823 45.4437 0
      vertex 0.60039 74.3996 0
      vertex 14.499 45.464 0
    endloop
  endfacet
  facet normal 0 -0.707098 0.707116
    outer loop
      vertex 0.2 30.2 1.59961
      vertex 14.3996 30.6004 2
      vertex 0.60039 30.6004 2
    endloop
  endfacet
  facet normal 0 -0.707098 0.707116
    outer loop
      vertex 14.3996 30.6004 2
      vertex 0.2 30.2 1.59961
      vertex 14.8 30.2 1.59961
    endloop
  endfacet
  facet normal 0.707098 -0 0.707116
    outer loop
      vertex 14.3996 30.6004 2
      vertex 14.8 45.2 1.59961
      vertex 14.3996 45.2 2
    endloop
  endfacet
  facet normal 0.707098 0 0.707116
    outer loop
      vertex 14.8 45.2 1.59961
      vertex 14.3996 30.6004 2
      vertex 14.8 30.2 1.59961
    endloop
  endfacet
  facet normal 0.706889 -0.0242825 0.706907
    outer loop
      vertex 14.8 45.2 1.59961
      vertex 14.4005 45.2262 2
      vertex 14.3996 45.2 2
    endloop
  endfacet
  facet normal 0.704072 -0.0674398 0.706919
    outer loop
      vertex 14.8 45.2 1.59961
      vertex 14.403 45.2523 2
      vertex 14.4005 45.2262 2
    endloop
  endfacet
  facet normal 0.697654 -0.116276 0.706936
    outer loop
      vertex 14.8 45.2 1.59961
      vertex 14.4073 45.2781 2
      vertex 14.403 45.2523 2
    endloop
  endfacet
  facet normal 0.688517 -0.162004 0.706894
    outer loop
      vertex 14.8 45.2 1.59961
      vertex 14.4133 45.3036 2
      vertex 14.4073 45.2781 2
    endloop
  endfacet
  facet normal 0.676984 -0.204983 0.706876
    outer loop
      vertex 14.8 45.2 1.59961
      vertex 14.4209 45.3287 2
      vertex 14.4133 45.3036 2
    endloop
  endfacet
  facet normal 0.662175 -0.248654 0.706891
    outer loop
      vertex 14.8 45.2 1.59961
      vertex 14.4301 45.3532 2
      vertex 14.4209 45.3287 2
    endloop
  endfacet
  facet normal 0.64455 -0.291261 0.706911
    outer loop
      vertex 14.8 45.2 1.59961
      vertex 14.4409 45.3771 2
      vertex 14.4301 45.3532 2
    endloop
  endfacet
  facet normal 0.6232 -0.334531 0.706902
    outer loop
      vertex 14.8 45.2 1.59961
      vertex 14.4533 45.4002 2
      vertex 14.4409 45.3771 2
    endloop
  endfacet
  facet normal 0.600723 -0.373423 0.706886
    outer loop
      vertex 14.8 45.2 1.59961
      vertex 14.4671 45.4224 2
      vertex 14.4533 45.4002 2
    endloop
  endfacet
  facet normal 0.575741 -0.410857 0.706908
    outer loop
      vertex 14.8 45.2 1.59961
      vertex 14.4823 45.4437 2
      vertex 14.4671 45.4224 2
    endloop
  endfacet
  facet normal 0.546219 -0.449353 0.706914
    outer loop
      vertex 14.8 45.2 1.59961
      vertex 14.499 45.464 2
      vertex 14.4823 45.4437 2
    endloop
  endfacet
  facet normal 0.516097 -0.483672 0.706898
    outer loop
      vertex 14.8 45.2 1.59961
      vertex 14.5169 45.4831 2
      vertex 14.499 45.464 2
    endloop
  endfacet
  facet normal 0.483672 -0.516097 0.706898
    outer loop
      vertex 14.8 45.2 1.59961
      vertex 14.536 45.501 2
      vertex 14.5169 45.4831 2
    endloop
  endfacet
  facet normal 0.449353 -0.546219 0.706914
    outer loop
      vertex 14.8 45.2 1.59961
      vertex 14.5563 45.5177 2
      vertex 14.536 45.501 2
    endloop
  endfacet
  facet normal 0.410857 -0.575741 0.706908
    outer loop
      vertex 14.8 45.2 1.59961
      vertex 14.5776 45.5329 2
      vertex 14.5563 45.5177 2
    endloop
  endfacet
  facet normal 0.373423 -0.600723 0.706886
    outer loop
      vertex 14.8 45.2 1.59961
      vertex 14.5998 45.5467 2
      vertex 14.5776 45.5329 2
    endloop
  endfacet
  facet normal 0.334531 -0.6232 0.706902
    outer loop
      vertex 14.8 45.2 1.59961
      vertex 14.6229 45.5591 2
      vertex 14.5998 45.5467 2
    endloop
  endfacet
  facet normal 0.291261 -0.64455 0.706911
    outer loop
      vertex 14.8 45.2 1.59961
      vertex 14.6468 45.5699 2
      vertex 14.6229 45.5591 2
    endloop
  endfacet
  facet normal 0.248654 -0.662175 0.706891
    outer loop
      vertex 14.8 45.2 1.59961
      vertex 14.6713 45.5791 2
      vertex 14.6468 45.5699 2
    endloop
  endfacet
  facet normal 0.204983 -0.676984 0.706876
    outer loop
      vertex 14.8 45.2 1.59961
      vertex 14.6964 45.5867 2
      vertex 14.6713 45.5791 2
    endloop
  endfacet
  facet normal 0.162004 -0.688517 0.706894
    outer loop
      vertex 14.8 45.2 1.59961
      vertex 14.7219 45.5927 2
      vertex 14.6964 45.5867 2
    endloop
  endfacet
  facet normal 0.116276 -0.697654 0.706936
    outer loop
      vertex 14.8 45.2 1.59961
      vertex 14.7477 45.597 2
      vertex 14.7219 45.5927 2
    endloop
  endfacet
  facet normal 0.0674398 -0.704072 0.706919
    outer loop
      vertex 14.8 45.2 1.59961
      vertex 14.7738 45.5995 2
      vertex 14.7477 45.597 2
    endloop
  endfacet
  facet normal 0.0242825 -0.706889 0.706907
    outer loop
      vertex 14.8 45.2 1.59961
      vertex 14.8 45.6004 2
      vertex 14.7738 45.5995 2
    endloop
  endfacet
  facet normal 0 -0.707098 0.707116
    outer loop
      vertex 14.8 45.2 1.59961
      vertex 29.3996 45.6004 2
      vertex 14.8 45.6004 2
    endloop
  endfacet
  facet normal 0 -0.707098 0.707116
    outer loop
      vertex 29.3996 45.6004 2
      vertex 14.8 45.2 1.59961
      vertex 29.8 45.2 1.59961
    endloop
  endfacet
  facet normal 0.707098 -0 0.707116
    outer loop
      vertex 29.3996 45.6004 2
      vertex 29.8 60.2 1.59961
      vertex 29.3996 60.2 2
    endloop
  endfacet
  facet normal 0.707098 0 0.707116
    outer loop
      vertex 29.8 60.2 1.59961
      vertex 29.3996 45.6004 2
      vertex 29.8 45.2 1.59961
    endloop
  endfacet
  facet normal 0.706889 -0.0242825 0.706907
    outer loop
      vertex 29.8 60.2 1.59961
      vertex 29.4005 60.2262 2
      vertex 29.3996 60.2 2
    endloop
  endfacet
  facet normal 0.704072 -0.0674398 0.706919
    outer loop
      vertex 29.8 60.2 1.59961
      vertex 29.403 60.2523 2
      vertex 29.4005 60.2262 2
    endloop
  endfacet
  facet normal 0.697654 -0.116276 0.706936
    outer loop
      vertex 29.8 60.2 1.59961
      vertex 29.4073 60.2781 2
      vertex 29.403 60.2523 2
    endloop
  endfacet
  facet normal 0.688517 -0.162004 0.706894
    outer loop
      vertex 29.8 60.2 1.59961
      vertex 29.4133 60.3036 2
      vertex 29.4073 60.2781 2
    endloop
  endfacet
  facet normal 0.676984 -0.204983 0.706876
    outer loop
      vertex 29.8 60.2 1.59961
      vertex 29.4209 60.3287 2
      vertex 29.4133 60.3036 2
    endloop
  endfacet
  facet normal 0.662175 -0.248654 0.706891
    outer loop
      vertex 29.8 60.2 1.59961
      vertex 29.4301 60.3532 2
      vertex 29.4209 60.3287 2
    endloop
  endfacet
  facet normal 0.64455 -0.291261 0.706911
    outer loop
      vertex 29.8 60.2 1.59961
      vertex 29.4409 60.3771 2
      vertex 29.4301 60.3532 2
    endloop
  endfacet
  facet normal 0.6232 -0.334531 0.706902
    outer loop
      vertex 29.8 60.2 1.59961
      vertex 29.4533 60.4002 2
      vertex 29.4409 60.3771 2
    endloop
  endfacet
  facet normal 0.600723 -0.373423 0.706886
    outer loop
      vertex 29.8 60.2 1.59961
      vertex 29.4671 60.4224 2
      vertex 29.4533 60.4002 2
    endloop
  endfacet
  facet normal 0.575741 -0.410857 0.706908
    outer loop
      vertex 29.8 60.2 1.59961
      vertex 29.4823 60.4437 2
      vertex 29.4671 60.4224 2
    endloop
  endfacet
  facet normal 0.546219 -0.449353 0.706914
    outer loop
      vertex 29.8 60.2 1.59961
      vertex 29.499 60.464 2
      vertex 29.4823 60.4437 2
    endloop
  endfacet
  facet normal 0.516097 -0.483672 0.706898
    outer loop
      vertex 29.8 60.2 1.59961
      vertex 29.5169 60.4831 2
      vertex 29.499 60.464 2
    endloop
  endfacet
  facet normal 0.483672 -0.516097 0.706898
    outer loop
      vertex 29.8 60.2 1.59961
      vertex 29.536 60.501 2
      vertex 29.5169 60.4831 2
    endloop
  endfacet
  facet normal 0.449353 -0.546219 0.706914
    outer loop
      vertex 29.8 60.2 1.59961
      vertex 29.5563 60.5177 2
      vertex 29.536 60.501 2
    endloop
  endfacet
  facet normal 0.410857 -0.575741 0.706908
    outer loop
      vertex 29.8 60.2 1.59961
      vertex 29.5776 60.5329 2
      vertex 29.5563 60.5177 2
    endloop
  endfacet
  facet normal 0.373423 -0.600723 0.706886
    outer loop
      vertex 29.8 60.2 1.59961
      vertex 29.5998 60.5467 2
      vertex 29.5776 60.5329 2
    endloop
  endfacet
  facet normal 0.334531 -0.6232 0.706902
    outer loop
      vertex 29.8 60.2 1.59961
      vertex 29.6229 60.5591 2
      vertex 29.5998 60.5467 2
    endloop
  endfacet
  facet normal 0.291261 -0.64455 0.706911
    outer loop
      vertex 29.8 60.2 1.59961
      vertex 29.6468 60.5699 2
      vertex 29.6229 60.5591 2
    endloop
  endfacet
  facet normal 0.248654 -0.662175 0.706891
    outer loop
      vertex 29.8 60.2 1.59961
      vertex 29.6713 60.5791 2
      vertex 29.6468 60.5699 2
    endloop
  endfacet
  facet normal 0.204983 -0.676984 0.706876
    outer loop
      vertex 29.8 60.2 1.59961
      vertex 29.6964 60.5867 2
      vertex 29.6713 60.5791 2
    endloop
  endfacet
  facet normal 0.162004 -0.688517 0.706894
    outer loop
      vertex 29.8 60.2 1.59961
      vertex 29.7219 60.5927 2
      vertex 29.6964 60.5867 2
    endloop
  endfacet
  facet normal 0.116276 -0.697654 0.706936
    outer loop
      vertex 29.8 60.2 1.59961
      vertex 29.7477 60.597 2
      vertex 29.7219 60.5927 2
    endloop
  endfacet
  facet normal 0.0674398 -0.704072 0.706919
    outer loop
      vertex 29.8 60.2 1.59961
      vertex 29.7738 60.5995 2
      vertex 29.7477 60.597 2
    endloop
  endfacet
  facet normal 0.0242825 -0.706889 0.706907
    outer loop
      vertex 29.8 60.2 1.59961
      vertex 29.8 60.6004 2
      vertex 29.7738 60.5995 2
    endloop
  endfacet
  facet normal 0 -0.707098 0.707116
    outer loop
      vertex 29.8 60.2 1.59961
      vertex 44.3996 60.6004 2
      vertex 29.8 60.6004 2
    endloop
  endfacet
  facet normal 0 -0.707098 0.707116
    outer loop
      vertex 44.3996 60.6004 2
      vertex 29.8 60.2 1.59961
      vertex 44.8 60.2 1.59961
    endloop
  endfacet
  facet normal 0.707098 -0 0.707116
    outer loop
      vertex 44.3996 60.6004 2
      vertex 44.8 74.8 1.59961
      vertex 44.3996 74.3996 2
    endloop
  endfacet
  facet normal 0.707098 0 0.707116
    outer loop
      vertex 44.8 74.8 1.59961
      vertex 44.3996 60.6004 2
      vertex 44.8 60.2 1.59961
    endloop
  endfacet
  facet normal 0 0.707098 0.707116
    outer loop
      vertex 44.8 74.8 1.59961
      vertex 0.60039 74.3996 2
      vertex 44.3996 74.3996 2
    endloop
  endfacet
  facet normal 0 0.707098 0.707116
    outer loop
      vertex 0.60039 74.3996 2
      vertex 44.8 74.8 1.59961
      vertex 0.2 74.8 1.59961
    endloop
  endfacet
  facet normal -0.707107 0 0.707107
    outer loop
      vertex 0.2 74.8 1.59961
      vertex 0.60039 30.6004 2
      vertex 0.60039 74.3996 2
    endloop
  endfacet
  facet normal -0.707107 0 0.707107
    outer loop
      vertex 0.60039 30.6004 2
      vertex 0.2 74.8 1.59961
      vertex 0.2 30.2 1.59961
    endloop
  endfacet
  facet normal 0 0 1
    outer loop
      vertex 44.3996 74.3996 2
      vertex 29.8 60.6004 2
      vertex 44.3996 60.6004 2
    endloop
  endfacet
  facet normal 0 0 1
    outer loop
      vertex 44.3996 74.3996 2
      vertex 29.7738 60.5995 2
      vertex 29.8 60.6004 2
    endloop
  endfacet
  facet normal 0 0 1
    outer loop
      vertex 44.3996 74.3996 2
      vertex 29.7477 60.597 2
      vertex 29.7738 60.5995 2
    endloop
  endfacet
  facet normal 0 0 1
    outer loop
      vertex 44.3996 74.3996 2
      vertex 29.7219 60.5927 2
      vertex 29.7477 60.597 2
    endloop
  endfacet
  facet normal 0 0 1
    outer loop
      vertex 44.3996 74.3996 2
      vertex 29.6964 60.5867 2
      vertex 29.7219 60.5927 2
    endloop
  endfacet
  facet normal 0 0 1
    outer loop
      vertex 44.3996 74.3996 2
      vertex 29.6713 60.5791 2
      vertex 29.6964 60.5867 2
    endloop
  endfacet
  facet normal -0 0 1
    outer loop
      vertex 0.60039 74.3996 2
      vertex 29.6713 60.5791 2
      vertex 44.3996 74.3996 2
    endloop
  endfacet
  facet normal 0 0 1
    outer loop
      vertex 29.6713 60.5791 2
      vertex 0.60039 74.3996 2
      vertex 29.6468 60.5699 2
    endloop
  endfacet
  facet normal 0 0 1
    outer loop
      vertex 29.6468 60.5699 2
      vertex 0.60039 74.3996 2
      vertex 29.6229 60.5591 2
    endloop
  endfacet
  facet normal 0 0 1
    outer loop
      vertex 29.6229 60.5591 2
      vertex 0.60039 74.3996 2
      vertex 29.5998 60.5467 2
    endloop
  endfacet
  facet normal 0 0 1
    outer loop
      vertex 29.5998 60.5467 2
      vertex 0.60039 74.3996 2
      vertex 29.5776 60.5329 2
    endloop
  endfacet
  facet normal 0 0 1
    outer loop
      vertex 29.5776 60.5329 2
      vertex 0.60039 74.3996 2
      vertex 29.5563 60.5177 2
    endloop
  endfacet
  facet normal 0 0 1
    outer loop
      vertex 29.3996 60.2 2
      vertex 14.8 45.6004 2
      vertex 29.3996 45.6004 2
    endloop
  endfacet
  facet normal 0 0 1
    outer loop
      vertex 29.4005 60.2262 2
      vertex 14.8 45.6004 2
      vertex 29.3996 60.2 2
    endloop
  endfacet
  facet normal 0 0 1
    outer loop
      vertex 14.7738 45.5995 2
      vertex 29.4005 60.2262 2
      vertex 29.403 60.2523 2
    endloop
  endfacet
  facet normal 0 0 1
    outer loop
      vertex 0.60039 74.3996 2
      vertex 29.403 60.2523 2
      vertex 29.4073 60.2781 2
    endloop
  endfacet
  facet normal 0 0 1
    outer loop
      vertex 0.60039 74.3996 2
      vertex 29.4073 60.2781 2
      vertex 29.4133 60.3036 2
    endloop
  endfacet
  facet normal 0 0 1
    outer loop
      vertex 0.60039 74.3996 2
      vertex 29.4133 60.3036 2
      vertex 29.4209 60.3287 2
    endloop
  endfacet
  facet normal 0 0 1
    outer loop
      vertex 0.60039 74.3996 2
      vertex 29.4209 60.3287 2
      vertex 29.4301 60.3532 2
    endloop
  endfacet
  facet normal 0 0 1
    outer loop
      vertex 0.60039 74.3996 2
      vertex 29.4301 60.3532 2
      vertex 29.4409 60.3771 2
    endloop
  endfacet
  facet normal 0 0 1
    outer loop
      vertex 0.60039 74.3996 2
      vertex 29.4409 60.3771 2
      vertex 29.4533 60.4002 2
    endloop
  endfacet
  facet normal 0 0 1
    outer loop
      vertex 0.60039 74.3996 2
      vertex 29.4533 60.4002 2
      vertex 29.4671 60.4224 2
    endloop
  endfacet
  facet normal 0 0 1
    outer loop
      vertex 0.60039 74.3996 2
      vertex 29.4671 60.4224 2
      vertex 29.4823 60.4437 2
    endloop
  endfacet
  facet normal 0 0 1
    outer loop
      vertex 0.60039 74.3996 2
      vertex 29.4823 60.4437 2
      vertex 29.499 60.464 2
    endloop
  endfacet
  facet normal 0 0 1
    outer loop
      vertex 0.60039 74.3996 2
      vertex 29.499 60.464 2
      vertex 29.5169 60.4831 2
    endloop
  endfacet
  facet normal 0 0 1
    outer loop
      vertex 29.4005 60.2262 2
      vertex 14.7738 45.5995 2
      vertex 14.8 45.6004 2
    endloop
  endfacet
  facet normal 0 0 1
    outer loop
      vertex 29.403 60.2523 2
      vertex 14.7477 45.597 2
      vertex 14.7738 45.5995 2
    endloop
  endfacet
  facet normal 0 0 1
    outer loop
      vertex 29.403 60.2523 2
      vertex 0.60039 74.3996 2
      vertex 14.7477 45.597 2
    endloop
  endfacet
  facet normal 0 0 1
    outer loop
      vertex 14.7477 45.597 2
      vertex 0.60039 74.3996 2
      vertex 14.7219 45.5927 2
    endloop
  endfacet
  facet normal 0 0 1
    outer loop
      vertex 14.7219 45.5927 2
      vertex 0.60039 74.3996 2
      vertex 14.6964 45.5867 2
    endloop
  endfacet
  facet normal 0 0 1
    outer loop
      vertex 14.6964 45.5867 2
      vertex 0.60039 74.3996 2
      vertex 14.6713 45.5791 2
    endloop
  endfacet
  facet normal 0 0 1
    outer loop
      vertex 14.6713 45.5791 2
      vertex 0.60039 74.3996 2
      vertex 14.6468 45.5699 2
    endloop
  endfacet
  facet normal 0 0 1
    outer loop
      vertex 14.6468 45.5699 2
      vertex 0.60039 74.3996 2
      vertex 14.6229 45.5591 2
    endloop
  endfacet
  facet normal 0 0 1
    outer loop
      vertex 14.6229 45.5591 2
      vertex 0.60039 74.3996 2
      vertex 14.5998 45.5467 2
    endloop
  endfacet
  facet normal 0 0 1
    outer loop
      vertex 14.5998 45.5467 2
      vertex 0.60039 74.3996 2
      vertex 14.5776 45.5329 2
    endloop
  endfacet
  facet normal 0 0 1
    outer loop
      vertex 14.5776 45.5329 2
      vertex 0.60039 74.3996 2
      vertex 14.5563 45.5177 2
    endloop
  endfacet
  facet normal 0 0 1
    outer loop
      vertex 14.5563 45.5177 2
      vertex 0.60039 74.3996 2
      vertex 14.536 45.501 2
    endloop
  endfacet
  facet normal 0 0 1
    outer loop
      vertex 29.5563 60.5177 2
      vertex 0.60039 74.3996 2
      vertex 29.536 60.501 2
    endloop
  endfacet
  facet normal 0 0 1
    outer loop
      vertex 0.60039 74.3996 2
      vertex 29.5169 60.4831 2
      vertex 29.536 60.501 2
    endloop
  endfacet
  facet normal 0 0 1
    outer loop
      vertex 14.536 45.501 2
      vertex 0.60039 74.3996 2
      vertex 14.5169 45.4831 2
    endloop
  endfacet
  facet normal 0 0 1
    outer loop
      vertex 0.60039 74.3996 2
      vertex 14.499 45.464 2
      vertex 14.5169 45.4831 2
    endloop
  endfacet
  facet normal 0 0 1
    outer loop
      vertex 0.60039 74.3996 2
      vertex 14.4823 45.4437 2
      vertex 14.499 45.464 2
    endloop
  endfacet
  facet normal 0 0 1
    outer loop
      vertex 0.60039 74.3996 2
      vertex 14.4671 45.4224 2
      vertex 14.4823 45.4437 2
    endloop
  endfacet
  facet normal 0 0 1
    outer loop
      vertex 0.60039 74.3996 2
      vertex 14.4533 45.4002 2
      vertex 14.4671 45.4224 2
    endloop
  endfacet
  facet normal 0 0 1
    outer loop
      vertex 0.60039 74.3996 2
      vertex 14.4409 45.3771 2
      vertex 14.4533 45.4002 2
    endloop
  endfacet
  facet normal 0 0 1
    outer loop
      vertex 0.60039 74.3996 2
      vertex 14.4301 45.3532 2
      vertex 14.4409 45.3771 2
    endloop
  endfacet
  facet normal 0 0 1
    outer loop
      vertex 0.60039 74.3996 2
      vertex 14.4209 45.3287 2
      vertex 14.4301 45.3532 2
    endloop
  endfacet
  facet normal 0 0 1
    outer loop
      vertex 0.60039 30.6004 2
      vertex 14.4209 45.3287 2
      vertex 0.60039 74.3996 2
    endloop
  endfacet
  facet normal 0 0 1
    outer loop
      vertex 14.4209 45.3287 2
      vertex 0.60039 30.6004 2
      vertex 14.4133 45.3036 2
    endloop
  endfacet
  facet normal 0 0 1
    outer loop
      vertex 14.4133 45.3036 2
      vertex 0.60039 30.6004 2
      vertex 14.4073 45.2781 2
    endloop
  endfacet
  facet normal 0 0 1
    outer loop
      vertex 14.4073 45.2781 2
      vertex 0.60039 30.6004 2
      vertex 14.403 45.2523 2
    endloop
  endfacet
  facet normal 0 0 1
    outer loop
      vertex 14.403 45.2523 2
      vertex 0.60039 30.6004 2
      vertex 14.4005 45.2262 2
    endloop
  endfacet
  facet normal 0 0 1
    outer loop
      vertex 14.4005 45.2262 2
      vertex 0.60039 30.6004 2
      vertex 14.3996 45.2 2
    endloop
  endfacet
  facet normal 0 0 1
    outer loop
      vertex 14.3996 45.2 2
      vertex 0.60039 30.6004 2
      vertex 14.3996 30.6004 2
    endloop
  endfacet
  facet normal 0 -1 0
    outer loop
      vertex 0.2 30.2 0.400391
      vertex 14.8 30.2 1.59961
      vertex 0.2 30.2 1.59961
    endloop
  endfacet
  facet normal 0 -1 -0
    outer loop
      vertex 14.8 30.2 1.59961
      vertex 0.2 30.2 0.400391
      vertex 14.8 30.2 0.400391
    endloop
  endfacet
  facet normal 1 -0 0
    outer loop
      vertex 14.8 30.2 1.59961
      vertex 14.8 45.2 0.400391
      vertex 14.8 45.2 1.59961
    endloop
  endfacet
  facet normal 1 0 0
    outer loop
      vertex 14.8 45.2 0.400391
      vertex 14.8 30.2 1.59961
      vertex 14.8 30.2 0.400391
    endloop
  endfacet
  facet normal 0 -1 0
    outer loop
      vertex 14.8 45.2 0.400391
      vertex 29.8 45.2 1.59961
      vertex 14.8 45.2 1.59961
    endloop
  endfacet
  facet normal 0 -1 -0
    outer loop
      vertex 29.8 45.2 1.59961
      vertex 14.8 45.2 0.400391
      vertex 29.8 45.2 0.400391
    endloop
  endfacet
  facet normal 1 -0 0
    outer loop
      vertex 29.8 45.2 1.59961
      vertex 29.8 60.2 0.400391
      vertex 29.8 60.2 1.59961
    endloop
  endfacet
  facet normal 1 0 0
    outer loop
      vertex 29.8 60.2 0.400391
      vertex 29.8 45.2 1.59961
      vertex 29.8 45.2 0.400391
    endloop
  endfacet
  facet normal 0 -1 0
    outer loop
      vertex 29.8 60.2 0.400391
      vertex 44.8 60.2 1.59961
      vertex 29.8 60.2 1.59961
    endloop
  endfacet
  facet normal 0 -1 -0
    outer loop
      vertex 44.8 60.2 1.59961
      vertex 29.8 60.2 0.400391
      vertex 44.8 60.2 0.400391
    endloop
  endfacet
  facet normal 1 -0 0
    outer loop
      vertex 44.8 60.2 1.59961
      vertex 44.8 74.8 0.400391
      vertex 44.8 74.8 1.59961
    endloop
  endfacet
  facet normal 1 0 0
    outer loop
      vertex 44.8 74.8 0.400391
      vertex 44.8 60.2 1.59961
      vertex 44.8 60.2 0.400391
    endloop
  endfacet
  facet normal 0 1 -0
    outer loop
      vertex 44.8 74.8 0.400391
      vertex 0.2 74.8 1.59961
      vertex 44.8 74.8 1.59961
    endloop
  endfacet
  facet normal 0 1 0
    outer loop
      vertex 0.2 74.8 1.59961
      vertex 44.8 74.8 0.400391
      vertex 0.2 74.8 0.400391
    endloop
  endfacet
  facet normal -1 0 0
    outer loop
      vertex 0.2 30.2 0.400391
      vertex 0.2 74.8 1.59961
      vertex 0.2 74.8 0.400391
    endloop
  endfacet
  facet normal -1 -0 0
    outer loop
      vertex 0.2 74.8 1.59961
      vertex 0.2 30.2 0.400391
      vertex 0.2 30.2 1.59961
    endloop
  endfacet
  facet normal 0 -0.707108 -0.707106
    outer loop
      vertex 30.6004 0.60039 0
      vertex 44.8 0.2 0.400391
      vertex 30.2 0.2 0.400391
    endloop
  endfacet
  facet normal 0 -0.707108 -0.707106
    outer loop
      vertex 44.8 0.2 0.400391
      vertex 30.6004 0.60039 0
      vertex 44.3996 0.60039 0
    endloop
  endfacet
  facet normal 0.707099 0 -0.707115
    outer loop
      vertex 44.8 15.2 0.400391
      vertex 44.3996 0.60039 0
      vertex 44.3996 15.2 0
    endloop
  endfacet
  facet normal 0.707099 0 -0.707115
    outer loop
      vertex 44.3996 0.60039 0
      vertex 44.8 15.2 0.400391
      vertex 44.8 0.2 0.400391
    endloop
  endfacet
  facet normal 0.70689 -0.0242825 -0.706906
    outer loop
      vertex 44.4005 15.2262 0
      vertex 44.8 15.2 0.400391
      vertex 44.3996 15.2 0
    endloop
  endfacet
  facet normal 0.704072 -0.0674399 -0.706919
    outer loop
      vertex 44.403 15.2523 0
      vertex 44.8 15.2 0.400391
      vertex 44.4005 15.2262 0
    endloop
  endfacet
  facet normal 0.697655 -0.116276 -0.706935
    outer loop
      vertex 44.4073 15.2781 0
      vertex 44.8 15.2 0.400391
      vertex 44.403 15.2523 0
    endloop
  endfacet
  facet normal 0.688518 -0.162004 -0.706893
    outer loop
      vertex 44.4133 15.3036 0
      vertex 44.8 15.2 0.400391
      vertex 44.4073 15.2781 0
    endloop
  endfacet
  facet normal 0.676985 -0.204984 -0.706875
    outer loop
      vertex 44.4209 15.3287 0
      vertex 44.8 15.2 0.400391
      vertex 44.4133 15.3036 0
    endloop
  endfacet
  facet normal 0.662176 -0.248654 -0.706891
    outer loop
      vertex 44.4301 15.3532 0
      vertex 44.8 15.2 0.400391
      vertex 44.4209 15.3287 0
    endloop
  endfacet
  facet normal 0.64455 -0.291261 -0.70691
    outer loop
      vertex 44.4409 15.3771 0
      vertex 44.8 15.2 0.400391
      vertex 44.4301 15.3532 0
    endloop
  endfacet
  facet normal 0.623201 -0.334532 -0.706901
    outer loop
      vertex 44.4533 15.4002 0
      vertex 44.8 15.2 0.400391
      vertex 44.4409 15.3771 0
    endloop
  endfacet
  facet normal 0.600724 -0.373423 -0.706885
    outer loop
      vertex 44.4671 15.4224 0
      vertex 44.8 15.2 0.400391
      vertex 44.4533 15.4002 0
    endloop
  endfacet
  facet normal 0.575742 -0.410858 -0.706907
    outer loop
      vertex 44.4823 15.4437 0
      vertex 44.8 15.2 0.400391
      vertex 44.4671 15.4224 0
    endloop
  endfacet
  facet normal 0.54622 -0.449353 -0.706913
    outer loop
      vertex 44.499 15.464 0
      vertex 44.8 15.2 0.400391
      vertex 44.4823 15.4437 0
    endloop
  endfacet
  facet normal 0.516098 -0.483673 -0.706897
    outer loop
      vertex 44.5169 15.4831 0
      vertex 44.8 15.2 0.400391
      vertex 44.499 15.464 0
    endloop
  endfacet
  facet normal 0.483673 -0.516098 -0.706897
    outer loop
      vertex 44.536 15.501 0
      vertex 44.8 15.2 0.400391
      vertex 44.5169 15.4831 0
    endloop
  endfacet
  facet normal 0.449353 -0.54622 -0.706913
    outer loop
      vertex 44.5563 15.5177 0
      vertex 44.8 15.2 0.400391
      vertex 44.536 15.501 0
    endloop
  endfacet
  facet normal 0.410858 -0.575742 -0.706907
    outer loop
      vertex 44.5776 15.5329 0
      vertex 44.8 15.2 0.400391
      vertex 44.5563 15.5177 0
    endloop
  endfacet
  facet normal 0.373423 -0.600724 -0.706885
    outer loop
      vertex 44.5998 15.5467 0
      vertex 44.8 15.2 0.400391
      vertex 44.5776 15.5329 0
    endloop
  endfacet
  facet normal 0.334532 -0.623201 -0.706901
    outer loop
      vertex 44.6229 15.5591 0
      vertex 44.8 15.2 0.400391
      vertex 44.5998 15.5467 0
    endloop
  endfacet
  facet normal 0.291261 -0.64455 -0.70691
    outer loop
      vertex 44.6468 15.5699 0
      vertex 44.8 15.2 0.400391
      vertex 44.6229 15.5591 0
    endloop
  endfacet
  facet normal 0.248654 -0.662176 -0.706891
    outer loop
      vertex 44.6713 15.5791 0
      vertex 44.8 15.2 0.400391
      vertex 44.6468 15.5699 0
    endloop
  endfacet
  facet normal 0.204984 -0.676985 -0.706875
    outer loop
      vertex 44.6964 15.5867 0
      vertex 44.8 15.2 0.400391
      vertex 44.6713 15.5791 0
    endloop
  endfacet
  facet normal 0.162004 -0.688518 -0.706893
    outer loop
      vertex 44.7219 15.5927 0
      vertex 44.8 15.2 0.400391
      vertex 44.6964 15.5867 0
    endloop
  endfacet
  facet normal 0.116276 -0.697655 -0.706935
    outer loop
      vertex 44.7477 15.597 0
      vertex 44.8 15.2 0.400391
      vertex 44.7219 15.5927 0
    endloop
  endfacet
  facet normal 0.0674399 -0.704072 -0.706919
    outer loop
      vertex 44.7738 15.5995 0
      vertex 44.8 15.2 0.400391
      vertex 44.7477 15.597 0
    endloop
  endfacet
  facet normal 0.0242825 -0.70689 -0.706906
    outer loop
      vertex 44.8 15.6004 0
      vertex 44.8 15.2 0.400391
      vertex 44.7738 15.5995 0
    endloop
  endfacet
  facet normal 0 -0.707099 -0.707115
    outer loop
      vertex 44.8 15.6004 0
      vertex 60.2 15.2 0.400391
      vertex 44.8 15.2 0.400391
    endloop
  endfacet
  facet normal 0 -0.707099 -0.707115
    outer loop
      vertex 60.2 15.2 0.400391
      vertex 44.8 15.6004 0
      vertex 60.2 15.6004 0
    endloop
  endfacet
  facet normal -0.0242825 -0.70689 -0.706906
    outer loop
      vertex 60.2 15.6004 0
      vertex 60.2262 15.5995 0
      vertex 60.2 15.2 0.400391
    endloop
  endfacet
  facet normal -0.0674399 -0.704072 -0.706919
    outer loop
      vertex 60.2262 15.5995 0
      vertex 60.2523 15.597 0
      vertex 60.2 15.2 0.400391
    endloop
  endfacet
  facet normal -0.116276 -0.697655 -0.706935
    outer loop
      vertex 60.2523 15.597 0
      vertex 60.2781 15.5927 0
      vertex 60.2 15.2 0.400391
    endloop
  endfacet
  facet normal -0.162004 -0.688518 -0.706893
    outer loop
      vertex 60.2781 15.5927 0
      vertex 60.3036 15.5867 0
      vertex 60.2 15.2 0.400391
    endloop
  endfacet
  facet normal -0.204984 -0.676985 -0.706875
    outer loop
      vertex 60.3036 15.5867 0
      vertex 60.3287 15.5791 0
      vertex 60.2 15.2 0.400391
    endloop
  endfacet
  facet normal -0.248654 -0.662176 -0.706891
    outer loop
      vertex 60.3287 15.5791 0
      vertex 60.3532 15.5699 0
      vertex 60.2 15.2 0.400391
    endloop
  endfacet
  facet normal -0.291261 -0.64455 -0.70691
    outer loop
      vertex 60.3532 15.5699 0
      vertex 60.3771 15.5591 0
      vertex 60.2 15.2 0.400391
    endloop
  endfacet
  facet normal -0.334532 -0.623201 -0.706901
    outer loop
      vertex 60.3771 15.5591 0
      vertex 60.4002 15.5467 0
      vertex 60.2 15.2 0.400391
    endloop
  endfacet
  facet normal -0.373423 -0.600724 -0.706885
    outer loop
      vertex 60.4002 15.5467 0
      vertex 60.4224 15.5329 0
      vertex 60.2 15.2 0.400391
    endloop
  endfacet
  facet normal -0.410858 -0.575742 -0.706907
    outer loop
      vertex 60.4224 15.5329 0
      vertex 60.4437 15.5177 0
      vertex 60.2 15.2 0.400391
    endloop
  endfacet
  facet normal -0.449353 -0.54622 -0.706913
    outer loop
      vertex 60.4437 15.5177 0
      vertex 60.464 15.501 0
      vertex 60.2 15.2 0.400391
    endloop
  endfacet
  facet normal -0.483673 -0.516098 -0.706897
    outer loop
      vertex 60.464 15.501 0
      vertex 60.4831 15.4831 0
      vertex 60.2 15.2 0.400391
    endloop
  endfacet
  facet normal -0.516098 -0.483673 -0.706897
    outer loop
      vertex 60.4831 15.4831 0
      vertex 60.501 15.464 0
      vertex 60.2 15.2 0.400391
    endloop
  endfacet
  facet normal -0.54622 -0.449353 -0.706913
    outer loop
      vertex 60.501 15.464 0
      vertex 60.5177 15.4437 0
      vertex 60.2 15.2 0.400391
    endloop
  endfacet
  facet normal -0.575742 -0.410858 -0.706907
    outer loop
      vertex 60.5177 15.4437 0
      vertex 60.5329 15.4224 0
      vertex 60.2 15.2 0.400391
    endloop
  endfacet
  facet normal -0.600724 -0.373423 -0.706885
    outer loop
      vertex 60.5329 15.4224 0
      vertex 60.5467 15.4002 0
      vertex 60.2 15.2 0.400391
    endloop
  endfacet
  facet normal -0.623201 -0.334532 -0.706901
    outer loop
      vertex 60.5467 15.4002 0
      vertex 60.5591 15.3771 0
      vertex 60.2 15.2 0.400391
    endloop
  endfacet
  facet normal -0.64455 -0.291261 -0.70691
    outer loop
      vertex 60.5591 15.3771 0
      vertex 60.5699 15.3532 0
      vertex 60.2 15.2 0.400391
    endloop
  endfacet
  facet normal -0.662176 -0.248654 -0.706891
    outer loop
      vertex 60.5699 15.3532 0
      vertex 60.5791 15.3287 0
      vertex 60.2 15.2 0.400391
    endloop
  endfacet
  facet normal -0.676985 -0.204984 -0.706875
    outer loop
      vertex 60.5791 15.3287 0
      vertex 60.5867 15.3036 0
      vertex 60.2 15.2 0.400391
    endloop
  endfacet
  facet normal -0.688518 -0.162004 -0.706893
    outer loop
      vertex 60.5867 15.3036 0
      vertex 60.5927 15.2781 0
      vertex 60.2 15.2 0.400391
    endloop
  endfacet
  facet normal -0.697655 -0.116276 -0.706935
    outer loop
      vertex 60.5927 15.2781 0
      vertex 60.597 15.2523 0
      vertex 60.2 15.2 0.400391
    endloop
  endfacet
  facet normal -0.704072 -0.0674399 -0.706919
    outer loop
      vertex 60.597 15.2523 0
      vertex 60.5995 15.2262 0
      vertex 60.2 15.2 0.400391
    endloop
  endfacet
  facet normal -0.70689 -0.0242825 -0.706906
    outer loop
      vertex 60.5995 15.2262 0
      vertex 60.6004 15.2 0
      vertex 60.2 15.2 0.400391
    endloop
  endfacet
  facet normal -0.707099 0 -0.707115
    outer loop
      vertex 60.6004 0.60039 0
      vertex 60.2 15.2 0.400391
      vertex 60.6004 15.2 0
    endloop
  endfacet
  facet normal -0.707099 -0 -0.707115
    outer loop
      vertex 60.2 15.2 0.400391
      vertex 60.6004 0.60039 0
      vertex 60.2 0.2 0.400391
    endloop
  endfacet
  facet normal 0 -0.707108 -0.707106
    outer loop
      vertex 60.6004 0.60039 0
      vertex 89.8 0.2 0.400391
      vertex 60.2 0.2 0.400391
    endloop
  endfacet
  facet normal 0 -0.707108 -0.707106
    outer loop
      vertex 89.8 0.2 0.400391
      vertex 60.6004 0.60039 0
      vertex 89.3996 0.60039 0
    endloop
  endfacet
  facet normal 0.707099 0 -0.707115
    outer loop
      vertex 89.8 14.8 0.400391
      vertex 89.3996 0.60039 0
      vertex 89.3996 14.3996 0
    endloop
  endfacet
  facet normal 0.707099 0 -0.707115
    outer loop
      vertex 89.3996 0.60039 0
      vertex 89.8 14.8 0.400391
      vertex 89.8 0.2 0.400391
    endloop
  endfacet
  facet normal 0 0.707099 -0.707115
    outer loop
      vertex 89.3996 14.3996 0
      vertex 74.8 14.8 0.400391
      vertex 89.8 14.8 0.400391
    endloop
  endfacet
  facet normal 0 0.707099 -0.707115
    outer loop
      vertex 74.8 14.8 0.400391
      vertex 89.3996 14.3996 0
      vertex 74.8 14.3996 0
    endloop
  endfacet
  facet normal 0.0242825 0.70689 -0.706906
    outer loop
      vertex 74.8 14.8 0.400391
      vertex 74.8 14.3996 0
      vertex 74.7738 14.4005 0
    endloop
  endfacet
  facet normal 0.0674399 0.704072 -0.706919
    outer loop
      vertex 74.8 14.8 0.400391
      vertex 74.7738 14.4005 0
      vertex 74.7477 14.403 0
    endloop
  endfacet
  facet normal 0.116276 0.697655 -0.706935
    outer loop
      vertex 74.8 14.8 0.400391
      vertex 74.7477 14.403 0
      vertex 74.7219 14.4073 0
    endloop
  endfacet
  facet normal 0.162004 0.688518 -0.706893
    outer loop
      vertex 74.8 14.8 0.400391
      vertex 74.7219 14.4073 0
      vertex 74.6964 14.4133 0
    endloop
  endfacet
  facet normal 0.204984 0.676985 -0.706875
    outer loop
      vertex 74.8 14.8 0.400391
      vertex 74.6964 14.4133 0
      vertex 74.6713 14.4209 0
    endloop
  endfacet
  facet normal 0.248654 0.662176 -0.706891
    outer loop
      vertex 74.8 14.8 0.400391
      vertex 74.6713 14.4209 0
      vertex 74.6468 14.4301 0
    endloop
  endfacet
  facet normal 0.291261 0.64455 -0.70691
    outer loop
      vertex 74.8 14.8 0.400391
      vertex 74.6468 14.4301 0
      vertex 74.6229 14.4409 0
    endloop
  endfacet
  facet normal 0.334532 0.623201 -0.706901
    outer loop
      vertex 74.8 14.8 0.400391
      vertex 74.6229 14.4409 0
      vertex 74.5998 14.4533 0
    endloop
  endfacet
  facet normal 0.373423 0.600724 -0.706885
    outer loop
      vertex 74.8 14.8 0.400391
      vertex 74.5998 14.4533 0
      vertex 74.5776 14.4671 0
    endloop
  endfacet
  facet normal 0.410858 0.575742 -0.706907
    outer loop
      vertex 74.8 14.8 0.400391
      vertex 74.5776 14.4671 0
      vertex 74.5563 14.4823 0
    endloop
  endfacet
  facet normal 0.449353 0.54622 -0.706913
    outer loop
      vertex 74.8 14.8 0.400391
      vertex 74.5563 14.4823 0
      vertex 74.536 14.499 0
    endloop
  endfacet
  facet normal 0.483673 0.516098 -0.706897
    outer loop
      vertex 74.8 14.8 0.400391
      vertex 74.536 14.499 0
      vertex 74.5169 14.5169 0
    endloop
  endfacet
  facet normal 0.516098 0.483673 -0.706897
    outer loop
      vertex 74.8 14.8 0.400391
      vertex 74.5169 14.5169 0
      vertex 74.499 14.536 0
    endloop
  endfacet
  facet normal 0.54622 0.449353 -0.706913
    outer loop
      vertex 74.8 14.8 0.400391
      vertex 74.499 14.536 0
      vertex 74.4823 14.5563 0
    endloop
  endfacet
  facet normal 0.575742 0.410858 -0.706907
    outer loop
      vertex 74.8 14.8 0.400391
      vertex 74.4823 14.5563 0
      vertex 74.4671 14.5776 0
    endloop
  endfacet
  facet normal 0.59948 0.37535 -0.70692
    outer loop
      vertex 74.8 14.8 0.400391
      vertex 74.4671 14.5776 0
      vertex 74.4532 14.5998 0
    endloop
  endfacet
  facet normal 0.624289 0.332414 -0.70694
    outer loop
      vertex 74.8 14.8 0.400391
      vertex 74.4532 14.5998 0
      vertex 74.4409 14.6229 0
    endloop
  endfacet
  facet normal 0.64455 0.291261 -0.70691
    outer loop
      vertex 74.8 14.8 0.400391
      vertex 74.4409 14.6229 0
      vertex 74.4301 14.6468 0
    endloop
  endfacet
  facet normal 0.662176 0.248654 -0.706891
    outer loop
      vertex 74.8 14.8 0.400391
      vertex 74.4301 14.6468 0
      vertex 74.4209 14.6713 0
    endloop
  endfacet
  facet normal 0.676985 0.204984 -0.706875
    outer loop
      vertex 74.8 14.8 0.400391
      vertex 74.4209 14.6713 0
      vertex 74.4133 14.6964 0
    endloop
  endfacet
  facet normal 0.688518 0.162004 -0.706893
    outer loop
      vertex 74.8 14.8 0.400391
      vertex 74.4133 14.6964 0
      vertex 74.4073 14.7219 0
    endloop
  endfacet
  facet normal 0.697655 0.116276 -0.706935
    outer loop
      vertex 74.8 14.8 0.400391
      vertex 74.4073 14.7219 0
      vertex 74.403 14.7477 0
    endloop
  endfacet
  facet normal 0.704072 0.0674399 -0.706919
    outer loop
      vertex 74.8 14.8 0.400391
      vertex 74.403 14.7477 0
      vertex 74.4005 14.7738 0
    endloop
  endfacet
  facet normal 0.70689 0.0242825 -0.706906
    outer loop
      vertex 74.8 14.8 0.400391
      vertex 74.4005 14.7738 0
      vertex 74.3996 14.8 0
    endloop
  endfacet
  facet normal 0.707099 0 -0.707115
    outer loop
      vertex 74.8 14.8 0.400391
      vertex 74.3996 29.3996 0
      vertex 74.8 29.8 0.400391
    endloop
  endfacet
  facet normal 0.707099 0 -0.707115
    outer loop
      vertex 74.3996 29.3996 0
      vertex 74.8 14.8 0.400391
      vertex 74.3996 14.8 0
    endloop
  endfacet
  facet normal 0 0.707099 -0.707115
    outer loop
      vertex 74.3996 29.3996 0
      vertex 30.2 29.8 0.400391
      vertex 74.8 29.8 0.400391
    endloop
  endfacet
  facet normal 0 0.707099 -0.707115
    outer loop
      vertex 30.2 29.8 0.400391
      vertex 74.3996 29.3996 0
      vertex 30.6004 29.3996 0
    endloop
  endfacet
  facet normal -0.707099 0 -0.707115
    outer loop
      vertex 30.6004 0.60039 0
      vertex 30.2 29.8 0.400391
      vertex 30.6004 29.3996 0
    endloop
  endfacet
  facet normal -0.707099 -0 -0.707115
    outer loop
      vertex 30.2 29.8 0.400391
      vertex 30.6004 0.60039 0
      vertex 30.2 0.2 0.400391
    endloop
  endfacet
  facet normal 0 0 -1
    outer loop
      vertex 44.3996 0.60039 0
      vertex 30.6004 0.60039 0
      vertex 44.3996 15.2 0
    endloop
  endfacet
  facet normal 0 0 -1
    outer loop
      vertex 89.3996 0.60039 0
      vertex 74.8 14.3996 0
      vertex 89.3996 14.3996 0
    endloop
  endfacet
  facet normal 0 0 -1
    outer loop
      vertex 60.6004 0.60039 0
      vertex 74.8 14.3996 0
      vertex 89.3996 0.60039 0
    endloop
  endfacet
  facet normal -0 0 -1
    outer loop
      vertex 74.8 14.3996 0
      vertex 60.6004 0.60039 0
      vertex 74.7738 14.4005 0
    endloop
  endfacet
  facet normal -0 0 -1
    outer loop
      vertex 74.7738 14.4005 0
      vertex 60.6004 0.60039 0
      vertex 74.7477 14.403 0
    endloop
  endfacet
  facet normal -0 0 -1
    outer loop
      vertex 74.7477 14.403 0
      vertex 60.6004 0.60039 0
      vertex 74.7219 14.4073 0
    endloop
  endfacet
  facet normal -0 0 -1
    outer loop
      vertex 74.7219 14.4073 0
      vertex 60.6004 0.60039 0
      vertex 74.6964 14.4133 0
    endloop
  endfacet
  facet normal -0 0 -1
    outer loop
      vertex 74.6964 14.4133 0
      vertex 60.6004 0.60039 0
      vertex 74.6713 14.4209 0
    endloop
  endfacet
  facet normal -0 0 -1
    outer loop
      vertex 74.6713 14.4209 0
      vertex 60.6004 0.60039 0
      vertex 74.6468 14.4301 0
    endloop
  endfacet
  facet normal -0 0 -1
    outer loop
      vertex 74.6468 14.4301 0
      vertex 60.6004 0.60039 0
      vertex 74.6229 14.4409 0
    endloop
  endfacet
  facet normal -0 0 -1
    outer loop
      vertex 74.6229 14.4409 0
      vertex 60.6004 0.60039 0
      vertex 74.5998 14.4533 0
    endloop
  endfacet
  facet normal -0 0 -1
    outer loop
      vertex 74.5998 14.4533 0
      vertex 60.6004 0.60039 0
      vertex 74.5776 14.4671 0
    endloop
  endfacet
  facet normal -0 0 -1
    outer loop
      vertex 74.5776 14.4671 0
      vertex 60.6004 0.60039 0
      vertex 74.5563 14.4823 0
    endloop
  endfacet
  facet normal -0 0 -1
    outer loop
      vertex 74.5563 14.4823 0
      vertex 60.6004 0.60039 0
      vertex 74.536 14.499 0
    endloop
  endfacet
  facet normal 0 0 -1
    outer loop
      vertex 60.6004 0.60039 0
      vertex 74.5169 14.5169 0
      vertex 74.536 14.499 0
    endloop
  endfacet
  facet normal 0 0 -1
    outer loop
      vertex 60.6004 0.60039 0
      vertex 74.499 14.536 0
      vertex 74.5169 14.5169 0
    endloop
  endfacet
  facet normal 0 0 -1
    outer loop
      vertex 60.6004 15.2 0
      vertex 74.499 14.536 0
      vertex 60.6004 0.60039 0
    endloop
  endfacet
  facet normal 0 0 -1
    outer loop
      vertex 74.499 14.536 0
      vertex 60.6004 15.2 0
      vertex 74.4823 14.5563 0
    endloop
  endfacet
  facet normal 0 0 -1
    outer loop
      vertex 74.4823 14.5563 0
      vertex 60.6004 15.2 0
      vertex 74.4671 14.5776 0
    endloop
  endfacet
  facet normal 0 0 -1
    outer loop
      vertex 74.4671 14.5776 0
      vertex 60.6004 15.2 0
      vertex 74.4532 14.5998 0
    endloop
  endfacet
  facet normal 0 0 -1
    outer loop
      vertex 74.4532 14.5998 0
      vertex 60.6004 15.2 0
      vertex 74.4409 14.6229 0
    endloop
  endfacet
  facet normal 0 0 -1
    outer loop
      vertex 74.4409 14.6229 0
      vertex 60.6004 15.2 0
      vertex 74.4301 14.6468 0
    endloop
  endfacet
  facet normal 0 0 -1
    outer loop
      vertex 74.4301 14.6468 0
      vertex 60.6004 15.2 0
      vertex 74.4209 14.6713 0
    endloop
  endfacet
  facet normal 0 0 -1
    outer loop
      vertex 74.4209 14.6713 0
      vertex 60.6004 15.2 0
      vertex 74.4133 14.6964 0
    endloop
  endfacet
  facet normal 0 0 -1
    outer loop
      vertex 74.4133 14.6964 0
      vertex 60.6004 15.2 0
      vertex 74.4073 14.7219 0
    endloop
  endfacet
  facet normal 0 0 -1
    outer loop
      vertex 74.4073 14.7219 0
      vertex 60.6004 15.2 0
      vertex 74.403 14.7477 0
    endloop
  endfacet
  facet normal 0 0 -1
    outer loop
      vertex 74.403 14.7477 0
      vertex 60.6004 15.2 0
      vertex 74.4005 14.7738 0
    endloop
  endfacet
  facet normal 0 0 -1
    outer loop
      vertex 74.4005 14.7738 0
      vertex 60.6004 15.2 0
      vertex 74.3996 14.8 0
    endloop
  endfacet
  facet normal 0 0 -1
    outer loop
      vertex 60.5995 15.2262 0
      vertex 74.3996 14.8 0
      vertex 60.6004 15.2 0
    endloop
  endfacet
  facet normal 0 0 -1
    outer loop
      vertex 60.597 15.2523 0
      vertex 74.3996 14.8 0
      vertex 60.5995 15.2262 0
    endloop
  endfacet
  facet normal 0 0 -1
    outer loop
      vertex 60.5927 15.2781 0
      vertex 74.3996 14.8 0
      vertex 60.597 15.2523 0
    endloop
  endfacet
  facet normal 0 0 -1
    outer loop
      vertex 60.5867 15.3036 0
      vertex 74.3996 14.8 0
      vertex 60.5927 15.2781 0
    endloop
  endfacet
  facet normal 0 0 -1
    outer loop
      vertex 60.5791 15.3287 0
      vertex 74.3996 14.8 0
      vertex 60.5867 15.3036 0
    endloop
  endfacet
  facet normal 0 0 -1
    outer loop
      vertex 60.5699 15.3532 0
      vertex 74.3996 14.8 0
      vertex 60.5791 15.3287 0
    endloop
  endfacet
  facet normal 0 0 -1
    outer loop
      vertex 60.5591 15.3771 0
      vertex 74.3996 14.8 0
      vertex 60.5699 15.3532 0
    endloop
  endfacet
  facet normal 0 0 -1
    outer loop
      vertex 60.5467 15.4002 0
      vertex 74.3996 14.8 0
      vertex 60.5591 15.3771 0
    endloop
  endfacet
  facet normal 0 0 -1
    outer loop
      vertex 60.5329 15.4224 0
      vertex 74.3996 14.8 0
      vertex 60.5467 15.4002 0
    endloop
  endfacet
  facet normal 0 0 -1
    outer loop
      vertex 60.5177 15.4437 0
      vertex 74.3996 14.8 0
      vertex 60.5329 15.4224 0
    endloop
  endfacet
  facet normal 0 0 -1
    outer loop
      vertex 60.501 15.464 0
      vertex 74.3996 14.8 0
      vertex 60.5177 15.4437 0
    endloop
  endfacet
  facet normal 0 0 -1
    outer loop
      vertex 74.3996 14.8 0
      vertex 60.501 15.464 0
      vertex 74.3996 29.3996 0
    endloop
  endfacet
  facet normal 0 0 -1
    outer loop
      vertex 60.4831 15.4831 0
      vertex 74.3996 29.3996 0
      vertex 60.501 15.464 0
    endloop
  endfacet
  facet normal 0 0 -1
    outer loop
      vertex 60.464 15.501 0
      vertex 74.3996 29.3996 0
      vertex 60.4831 15.4831 0
    endloop
  endfacet
  facet normal 0 0 -1
    outer loop
      vertex 60.4437 15.5177 0
      vertex 74.3996 29.3996 0
      vertex 60.464 15.501 0
    endloop
  endfacet
  facet normal 0 0 -1
    outer loop
      vertex 60.4224 15.5329 0
      vertex 74.3996 29.3996 0
      vertex 60.4437 15.5177 0
    endloop
  endfacet
  facet normal 0 0 -1
    outer loop
      vertex 60.4002 15.5467 0
      vertex 74.3996 29.3996 0
      vertex 60.4224 15.5329 0
    endloop
  endfacet
  facet normal 0 0 -1
    outer loop
      vertex 60.3771 15.5591 0
      vertex 74.3996 29.3996 0
      vertex 60.4002 15.5467 0
    endloop
  endfacet
  facet normal 0 0 -1
    outer loop
      vertex 60.3532 15.5699 0
      vertex 74.3996 29.3996 0
      vertex 60.3771 15.5591 0
    endloop
  endfacet
  facet normal 0 0 -1
    outer loop
      vertex 60.3287 15.5791 0
      vertex 74.3996 29.3996 0
      vertex 60.3532 15.5699 0
    endloop
  endfacet
  facet normal 0 0 -1
    outer loop
      vertex 60.3036 15.5867 0
      vertex 74.3996 29.3996 0
      vertex 60.3287 15.5791 0
    endloop
  endfacet
  facet normal 0 0 -1
    outer loop
      vertex 60.2781 15.5927 0
      vertex 74.3996 29.3996 0
      vertex 60.3036 15.5867 0
    endloop
  endfacet
  facet normal 0 0 -1
    outer loop
      vertex 60.2523 15.597 0
      vertex 74.3996 29.3996 0
      vertex 60.2781 15.5927 0
    endloop
  endfacet
  facet normal 0 0 -1
    outer loop
      vertex 60.2262 15.5995 0
      vertex 74.3996 29.3996 0
      vertex 60.2523 15.597 0
    endloop
  endfacet
  facet normal 0 0 -1
    outer loop
      vertex 60.2 15.6004 0
      vertex 74.3996 29.3996 0
      vertex 60.2262 15.5995 0
    endloop
  endfacet
  facet normal 0 0 -1
    outer loop
      vertex 44.8 15.6004 0
      vertex 74.3996 29.3996 0
      vertex 60.2 15.6004 0
    endloop
  endfacet
  facet normal 0 0 -1
    outer loop
      vertex 30.6004 29.3996 0
      vertex 44.8 15.6004 0
      vertex 44.7738 15.5995 0
    endloop
  endfacet
  facet normal 0 0 -1
    outer loop
      vertex 30.6004 29.3996 0
      vertex 44.7738 15.5995 0
      vertex 44.7477 15.597 0
    endloop
  endfacet
  facet normal 0 0 -1
    outer loop
      vertex 30.6004 29.3996 0
      vertex 44.7477 15.597 0
      vertex 44.7219 15.5927 0
    endloop
  endfacet
  facet normal 0 0 -1
    outer loop
      vertex 30.6004 29.3996 0
      vertex 44.7219 15.5927 0
      vertex 44.6964 15.5867 0
    endloop
  endfacet
  facet normal 0 0 -1
    outer loop
      vertex 30.6004 29.3996 0
      vertex 44.6964 15.5867 0
      vertex 44.6713 15.5791 0
    endloop
  endfacet
  facet normal 0 0 -1
    outer loop
      vertex 30.6004 29.3996 0
      vertex 44.6713 15.5791 0
      vertex 44.6468 15.5699 0
    endloop
  endfacet
  facet normal 0 0 -1
    outer loop
      vertex 30.6004 29.3996 0
      vertex 44.6468 15.5699 0
      vertex 44.6229 15.5591 0
    endloop
  endfacet
  facet normal 0 0 -1
    outer loop
      vertex 30.6004 29.3996 0
      vertex 44.3996 15.2 0
      vertex 30.6004 0.60039 0
    endloop
  endfacet
  facet normal 0 0 -1
    outer loop
      vertex 44.3996 15.2 0
      vertex 30.6004 29.3996 0
      vertex 44.4005 15.2262 0
    endloop
  endfacet
  facet normal 0 0 -1
    outer loop
      vertex 44.4005 15.2262 0
      vertex 30.6004 29.3996 0
      vertex 44.403 15.2523 0
    endloop
  endfacet
  facet normal 0 0 -1
    outer loop
      vertex 44.403 15.2523 0
      vertex 30.6004 29.3996 0
      vertex 44.4073 15.2781 0
    endloop
  endfacet
  facet normal 0 0 -1
    outer loop
      vertex 44.4073 15.2781 0
      vertex 30.6004 29.3996 0
      vertex 44.4133 15.3036 0
    endloop
  endfacet
  facet normal 0 0 -1
    outer loop
      vertex 44.4133 15.3036 0
      vertex 30.6004 29.3996 0
      vertex 44.4209 15.3287 0
    endloop
  endfacet
  facet normal 0 0 -1
    outer loop
      vertex 44.4209 15.3287 0
      vertex 30.6004 29.3996 0
      vertex 44.4301 15.3532 0
    endloop
  endfacet
  facet normal 0 0 -1
    outer loop
      vertex 44.4301 15.3532 0
      vertex 30.6004 29.3996 0
      vertex 44.4409 15.3771 0
    endloop
  endfacet
  facet normal 0 0 -1
    outer loop
      vertex 44.4409 15.3771 0
      vertex 30.6004 29.3996 0
      vertex 44.4533 15.4002 0
    endloop
  endfacet
  facet normal 0 0 -1
    outer loop
      vertex 44.4533 15.4002 0
      vertex 30.6004 29.3996 0
      vertex 44.4671 15.4224 0
    endloop
  endfacet
  facet normal 0 0 -1
    outer loop
      vertex 44.4671 15.4224 0
      vertex 30.6004 29.3996 0
      vertex 44.4823 15.4437 0
    endloop
  endfacet
  facet normal 0 0 -1
    outer loop
      vertex 44.8 15.6004 0
      vertex 30.6004 29.3996 0
      vertex 74.3996 29.3996 0
    endloop
  endfacet
  facet normal 0 0 -1
    outer loop
      vertex 44.5998 15.5467 0
      vertex 30.6004 29.3996 0
      vertex 44.6229 15.5591 0
    endloop
  endfacet
  facet normal 0 0 -1
    outer loop
      vertex 44.5776 15.5329 0
      vertex 30.6004 29.3996 0
      vertex 44.5998 15.5467 0
    endloop
  endfacet
  facet normal 0 0 -1
    outer loop
      vertex 44.5563 15.5177 0
      vertex 30.6004 29.3996 0
      vertex 44.5776 15.5329 0
    endloop
  endfacet
  facet normal 0 0 -1
    outer loop
      vertex 44.536 15.501 0
      vertex 30.6004 29.3996 0
      vertex 44.5563 15.5177 0
    endloop
  endfacet
  facet normal 0 0 -1
    outer loop
      vertex 44.5169 15.4831 0
      vertex 30.6004 29.3996 0
      vertex 44.536 15.501 0
    endloop
  endfacet
  facet normal 0 0 -1
    outer loop
      vertex 44.499 15.464 0
      vertex 30.6004 29.3996 0
      vertex 44.5169 15.4831 0
    endloop
  endfacet
  facet normal 0 0 -1
    outer loop
      vertex 44.4823 15.4437 0
      vertex 30.6004 29.3996 0
      vertex 44.499 15.464 0
    endloop
  endfacet
  facet normal 0 -0.707107 0.707107
    outer loop
      vertex 30.2 0.2 1.59961
      vertex 44.3996 0.60039 2
      vertex 30.6004 0.60039 2
    endloop
  endfacet
  facet normal 0 -0.707107 0.707107
    outer loop
      vertex 44.3996 0.60039 2
      vertex 30.2 0.2 1.59961
      vertex 44.8 0.2 1.59961
    endloop
  endfacet
  facet normal 0.707098 -0 0.707116
    outer loop
      vertex 44.3996 0.60039 2
      vertex 44.8 15.2 1.59961
      vertex 44.3996 15.2 2
    endloop
  endfacet
  facet normal 0.707098 0 0.707116
    outer loop
      vertex 44.8 15.2 1.59961
      vertex 44.3996 0.60039 2
      vertex 44.8 0.2 1.59961
    endloop
  endfacet
  facet normal 0.706889 -0.0242825 0.706907
    outer loop
      vertex 44.8 15.2 1.59961
      vertex 44.4005 15.2262 2
      vertex 44.3996 15.2 2
    endloop
  endfacet
  facet normal 0.704072 -0.0674398 0.706919
    outer loop
      vertex 44.8 15.2 1.59961
      vertex 44.403 15.2523 2
      vertex 44.4005 15.2262 2
    endloop
  endfacet
  facet normal 0.697654 -0.116276 0.706936
    outer loop
      vertex 44.8 15.2 1.59961
      vertex 44.4073 15.2781 2
      vertex 44.403 15.2523 2
    endloop
  endfacet
  facet normal 0.688517 -0.162004 0.706894
    outer loop
      vertex 44.8 15.2 1.59961
      vertex 44.4133 15.3036 2
      vertex 44.4073 15.2781 2
    endloop
  endfacet
  facet normal 0.676984 -0.204983 0.706876
    outer loop
      vertex 44.8 15.2 1.59961
      vertex 44.4209 15.3287 2
      vertex 44.4133 15.3036 2
    endloop
  endfacet
  facet normal 0.662175 -0.248654 0.706891
    outer loop
      vertex 44.8 15.2 1.59961
      vertex 44.4301 15.3532 2
      vertex 44.4209 15.3287 2
    endloop
  endfacet
  facet normal 0.64455 -0.291261 0.706911
    outer loop
      vertex 44.8 15.2 1.59961
      vertex 44.4409 15.3771 2
      vertex 44.4301 15.3532 2
    endloop
  endfacet
  facet normal 0.6232 -0.334531 0.706902
    outer loop
      vertex 44.8 15.2 1.59961
      vertex 44.4533 15.4002 2
      vertex 44.4409 15.3771 2
    endloop
  endfacet
  facet normal 0.600723 -0.373423 0.706886
    outer loop
      vertex 44.8 15.2 1.59961
      vertex 44.4671 15.4224 2
      vertex 44.4533 15.4002 2
    endloop
  endfacet
  facet normal 0.575741 -0.410857 0.706908
    outer loop
      vertex 44.8 15.2 1.59961
      vertex 44.4823 15.4437 2
      vertex 44.4671 15.4224 2
    endloop
  endfacet
  facet normal 0.546219 -0.449353 0.706914
    outer loop
      vertex 44.8 15.2 1.59961
      vertex 44.499 15.464 2
      vertex 44.4823 15.4437 2
    endloop
  endfacet
  facet normal 0.516097 -0.483672 0.706898
    outer loop
      vertex 44.8 15.2 1.59961
      vertex 44.5169 15.4831 2
      vertex 44.499 15.464 2
    endloop
  endfacet
  facet normal 0.483672 -0.516097 0.706898
    outer loop
      vertex 44.8 15.2 1.59961
      vertex 44.536 15.501 2
      vertex 44.5169 15.4831 2
    endloop
  endfacet
  facet normal 0.449353 -0.546219 0.706914
    outer loop
      vertex 44.8 15.2 1.59961
      vertex 44.5563 15.5177 2
      vertex 44.536 15.501 2
    endloop
  endfacet
  facet normal 0.410857 -0.575741 0.706908
    outer loop
      vertex 44.8 15.2 1.59961
      vertex 44.5776 15.5329 2
      vertex 44.5563 15.5177 2
    endloop
  endfacet
  facet normal 0.373423 -0.600723 0.706886
    outer loop
      vertex 44.8 15.2 1.59961
      vertex 44.5998 15.5467 2
      vertex 44.5776 15.5329 2
    endloop
  endfacet
  facet normal 0.334531 -0.6232 0.706902
    outer loop
      vertex 44.8 15.2 1.59961
      vertex 44.6229 15.5591 2
      vertex 44.5998 15.5467 2
    endloop
  endfacet
  facet normal 0.291261 -0.64455 0.706911
    outer loop
      vertex 44.8 15.2 1.59961
      vertex 44.6468 15.5699 2
      vertex 44.6229 15.5591 2
    endloop
  endfacet
  facet normal 0.248654 -0.662175 0.706891
    outer loop
      vertex 44.8 15.2 1.59961
      vertex 44.6713 15.5791 2
      vertex 44.6468 15.5699 2
    endloop
  endfacet
  facet normal 0.204983 -0.676984 0.706876
    outer loop
      vertex 44.8 15.2 1.59961
      vertex 44.6964 15.5867 2
      vertex 44.6713 15.5791 2
    endloop
  endfacet
  facet normal 0.162004 -0.688517 0.706894
    outer loop
      vertex 44.8 15.2 1.59961
      vertex 44.7219 15.5927 2
      vertex 44.6964 15.5867 2
    endloop
  endfacet
  facet normal 0.116276 -0.697654 0.706936
    outer loop
      vertex 44.8 15.2 1.59961
      vertex 44.7477 15.597 2
      vertex 44.7219 15.5927 2
    endloop
  endfacet
  facet normal 0.0674398 -0.704072 0.706919
    outer loop
      vertex 44.8 15.2 1.59961
      vertex 44.7738 15.5995 2
      vertex 44.7477 15.597 2
    endloop
  endfacet
  facet normal 0.0242825 -0.706889 0.706907
    outer loop
      vertex 44.8 15.2 1.59961
      vertex 44.8 15.6004 2
      vertex 44.7738 15.5995 2
    endloop
  endfacet
  facet normal 0 -0.707098 0.707116
    outer loop
      vertex 44.8 15.2 1.59961
      vertex 60.2 15.6004 2
      vertex 44.8 15.6004 2
    endloop
  endfacet
  facet normal 0 -0.707098 0.707116
    outer loop
      vertex 60.2 15.6004 2
      vertex 44.8 15.2 1.59961
      vertex 60.2 15.2 1.59961
    endloop
  endfacet
  facet normal -0.0242825 -0.706889 0.706907
    outer loop
      vertex 60.2262 15.5995 2
      vertex 60.2 15.6004 2
      vertex 60.2 15.2 1.59961
    endloop
  endfacet
  facet normal -0.0674398 -0.704072 0.706919
    outer loop
      vertex 60.2523 15.597 2
      vertex 60.2262 15.5995 2
      vertex 60.2 15.2 1.59961
    endloop
  endfacet
  facet normal -0.116276 -0.697654 0.706936
    outer loop
      vertex 60.2781 15.5927 2
      vertex 60.2523 15.597 2
      vertex 60.2 15.2 1.59961
    endloop
  endfacet
  facet normal -0.162004 -0.688517 0.706894
    outer loop
      vertex 60.3036 15.5867 2
      vertex 60.2781 15.5927 2
      vertex 60.2 15.2 1.59961
    endloop
  endfacet
  facet normal -0.204983 -0.676984 0.706876
    outer loop
      vertex 60.3287 15.5791 2
      vertex 60.3036 15.5867 2
      vertex 60.2 15.2 1.59961
    endloop
  endfacet
  facet normal -0.248654 -0.662175 0.706891
    outer loop
      vertex 60.3532 15.5699 2
      vertex 60.3287 15.5791 2
      vertex 60.2 15.2 1.59961
    endloop
  endfacet
  facet normal -0.291261 -0.64455 0.706911
    outer loop
      vertex 60.3771 15.5591 2
      vertex 60.3532 15.5699 2
      vertex 60.2 15.2 1.59961
    endloop
  endfacet
  facet normal -0.334531 -0.6232 0.706902
    outer loop
      vertex 60.4002 15.5467 2
      vertex 60.3771 15.5591 2
      vertex 60.2 15.2 1.59961
    endloop
  endfacet
  facet normal -0.373423 -0.600723 0.706886
    outer loop
      vertex 60.4224 15.5329 2
      vertex 60.4002 15.5467 2
      vertex 60.2 15.2 1.59961
    endloop
  endfacet
  facet normal -0.410857 -0.575741 0.706908
    outer loop
      vertex 60.4437 15.5177 2
      vertex 60.4224 15.5329 2
      vertex 60.2 15.2 1.59961
    endloop
  endfacet
  facet normal -0.449353 -0.546219 0.706914
    outer loop
      vertex 60.464 15.501 2
      vertex 60.4437 15.5177 2
      vertex 60.2 15.2 1.59961
    endloop
  endfacet
  facet normal -0.483672 -0.516097 0.706898
    outer loop
      vertex 60.4831 15.4831 2
      vertex 60.464 15.501 2
      vertex 60.2 15.2 1.59961
    endloop
  endfacet
  facet normal -0.516097 -0.483672 0.706898
    outer loop
      vertex 60.501 15.464 2
      vertex 60.4831 15.4831 2
      vertex 60.2 15.2 1.59961
    endloop
  endfacet
  facet normal -0.546219 -0.449353 0.706914
    outer loop
      vertex 60.5177 15.4437 2
      vertex 60.501 15.464 2
      vertex 60.2 15.2 1.59961
    endloop
  endfacet
  facet normal -0.575741 -0.410857 0.706908
    outer loop
      vertex 60.5329 15.4224 2
      vertex 60.5177 15.4437 2
      vertex 60.2 15.2 1.59961
    endloop
  endfacet
  facet normal -0.600723 -0.373423 0.706886
    outer loop
      vertex 60.5467 15.4002 2
      vertex 60.5329 15.4224 2
      vertex 60.2 15.2 1.59961
    endloop
  endfacet
  facet normal -0.6232 -0.334531 0.706902
    outer loop
      vertex 60.5591 15.3771 2
      vertex 60.5467 15.4002 2
      vertex 60.2 15.2 1.59961
    endloop
  endfacet
  facet normal -0.64455 -0.291261 0.706911
    outer loop
      vertex 60.5699 15.3532 2
      vertex 60.5591 15.3771 2
      vertex 60.2 15.2 1.59961
    endloop
  endfacet
  facet normal -0.662175 -0.248654 0.706891
    outer loop
      vertex 60.5791 15.3287 2
      vertex 60.5699 15.3532 2
      vertex 60.2 15.2 1.59961
    endloop
  endfacet
  facet normal -0.676984 -0.204983 0.706876
    outer loop
      vertex 60.5867 15.3036 2
      vertex 60.5791 15.3287 2
      vertex 60.2 15.2 1.59961
    endloop
  endfacet
  facet normal -0.688517 -0.162004 0.706894
    outer loop
      vertex 60.5927 15.2781 2
      vertex 60.5867 15.3036 2
      vertex 60.2 15.2 1.59961
    endloop
  endfacet
  facet normal -0.697654 -0.116276 0.706936
    outer loop
      vertex 60.597 15.2523 2
      vertex 60.5927 15.2781 2
      vertex 60.2 15.2 1.59961
    endloop
  endfacet
  facet normal -0.704072 -0.0674398 0.706919
    outer loop
      vertex 60.5995 15.2262 2
      vertex 60.597 15.2523 2
      vertex 60.2 15.2 1.59961
    endloop
  endfacet
  facet normal -0.706889 -0.0242825 0.706907
    outer loop
      vertex 60.6004 15.2 2
      vertex 60.5995 15.2262 2
      vertex 60.2 15.2 1.59961
    endloop
  endfacet
  facet normal -0.707098 0 0.707116
    outer loop
      vertex 60.2 15.2 1.59961
      vertex 60.6004 0.60039 2
      vertex 60.6004 15.2 2
    endloop
  endfacet
  facet normal -0.707098 0 0.707116
    outer loop
      vertex 60.6004 0.60039 2
      vertex 60.2 15.2 1.59961
      vertex 60.2 0.2 1.59961
    endloop
  endfacet
  facet normal 0 -0.707107 0.707107
    outer loop
      vertex 60.2 0.2 1.59961
      vertex 89.3996 0.60039 2
      vertex 60.6004 0.60039 2
    endloop
  endfacet
  facet normal 0 -0.707107 0.707107
    outer loop
      vertex 89.3996 0.60039 2
      vertex 60.2 0.2 1.59961
      vertex 89.8 0.2 1.59961
    endloop
  endfacet
  facet normal 0.707098 -0 0.707116
    outer loop
      vertex 89.3996 0.60039 2
      vertex 89.8 14.8 1.59961
      vertex 89.3996 14.3996 2
    endloop
  endfacet
  facet normal 0.707098 0 0.707116
    outer loop
      vertex 89.8 14.8 1.59961
      vertex 89.3996 0.60039 2
      vertex 89.8 0.2 1.59961
    endloop
  endfacet
  facet normal -0 0.707098 0.707116
    outer loop
      vertex 74.8 14.8 1.59961
      vertex 89.3996 14.3996 2
      vertex 89.8 14.8 1.59961
    endloop
  endfacet
  facet normal 0 0.707098 0.707116
    outer loop
      vertex 89.3996 14.3996 2
      vertex 74.8 14.8 1.59961
      vertex 74.8 14.3996 2
    endloop
  endfacet
  facet normal 0.0242825 0.706889 0.706907
    outer loop
      vertex 74.8 14.3996 2
      vertex 74.8 14.8 1.59961
      vertex 74.7738 14.4005 2
    endloop
  endfacet
  facet normal 0.0674398 0.704072 0.706919
    outer loop
      vertex 74.7738 14.4005 2
      vertex 74.8 14.8 1.59961
      vertex 74.7477 14.403 2
    endloop
  endfacet
  facet normal 0.116276 0.697654 0.706936
    outer loop
      vertex 74.7477 14.403 2
      vertex 74.8 14.8 1.59961
      vertex 74.7219 14.4073 2
    endloop
  endfacet
  facet normal 0.162004 0.688517 0.706894
    outer loop
      vertex 74.7219 14.4073 2
      vertex 74.8 14.8 1.59961
      vertex 74.6964 14.4133 2
    endloop
  endfacet
  facet normal 0.204983 0.676984 0.706876
    outer loop
      vertex 74.6964 14.4133 2
      vertex 74.8 14.8 1.59961
      vertex 74.6713 14.4209 2
    endloop
  endfacet
  facet normal 0.248654 0.662175 0.706891
    outer loop
      vertex 74.6713 14.4209 2
      vertex 74.8 14.8 1.59961
      vertex 74.6468 14.4301 2
    endloop
  endfacet
  facet normal 0.291261 0.64455 0.706911
    outer loop
      vertex 74.6468 14.4301 2
      vertex 74.8 14.8 1.59961
      vertex 74.6229 14.4409 2
    endloop
  endfacet
  facet normal 0.334531 0.6232 0.706902
    outer loop
      vertex 74.6229 14.4409 2
      vertex 74.8 14.8 1.59961
      vertex 74.5998 14.4533 2
    endloop
  endfacet
  facet normal 0.373423 0.600723 0.706886
    outer loop
      vertex 74.5998 14.4533 2
      vertex 74.8 14.8 1.59961
      vertex 74.5776 14.4671 2
    endloop
  endfacet
  facet normal 0.410857 0.575741 0.706908
    outer loop
      vertex 74.5776 14.4671 2
      vertex 74.8 14.8 1.59961
      vertex 74.5563 14.4823 2
    endloop
  endfacet
  facet normal 0.449353 0.546219 0.706914
    outer loop
      vertex 74.5563 14.4823 2
      vertex 74.8 14.8 1.59961
      vertex 74.536 14.499 2
    endloop
  endfacet
  facet normal 0.483672 0.516097 0.706898
    outer loop
      vertex 74.536 14.499 2
      vertex 74.8 14.8 1.59961
      vertex 74.5169 14.5169 2
    endloop
  endfacet
  facet normal 0.516097 0.483672 0.706898
    outer loop
      vertex 74.5169 14.5169 2
      vertex 74.8 14.8 1.59961
      vertex 74.499 14.536 2
    endloop
  endfacet
  facet normal 0.546219 0.449353 0.706914
    outer loop
      vertex 74.499 14.536 2
      vertex 74.8 14.8 1.59961
      vertex 74.4823 14.5563 2
    endloop
  endfacet
  facet normal 0.575741 0.410857 0.706908
    outer loop
      vertex 74.4823 14.5563 2
      vertex 74.8 14.8 1.59961
      vertex 74.4671 14.5776 2
    endloop
  endfacet
  facet normal 0.599479 0.375349 0.706921
    outer loop
      vertex 74.4671 14.5776 2
      vertex 74.8 14.8 1.59961
      vertex 74.4532 14.5998 2
    endloop
  endfacet
  facet normal 0.624288 0.332413 0.706941
    outer loop
      vertex 74.4532 14.5998 2
      vertex 74.8 14.8 1.59961
      vertex 74.4409 14.6229 2
    endloop
  endfacet
  facet normal 0.64455 0.291261 0.706911
    outer loop
      vertex 74.4409 14.6229 2
      vertex 74.8 14.8 1.59961
      vertex 74.4301 14.6468 2
    endloop
  endfacet
  facet normal 0.662175 0.248654 0.706891
    outer loop
      vertex 74.4301 14.6468 2
      vertex 74.8 14.8 1.59961
      vertex 74.4209 14.6713 2
    endloop
  endfacet
  facet normal 0.676984 0.204983 0.706876
    outer loop
      vertex 74.4209 14.6713 2
      vertex 74.8 14.8 1.59961
      vertex 74.4133 14.6964 2
    endloop
  endfacet
  facet normal 0.688517 0.162004 0.706894
    outer loop
      vertex 74.4133 14.6964 2
      vertex 74.8 14.8 1.59961
      vertex 74.4073 14.7219 2
    endloop
  endfacet
  facet normal 0.697654 0.116276 0.706936
    outer loop
      vertex 74.4073 14.7219 2
      vertex 74.8 14.8 1.59961
      vertex 74.403 14.7477 2
    endloop
  endfacet
  facet normal 0.704072 0.0674398 0.706919
    outer loop
      vertex 74.403 14.7477 2
      vertex 74.8 14.8 1.59961
      vertex 74.4005 14.7738 2
    endloop
  endfacet
  facet normal 0.706889 0.0242825 0.706907
    outer loop
      vertex 74.4005 14.7738 2
      vertex 74.8 14.8 1.59961
      vertex 74.3996 14.8 2
    endloop
  endfacet
  facet normal 0.707098 0 0.707116
    outer loop
      vertex 74.8 14.8 1.59961
      vertex 74.3996 29.3996 2
      vertex 74.3996 14.8 2
    endloop
  endfacet
  facet normal 0.707098 0 0.707116
    outer loop
      vertex 74.3996 29.3996 2
      vertex 74.8 14.8 1.59961
      vertex 74.8 29.8 1.59961
    endloop
  endfacet
  facet normal 0 0.707098 0.707116
    outer loop
      vertex 74.8 29.8 1.59961
      vertex 30.6004 29.3996 2
      vertex 74.3996 29.3996 2
    endloop
  endfacet
  facet normal 0 0.707098 0.707116
    outer loop
      vertex 30.6004 29.3996 2
      vertex 74.8 29.8 1.59961
      vertex 30.2 29.8 1.59961
    endloop
  endfacet
  facet normal -0.707098 0 0.707116
    outer loop
      vertex 30.2 29.8 1.59961
      vertex 30.6004 0.60039 2
      vertex 30.6004 29.3996 2
    endloop
  endfacet
  facet normal -0.707098 0 0.707116
    outer loop
      vertex 30.6004 0.60039 2
      vertex 30.2 29.8 1.59961
      vertex 30.2 0.2 1.59961
    endloop
  endfacet
  facet normal -0 0 1
    outer loop
      vertex 60.501 15.464 2
      vertex 74.3996 14.8 2
      vertex 74.3996 29.3996 2
    endloop
  endfacet
  facet normal 0 0 1
    outer loop
      vertex 74.3996 14.8 2
      vertex 60.5995 15.2262 2
      vertex 60.6004 15.2 2
    endloop
  endfacet
  facet normal 0 0 1
    outer loop
      vertex 74.3996 14.8 2
      vertex 60.597 15.2523 2
      vertex 60.5995 15.2262 2
    endloop
  endfacet
  facet normal 0 0 1
    outer loop
      vertex 74.3996 14.8 2
      vertex 60.5927 15.2781 2
      vertex 60.597 15.2523 2
    endloop
  endfacet
  facet normal 0 0 1
    outer loop
      vertex 74.3996 14.8 2
      vertex 60.5867 15.3036 2
      vertex 60.5927 15.2781 2
    endloop
  endfacet
  facet normal 0 0 1
    outer loop
      vertex 74.3996 14.8 2
      vertex 60.5791 15.3287 2
      vertex 60.5867 15.3036 2
    endloop
  endfacet
  facet normal 0 0 1
    outer loop
      vertex 74.3996 14.8 2
      vertex 60.5699 15.3532 2
      vertex 60.5791 15.3287 2
    endloop
  endfacet
  facet normal 0 0 1
    outer loop
      vertex 74.3996 14.8 2
      vertex 60.5591 15.3771 2
      vertex 60.5699 15.3532 2
    endloop
  endfacet
  facet normal 0 0 1
    outer loop
      vertex 74.3996 14.8 2
      vertex 60.5467 15.4002 2
      vertex 60.5591 15.3771 2
    endloop
  endfacet
  facet normal 0 0 1
    outer loop
      vertex 74.3996 14.8 2
      vertex 60.5329 15.4224 2
      vertex 60.5467 15.4002 2
    endloop
  endfacet
  facet normal 0 0 1
    outer loop
      vertex 74.3996 14.8 2
      vertex 60.5177 15.4437 2
      vertex 60.5329 15.4224 2
    endloop
  endfacet
  facet normal 0 0 1
    outer loop
      vertex 74.3996 14.8 2
      vertex 60.501 15.464 2
      vertex 60.5177 15.4437 2
    endloop
  endfacet
  facet normal 0 0 1
    outer loop
      vertex 74.3996 29.3996 2
      vertex 60.4831 15.4831 2
      vertex 60.501 15.464 2
    endloop
  endfacet
  facet normal 0 0 1
    outer loop
      vertex 74.3996 29.3996 2
      vertex 60.464 15.501 2
      vertex 60.4831 15.4831 2
    endloop
  endfacet
  facet normal 0 0 1
    outer loop
      vertex 74.3996 29.3996 2
      vertex 60.4437 15.5177 2
      vertex 60.464 15.501 2
    endloop
  endfacet
  facet normal 0 0 1
    outer loop
      vertex 74.3996 29.3996 2
      vertex 60.4224 15.5329 2
      vertex 60.4437 15.5177 2
    endloop
  endfacet
  facet normal 0 0 1
    outer loop
      vertex 74.3996 29.3996 2
      vertex 60.4002 15.5467 2
      vertex 60.4224 15.5329 2
    endloop
  endfacet
  facet normal 0 0 1
    outer loop
      vertex 74.3996 29.3996 2
      vertex 60.3771 15.5591 2
      vertex 60.4002 15.5467 2
    endloop
  endfacet
  facet normal 0 0 1
    outer loop
      vertex 74.3996 29.3996 2
      vertex 60.3532 15.5699 2
      vertex 60.3771 15.5591 2
    endloop
  endfacet
  facet normal 0 0 1
    outer loop
      vertex 74.3996 29.3996 2
      vertex 60.3287 15.5791 2
      vertex 60.3532 15.5699 2
    endloop
  endfacet
  facet normal 0 0 1
    outer loop
      vertex 74.3996 29.3996 2
      vertex 60.3036 15.5867 2
      vertex 60.3287 15.5791 2
    endloop
  endfacet
  facet normal 0 0 1
    outer loop
      vertex 74.3996 29.3996 2
      vertex 60.2781 15.5927 2
      vertex 60.3036 15.5867 2
    endloop
  endfacet
  facet normal 0 0 1
    outer loop
      vertex 74.3996 29.3996 2
      vertex 60.2523 15.597 2
      vertex 60.2781 15.5927 2
    endloop
  endfacet
  facet normal 0 0 1
    outer loop
      vertex 74.3996 29.3996 2
      vertex 60.2262 15.5995 2
      vertex 60.2523 15.597 2
    endloop
  endfacet
  facet normal 0 0 1
    outer loop
      vertex 74.3996 29.3996 2
      vertex 60.2 15.6004 2
      vertex 60.2262 15.5995 2
    endloop
  endfacet
  facet normal 0 0 1
    outer loop
      vertex 74.3996 29.3996 2
      vertex 44.8 15.6004 2
      vertex 60.2 15.6004 2
    endloop
  endfacet
  facet normal -0 0 1
    outer loop
      vertex 30.6004 29.3996 2
      vertex 44.8 15.6004 2
      vertex 74.3996 29.3996 2
    endloop
  endfacet
  facet normal 0 0 1
    outer loop
      vertex 44.8 15.6004 2
      vertex 30.6004 29.3996 2
      vertex 44.7738 15.5995 2
    endloop
  endfacet
  facet normal 0 0 1
    outer loop
      vertex 44.7738 15.5995 2
      vertex 30.6004 29.3996 2
      vertex 44.7477 15.597 2
    endloop
  endfacet
  facet normal 0 0 1
    outer loop
      vertex 44.7477 15.597 2
      vertex 30.6004 29.3996 2
      vertex 44.7219 15.5927 2
    endloop
  endfacet
  facet normal 0 0 1
    outer loop
      vertex 44.7219 15.5927 2
      vertex 30.6004 29.3996 2
      vertex 44.6964 15.5867 2
    endloop
  endfacet
  facet normal 0 0 1
    outer loop
      vertex 44.6964 15.5867 2
      vertex 30.6004 29.3996 2
      vertex 44.6713 15.5791 2
    endloop
  endfacet
  facet normal 0 0 1
    outer loop
      vertex 44.6713 15.5791 2
      vertex 30.6004 29.3996 2
      vertex 44.6468 15.5699 2
    endloop
  endfacet
  facet normal 0 0 1
    outer loop
      vertex 44.6468 15.5699 2
      vertex 30.6004 29.3996 2
      vertex 44.6229 15.5591 2
    endloop
  endfacet
  facet normal 0 0 1
    outer loop
      vertex 30.6004 29.3996 2
      vertex 44.5998 15.5467 2
      vertex 44.6229 15.5591 2
    endloop
  endfacet
  facet normal 0 0 1
    outer loop
      vertex 30.6004 29.3996 2
      vertex 44.5776 15.5329 2
      vertex 44.5998 15.5467 2
    endloop
  endfacet
  facet normal 0 0 1
    outer loop
      vertex 30.6004 29.3996 2
      vertex 44.5563 15.5177 2
      vertex 44.5776 15.5329 2
    endloop
  endfacet
  facet normal 0 0 1
    outer loop
      vertex 30.6004 29.3996 2
      vertex 44.536 15.501 2
      vertex 44.5563 15.5177 2
    endloop
  endfacet
  facet normal 0 0 1
    outer loop
      vertex 30.6004 29.3996 2
      vertex 44.5169 15.4831 2
      vertex 44.536 15.501 2
    endloop
  endfacet
  facet normal 0 0 1
    outer loop
      vertex 30.6004 29.3996 2
      vertex 44.499 15.464 2
      vertex 44.5169 15.4831 2
    endloop
  endfacet
  facet normal 0 0 1
    outer loop
      vertex 30.6004 29.3996 2
      vertex 44.4823 15.4437 2
      vertex 44.499 15.464 2
    endloop
  endfacet
  facet normal 0 0 1
    outer loop
      vertex 30.6004 29.3996 2
      vertex 44.4671 15.4224 2
      vertex 44.4823 15.4437 2
    endloop
  endfacet
  facet normal 0 0 1
    outer loop
      vertex 30.6004 29.3996 2
      vertex 44.4533 15.4002 2
      vertex 44.4671 15.4224 2
    endloop
  endfacet
  facet normal 0 0 1
    outer loop
      vertex 30.6004 29.3996 2
      vertex 44.4409 15.3771 2
      vertex 44.4533 15.4002 2
    endloop
  endfacet
  facet normal 0 0 1
    outer loop
      vertex 30.6004 29.3996 2
      vertex 44.4301 15.3532 2
      vertex 44.4409 15.3771 2
    endloop
  endfacet
  facet normal 0 0 1
    outer loop
      vertex 30.6004 29.3996 2
      vertex 44.4209 15.3287 2
      vertex 44.4301 15.3532 2
    endloop
  endfacet
  facet normal 0 0 1
    outer loop
      vertex 30.6004 29.3996 2
      vertex 44.4133 15.3036 2
      vertex 44.4209 15.3287 2
    endloop
  endfacet
  facet normal 0 0 1
    outer loop
      vertex 30.6004 29.3996 2
      vertex 44.4073 15.2781 2
      vertex 44.4133 15.3036 2
    endloop
  endfacet
  facet normal 0 0 1
    outer loop
      vertex 30.6004 29.3996 2
      vertex 44.403 15.2523 2
      vertex 44.4073 15.2781 2
    endloop
  endfacet
  facet normal 0 0 1
    outer loop
      vertex 30.6004 29.3996 2
      vertex 44.4005 15.2262 2
      vertex 44.403 15.2523 2
    endloop
  endfacet
  facet normal 0 0 1
    outer loop
      vertex 30.6004 29.3996 2
      vertex 44.3996 15.2 2
      vertex 44.4005 15.2262 2
    endloop
  endfacet
  facet normal 0 0 1
    outer loop
      vertex 30.6004 0.60039 2
      vertex 44.3996 15.2 2
      vertex 30.6004 29.3996 2
    endloop
  endfacet
  facet normal 0 0 1
    outer loop
      vertex 44.3996 15.2 2
      vertex 30.6004 0.60039 2
      vertex 44.3996 0.60039 2
    endloop
  endfacet
  facet normal -0 0 1
    outer loop
      vertex 74.8 14.3996 2
      vertex 89.3996 0.60039 2
      vertex 89.3996 14.3996 2
    endloop
  endfacet
  facet normal 0 0 1
    outer loop
      vertex 60.6004 0.60039 2
      vertex 74.8 14.3996 2
      vertex 74.7738 14.4005 2
    endloop
  endfacet
  facet normal 0 0 1
    outer loop
      vertex 60.6004 0.60039 2
      vertex 74.7738 14.4005 2
      vertex 74.7477 14.403 2
    endloop
  endfacet
  facet normal 0 0 1
    outer loop
      vertex 60.6004 0.60039 2
      vertex 74.7477 14.403 2
      vertex 74.7219 14.4073 2
    endloop
  endfacet
  facet normal 0 0 1
    outer loop
      vertex 60.6004 0.60039 2
      vertex 74.7219 14.4073 2
      vertex 74.6964 14.4133 2
    endloop
  endfacet
  facet normal 0 0 1
    outer loop
      vertex 60.6004 0.60039 2
      vertex 74.6964 14.4133 2
      vertex 74.6713 14.4209 2
    endloop
  endfacet
  facet normal 0 0 1
    outer loop
      vertex 60.6004 0.60039 2
      vertex 74.6713 14.4209 2
      vertex 74.6468 14.4301 2
    endloop
  endfacet
  facet normal 0 0 1
    outer loop
      vertex 60.6004 0.60039 2
      vertex 74.6468 14.4301 2
      vertex 74.6229 14.4409 2
    endloop
  endfacet
  facet normal 0 0 1
    outer loop
      vertex 60.6004 0.60039 2
      vertex 74.6229 14.4409 2
      vertex 74.5998 14.4533 2
    endloop
  endfacet
  facet normal 0 0 1
    outer loop
      vertex 60.6004 0.60039 2
      vertex 74.5998 14.4533 2
      vertex 74.5776 14.4671 2
    endloop
  endfacet
  facet normal 0 0 1
    outer loop
      vertex 60.6004 0.60039 2
      vertex 74.5776 14.4671 2
      vertex 74.5563 14.4823 2
    endloop
  endfacet
  facet normal 0 0 1
    outer loop
      vertex 60.6004 0.60039 2
      vertex 74.5563 14.4823 2
      vertex 74.536 14.499 2
    endloop
  endfacet
  facet normal 0 0 1
    outer loop
      vertex 60.6004 15.2 2
      vertex 74.4005 14.7738 2
      vertex 74.3996 14.8 2
    endloop
  endfacet
  facet normal 0 0 1
    outer loop
      vertex 60.6004 15.2 2
      vertex 74.403 14.7477 2
      vertex 74.4005 14.7738 2
    endloop
  endfacet
  facet normal 0 0 1
    outer loop
      vertex 60.6004 15.2 2
      vertex 74.4073 14.7219 2
      vertex 74.403 14.7477 2
    endloop
  endfacet
  facet normal 0 0 1
    outer loop
      vertex 60.6004 15.2 2
      vertex 74.4133 14.6964 2
      vertex 74.4073 14.7219 2
    endloop
  endfacet
  facet normal 0 0 1
    outer loop
      vertex 60.6004 15.2 2
      vertex 74.4209 14.6713 2
      vertex 74.4133 14.6964 2
    endloop
  endfacet
  facet normal 0 0 1
    outer loop
      vertex 60.6004 15.2 2
      vertex 74.4301 14.6468 2
      vertex 74.4209 14.6713 2
    endloop
  endfacet
  facet normal 0 0 1
    outer loop
      vertex 60.6004 15.2 2
      vertex 74.4409 14.6229 2
      vertex 74.4301 14.6468 2
    endloop
  endfacet
  facet normal 0 0 1
    outer loop
      vertex 60.6004 15.2 2
      vertex 74.4532 14.5998 2
      vertex 74.4409 14.6229 2
    endloop
  endfacet
  facet normal 0 0 1
    outer loop
      vertex 60.6004 15.2 2
      vertex 74.4671 14.5776 2
      vertex 74.4532 14.5998 2
    endloop
  endfacet
  facet normal 0 0 1
    outer loop
      vertex 60.6004 15.2 2
      vertex 74.4823 14.5563 2
      vertex 74.4671 14.5776 2
    endloop
  endfacet
  facet normal 0 0 1
    outer loop
      vertex 60.6004 15.2 2
      vertex 74.499 14.536 2
      vertex 74.4823 14.5563 2
    endloop
  endfacet
  facet normal 0 0 1
    outer loop
      vertex 60.6004 0.60039 2
      vertex 74.499 14.536 2
      vertex 60.6004 15.2 2
    endloop
  endfacet
  facet normal 0 0 1
    outer loop
      vertex 74.499 14.536 2
      vertex 60.6004 0.60039 2
      vertex 74.5169 14.5169 2
    endloop
  endfacet
  facet normal 0 0 1
    outer loop
      vertex 74.5169 14.5169 2
      vertex 60.6004 0.60039 2
      vertex 74.536 14.499 2
    endloop
  endfacet
  facet normal 0 0 1
    outer loop
      vertex 74.8 14.3996 2
      vertex 60.6004 0.60039 2
      vertex 89.3996 0.60039 2
    endloop
  endfacet
  facet normal 0 -1 0
    outer loop
      vertex 30.2 0.2 0.400391
      vertex 44.8 0.2 1.59961
      vertex 30.2 0.2 1.59961
    endloop
  endfacet
  facet normal 0 -1 -0
    outer loop
      vertex 44.8 0.2 1.59961
      vertex 30.2 0.2 0.400391
      vertex 44.8 0.2 0.400391
    endloop
  endfacet
  facet normal 1 -0 0
    outer loop
      vertex 44.8 0.2 1.59961
      vertex 44.8 15.2 0.400391
      vertex 44.8 15.2 1.59961
    endloop
  endfacet
  facet normal 1 0 0
    outer loop
      vertex 44.8 15.2 0.400391
      vertex 44.8 0.2 1.59961
      vertex 44.8 0.2 0.400391
    endloop
  endfacet
  facet normal 0 -1 0
    outer loop
      vertex 44.8 15.2 0.400391
      vertex 60.2 15.2 1.59961
      vertex 44.8 15.2 1.59961
    endloop
  endfacet
  facet normal 0 -1 -0
    outer loop
      vertex 60.2 15.2 1.59961
      vertex 44.8 15.2 0.400391
      vertex 60.2 15.2 0.400391
    endloop
  endfacet
  facet normal -1 0 0
    outer loop
      vertex 60.2 0.2 0.400391
      vertex 60.2 15.2 1.59961
      vertex 60.2 15.2 0.400391
    endloop
  endfacet
  facet normal -1 -0 0
    outer loop
      vertex 60.2 15.2 1.59961
      vertex 60.2 0.2 0.400391
      vertex 60.2 0.2 1.59961
    endloop
  endfacet
  facet normal 0 -1 0
    outer loop
      vertex 60.2 0.2 0.400391
      vertex 89.8 0.2 1.59961
      vertex 60.2 0.2 1.59961
    endloop
  endfacet
  facet normal 0 -1 -0
    outer loop
      vertex 89.8 0.2 1.59961
      vertex 60.2 0.2 0.400391
      vertex 89.8 0.2 0.400391
    endloop
  endfacet
  facet normal 1 -0 0
    outer loop
      vertex 89.8 0.2 1.59961
      vertex 89.8 14.8 0.400391
      vertex 89.8 14.8 1.59961
    endloop
  endfacet
  facet normal 1 0 0
    outer loop
      vertex 89.8 14.8 0.400391
      vertex 89.8 0.2 1.59961
      vertex 89.8 0.2 0.400391
    endloop
  endfacet
  facet normal 0 1 -0
    outer loop
      vertex 89.8 14.8 0.400391
      vertex 74.8 14.8 1.59961
      vertex 89.8 14.8 1.59961
    endloop
  endfacet
  facet normal 0 1 0
    outer loop
      vertex 74.8 14.8 1.59961
      vertex 89.8 14.8 0.400391
      vertex 74.8 14.8 0.400391
    endloop
  endfacet
  facet normal 1 -0 0
    outer loop
      vertex 74.8 14.8 1.59961
      vertex 74.8 29.8 0.400391
      vertex 74.8 29.8 1.59961
    endloop
  endfacet
  facet normal 1 0 0
    outer loop
      vertex 74.8 29.8 0.400391
      vertex 74.8 14.8 1.59961
      vertex 74.8 14.8 0.400391
    endloop
  endfacet
  facet normal 0 1 -0
    outer loop
      vertex 74.8 29.8 0.400391
      vertex 30.2 29.8 1.59961
      vertex 74.8 29.8 1.59961
    endloop
  endfacet
  facet normal 0 1 0
    outer loop
      vertex 30.2 29.8 1.59961
      vertex 74.8 29.8 0.400391
      vertex 30.2 29.8 0.400391
    endloop
  endfacet
  facet normal -1 0 0
    outer loop
      vertex 30.2 0.2 0.400391
      vertex 30.2 29.8 1.59961
      vertex 30.2 29.8 0.400391
    endloop
  endfacet
  facet normal -1 -0 0
    outer loop
      vertex 30.2 29.8 1.59961
      vertex 30.2 0.2 0.400391
      vertex 30.2 0.2 1.59961
    endloop
  endfacet
  facet normal 0 -0.707108 -0.707106
    outer loop
      vertex 90.6004 0.60039 0
      vertex 149.8 0.2 0.400391
      vertex 90.2 0.2 0.400391
    endloop
  endfacet
  facet normal 0 -0.707108 -0.707106
    outer loop
      vertex 149.8 0.2 0.400391
      vertex 90.6004 0.60039 0
      vertex 149.4 0.60039 0
    endloop
  endfacet
  facet normal 0.707452 0 -0.706761
    outer loop
      vertex 149.8 14.8 0.400391
      vertex 149.4 0.60039 0
      vertex 149.4 14.3996 0
    endloop
  endfacet
  facet normal 0.707452 0 -0.706761
    outer loop
      vertex 149.4 0.60039 0
      vertex 149.8 14.8 0.400391
      vertex 149.8 0.2 0.400391
    endloop
  endfacet
  facet normal 0 0.707099 -0.707115
    outer loop
      vertex 149.4 14.3996 0
      vertex 134.8 14.8 0.400391
      vertex 149.8 14.8 0.400391
    endloop
  endfacet
  facet normal 0 0.707099 -0.707115
    outer loop
      vertex 134.8 14.8 0.400391
      vertex 149.4 14.3996 0
      vertex 134.8 14.3996 0
    endloop
  endfacet
  facet normal 0.0244692 0.706887 -0.706903
    outer loop
      vertex 134.8 14.8 0.400391
      vertex 134.8 14.3996 0
      vertex 134.774 14.4005 0
    endloop
  endfacet
  facet normal 0.0676989 0.704068 -0.706898
    outer loop
      vertex 134.8 14.8 0.400391
      vertex 134.774 14.4005 0
      vertex 134.748 14.403 0
    endloop
  endfacet
  facet normal 0.11541 0.697828 -0.706906
    outer loop
      vertex 134.8 14.8 0.400391
      vertex 134.748 14.403 0
      vertex 134.722 14.4073 0
    endloop
  endfacet
  facet normal 0.159041 0.689178 -0.706923
    outer loop
      vertex 134.8 14.8 0.400391
      vertex 134.722 14.4073 0
      vertex 134.696 14.4133 0
    endloop
  endfacet
  facet normal 0.205708 0.676672 -0.706965
    outer loop
      vertex 134.8 14.8 0.400391
      vertex 134.696 14.4133 0
      vertex 134.671 14.4209 0
    endloop
  endfacet
  facet normal 0.253173 0.660451 -0.7069
    outer loop
      vertex 134.8 14.8 0.400391
      vertex 134.671 14.4209 0
      vertex 134.647 14.4301 0
    endloop
  endfacet
  facet normal 0.290275 0.645056 -0.706855
    outer loop
      vertex 134.8 14.8 0.400391
      vertex 134.647 14.4301 0
      vertex 134.623 14.4409 0
    endloop
  endfacet
  facet normal 0.33569 0.622651 -0.706837
    outer loop
      vertex 134.8 14.8 0.400391
      vertex 134.623 14.4409 0
      vertex 134.6 14.4533 0
    endloop
  endfacet
  facet normal 0.375939 0.599322 -0.706741
    outer loop
      vertex 134.8 14.8 0.400391
      vertex 134.6 14.4533 0
      vertex 134.578 14.4671 0
    endloop
  endfacet
  facet normal 0.402099 0.581985 -0.706831
    outer loop
      vertex 134.8 14.8 0.400391
      vertex 134.578 14.4671 0
      vertex 134.556 14.4823 0
    endloop
  endfacet
  facet normal 0.45329 0.542863 -0.706985
    outer loop
      vertex 134.8 14.8 0.400391
      vertex 134.556 14.4823 0
      vertex 134.536 14.499 0
    endloop
  endfacet
  facet normal 0.485045 0.514852 -0.706865
    outer loop
      vertex 134.8 14.8 0.400391
      vertex 134.536 14.499 0
      vertex 134.517 14.5169 0
    endloop
  endfacet
  facet normal 0.514776 0.485129 -0.706863
    outer loop
      vertex 134.8 14.8 0.400391
      vertex 134.517 14.5169 0
      vertex 134.499 14.536 0
    endloop
  endfacet
  facet normal 0.542203 0.454061 -0.706997
    outer loop
      vertex 134.8 14.8 0.400391
      vertex 134.499 14.536 0
      vertex 134.482 14.5563 0
    endloop
  endfacet
  facet normal 0.578189 0.407175 -0.70704
    outer loop
      vertex 134.8 14.8 0.400391
      vertex 134.482 14.5563 0
      vertex 134.467 14.5776 0
    endloop
  endfacet
  facet normal 0.598174 0.377227 -0.707027
    outer loop
      vertex 134.8 14.8 0.400391
      vertex 134.467 14.5776 0
      vertex 134.453 14.5998 0
    endloop
  endfacet
  facet normal 0.627625 0.326039 -0.706956
    outer loop
      vertex 134.8 14.8 0.400391
      vertex 134.453 14.5998 0
      vertex 134.441 14.6229 0
    endloop
  endfacet
  facet normal 0.642523 0.295722 -0.706904
    outer loop
      vertex 134.8 14.8 0.400391
      vertex 134.441 14.6229 0
      vertex 134.43 14.6468 0
    endloop
  endfacet
  facet normal 0.663953 0.243901 -0.70688
    outer loop
      vertex 134.8 14.8 0.400391
      vertex 134.43 14.6468 0
      vertex 134.421 14.6713 0
    endloop
  endfacet
  facet normal 0.673888 0.214785 -0.706925
    outer loop
      vertex 134.8 14.8 0.400391
      vertex 134.421 14.6713 0
      vertex 134.413 14.6964 0
    endloop
  endfacet
  facet normal 0.688267 0.161945 -0.707151
    outer loop
      vertex 134.8 14.8 0.400391
      vertex 134.413 14.6964 0
      vertex 134.407 14.7219 0
    endloop
  endfacet
  facet normal 0.698816 0.108343 -0.707049
    outer loop
      vertex 134.8 14.8 0.400391
      vertex 134.407 14.7219 0
      vertex 134.403 14.7477 0
    endloop
  endfacet
  facet normal 0.702495 0.0807466 -0.707093
    outer loop
      vertex 134.8 14.8 0.400391
      vertex 134.403 14.7477 0
      vertex 134.4 14.7738 0
    endloop
  endfacet
  facet normal 0.707452 0 -0.706761
    outer loop
      vertex 134.8 14.8 0.400391
      vertex 134.4 14.7738 0
      vertex 134.4 14.8 0
    endloop
  endfacet
  facet normal 0.707452 0 -0.706761
    outer loop
      vertex 134.8 14.8 0.400391
      vertex 134.4 29.3996 0
      vertex 134.8 29.8 0.400391
    endloop
  endfacet
  facet normal 0.707452 0 -0.706761
    outer loop
      vertex 134.4 29.3996 0
      vertex 134.8 14.8 0.400391
      vertex 134.4 14.8 0
    endloop
  endfacet
  facet normal 0 0.707099 -0.707115
    outer loop
      vertex 134.4 29.3996 0
      vertex 120.2 29.8 0.400391
      vertex 134.8 29.8 0.400391
    endloop
  endfacet
  facet normal 0 0.707099 -0.707115
    outer loop
      vertex 120.2 29.8 0.400391
      vertex 134.4 29.3996 0
      vertex 120.6 29.3996 0
    endloop
  endfacet
  facet normal -0.707452 0 -0.706761
    outer loop
      vertex 120.2 14.8 0.400391
      vertex 120.6 29.3996 0
      vertex 120.6 14.8 0
    endloop
  endfacet
  facet normal -0.707452 0 -0.706761
    outer loop
      vertex 120.6 29.3996 0
      vertex 120.2 14.8 0.400391
      vertex 120.2 29.8 0.400391
    endloop
  endfacet
  facet normal -0.707452 -0 -0.706761
    outer loop
      vertex 120.6 14.8 0
      vertex 120.6 14.7738 0
      vertex 120.2 14.8 0.400391
    endloop
  endfacet
  facet normal -0.702495 0.0807466 -0.707093
    outer loop
      vertex 120.6 14.7738 0
      vertex 120.597 14.7477 0
      vertex 120.2 14.8 0.400391
    endloop
  endfacet
  facet normal -0.698816 0.108343 -0.707049
    outer loop
      vertex 120.597 14.7477 0
      vertex 120.593 14.7219 0
      vertex 120.2 14.8 0.400391
    endloop
  endfacet
  facet normal -0.688267 0.161945 -0.707151
    outer loop
      vertex 120.593 14.7219 0
      vertex 120.587 14.6964 0
      vertex 120.2 14.8 0.400391
    endloop
  endfacet
  facet normal -0.673888 0.214785 -0.706925
    outer loop
      vertex 120.587 14.6964 0
      vertex 120.579 14.6713 0
      vertex 120.2 14.8 0.400391
    endloop
  endfacet
  facet normal -0.663953 0.243901 -0.70688
    outer loop
      vertex 120.579 14.6713 0
      vertex 120.57 14.6468 0
      vertex 120.2 14.8 0.400391
    endloop
  endfacet
  facet normal -0.642523 0.295722 -0.706904
    outer loop
      vertex 120.57 14.6468 0
      vertex 120.559 14.6229 0
      vertex 120.2 14.8 0.400391
    endloop
  endfacet
  facet normal -0.627625 0.326039 -0.706956
    outer loop
      vertex 120.559 14.6229 0
      vertex 120.547 14.5998 0
      vertex 120.2 14.8 0.400391
    endloop
  endfacet
  facet normal -0.598174 0.377227 -0.707027
    outer loop
      vertex 120.547 14.5998 0
      vertex 120.533 14.5776 0
      vertex 120.2 14.8 0.400391
    endloop
  endfacet
  facet normal -0.578189 0.407175 -0.70704
    outer loop
      vertex 120.533 14.5776 0
      vertex 120.518 14.5563 0
      vertex 120.2 14.8 0.400391
    endloop
  endfacet
  facet normal -0.542203 0.454061 -0.706997
    outer loop
      vertex 120.518 14.5563 0
      vertex 120.501 14.536 0
      vertex 120.2 14.8 0.400391
    endloop
  endfacet
  facet normal -0.514776 0.485129 -0.706863
    outer loop
      vertex 120.501 14.536 0
      vertex 120.483 14.5169 0
      vertex 120.2 14.8 0.400391
    endloop
  endfacet
  facet normal -0.485045 0.514852 -0.706865
    outer loop
      vertex 120.483 14.5169 0
      vertex 120.464 14.499 0
      vertex 120.2 14.8 0.400391
    endloop
  endfacet
  facet normal -0.45329 0.542863 -0.706985
    outer loop
      vertex 120.464 14.499 0
      vertex 120.444 14.4823 0
      vertex 120.2 14.8 0.400391
    endloop
  endfacet
  facet normal -0.402099 0.581985 -0.706831
    outer loop
      vertex 120.444 14.4823 0
      vertex 120.422 14.4671 0
      vertex 120.2 14.8 0.400391
    endloop
  endfacet
  facet normal -0.375939 0.599322 -0.706741
    outer loop
      vertex 120.422 14.4671 0
      vertex 120.4 14.4533 0
      vertex 120.2 14.8 0.400391
    endloop
  endfacet
  facet normal -0.33569 0.622651 -0.706837
    outer loop
      vertex 120.4 14.4533 0
      vertex 120.377 14.4409 0
      vertex 120.2 14.8 0.400391
    endloop
  endfacet
  facet normal -0.290275 0.645056 -0.706855
    outer loop
      vertex 120.377 14.4409 0
      vertex 120.353 14.4301 0
      vertex 120.2 14.8 0.400391
    endloop
  endfacet
  facet normal -0.253173 0.660451 -0.7069
    outer loop
      vertex 120.353 14.4301 0
      vertex 120.329 14.4209 0
      vertex 120.2 14.8 0.400391
    endloop
  endfacet
  facet normal -0.205708 0.676672 -0.706965
    outer loop
      vertex 120.329 14.4209 0
      vertex 120.304 14.4133 0
      vertex 120.2 14.8 0.400391
    endloop
  endfacet
  facet normal -0.159041 0.689178 -0.706923
    outer loop
      vertex 120.304 14.4133 0
      vertex 120.278 14.4073 0
      vertex 120.2 14.8 0.400391
    endloop
  endfacet
  facet normal -0.11541 0.697828 -0.706906
    outer loop
      vertex 120.278 14.4073 0
      vertex 120.252 14.403 0
      vertex 120.2 14.8 0.400391
    endloop
  endfacet
  facet normal -0.0676989 0.704068 -0.706898
    outer loop
      vertex 120.252 14.403 0
      vertex 120.226 14.4005 0
      vertex 120.2 14.8 0.400391
    endloop
  endfacet
  facet normal -0.0244692 0.706887 -0.706903
    outer loop
      vertex 120.2 14.8 0.400391
      vertex 120.226 14.4005 0
      vertex 120.2 14.3996 0
    endloop
  endfacet
  facet normal 0 0.707099 -0.707115
    outer loop
      vertex 120.2 14.3996 0
      vertex 104.8 14.8 0.400391
      vertex 120.2 14.8 0.400391
    endloop
  endfacet
  facet normal 0 0.707099 -0.707115
    outer loop
      vertex 104.8 14.8 0.400391
      vertex 120.2 14.3996 0
      vertex 104.8 14.3996 0
    endloop
  endfacet
  facet normal 0.0244692 0.706887 -0.706903
    outer loop
      vertex 104.8 14.8 0.400391
      vertex 104.8 14.3996 0
      vertex 104.774 14.4005 0
    endloop
  endfacet
  facet normal 0.0676989 0.704068 -0.706898
    outer loop
      vertex 104.8 14.8 0.400391
      vertex 104.774 14.4005 0
      vertex 104.748 14.403 0
    endloop
  endfacet
  facet normal 0.11541 0.697828 -0.706906
    outer loop
      vertex 104.8 14.8 0.400391
      vertex 104.748 14.403 0
      vertex 104.722 14.4073 0
    endloop
  endfacet
  facet normal 0.159041 0.689178 -0.706923
    outer loop
      vertex 104.8 14.8 0.400391
      vertex 104.722 14.4073 0
      vertex 104.696 14.4133 0
    endloop
  endfacet
  facet normal 0.205708 0.676672 -0.706965
    outer loop
      vertex 104.8 14.8 0.400391
      vertex 104.696 14.4133 0
      vertex 104.671 14.4209 0
    endloop
  endfacet
  facet normal 0.253173 0.660451 -0.7069
    outer loop
      vertex 104.8 14.8 0.400391
      vertex 104.671 14.4209 0
      vertex 104.647 14.4301 0
    endloop
  endfacet
  facet normal 0.290275 0.645056 -0.706855
    outer loop
      vertex 104.8 14.8 0.400391
      vertex 104.647 14.4301 0
      vertex 104.623 14.4409 0
    endloop
  endfacet
  facet normal 0.33569 0.622651 -0.706837
    outer loop
      vertex 104.8 14.8 0.400391
      vertex 104.623 14.4409 0
      vertex 104.6 14.4533 0
    endloop
  endfacet
  facet normal 0.375939 0.599322 -0.706741
    outer loop
      vertex 104.8 14.8 0.400391
      vertex 104.6 14.4533 0
      vertex 104.578 14.4671 0
    endloop
  endfacet
  facet normal 0.402099 0.581985 -0.706831
    outer loop
      vertex 104.8 14.8 0.400391
      vertex 104.578 14.4671 0
      vertex 104.556 14.4823 0
    endloop
  endfacet
  facet normal 0.45329 0.542863 -0.706985
    outer loop
      vertex 104.8 14.8 0.400391
      vertex 104.556 14.4823 0
      vertex 104.536 14.499 0
    endloop
  endfacet
  facet normal 0.485045 0.514852 -0.706865
    outer loop
      vertex 104.8 14.8 0.400391
      vertex 104.536 14.499 0
      vertex 104.517 14.5169 0
    endloop
  endfacet
  facet normal 0.514776 0.485129 -0.706863
    outer loop
      vertex 104.8 14.8 0.400391
      vertex 104.517 14.5169 0
      vertex 104.499 14.536 0
    endloop
  endfacet
  facet normal 0.542203 0.454061 -0.706997
    outer loop
      vertex 104.8 14.8 0.400391
      vertex 104.499 14.536 0
      vertex 104.482 14.5563 0
    endloop
  endfacet
  facet normal 0.578189 0.407175 -0.70704
    outer loop
      vertex 104.8 14.8 0.400391
      vertex 104.482 14.5563 0
      vertex 104.467 14.5776 0
    endloop
  endfacet
  facet normal 0.598174 0.377227 -0.707027
    outer loop
      vertex 104.8 14.8 0.400391
      vertex 104.467 14.5776 0
      vertex 104.453 14.5998 0
    endloop
  endfacet
  facet normal 0.627625 0.326039 -0.706956
    outer loop
      vertex 104.8 14.8 0.400391
      vertex 104.453 14.5998 0
      vertex 104.441 14.6229 0
    endloop
  endfacet
  facet normal 0.642523 0.295722 -0.706904
    outer loop
      vertex 104.8 14.8 0.400391
      vertex 104.441 14.6229 0
      vertex 104.43 14.6468 0
    endloop
  endfacet
  facet normal 0.663953 0.243901 -0.70688
    outer loop
      vertex 104.8 14.8 0.400391
      vertex 104.43 14.6468 0
      vertex 104.421 14.6713 0
    endloop
  endfacet
  facet normal 0.673888 0.214785 -0.706925
    outer loop
      vertex 104.8 14.8 0.400391
      vertex 104.421 14.6713 0
      vertex 104.413 14.6964 0
    endloop
  endfacet
  facet normal 0.688267 0.161945 -0.707151
    outer loop
      vertex 104.8 14.8 0.400391
      vertex 104.413 14.6964 0
      vertex 104.407 14.7219 0
    endloop
  endfacet
  facet normal 0.698816 0.108343 -0.707049
    outer loop
      vertex 104.8 14.8 0.400391
      vertex 104.407 14.7219 0
      vertex 104.403 14.7477 0
    endloop
  endfacet
  facet normal 0.702495 0.0807466 -0.707093
    outer loop
      vertex 104.8 14.8 0.400391
      vertex 104.403 14.7477 0
      vertex 104.4 14.7738 0
    endloop
  endfacet
  facet normal 0.707452 0 -0.706761
    outer loop
      vertex 104.8 14.8 0.400391
      vertex 104.4 14.7738 0
      vertex 104.4 14.8 0
    endloop
  endfacet
  facet normal 0.707452 0 -0.706761
    outer loop
      vertex 104.8 14.8 0.400391
      vertex 104.4 29.3996 0
      vertex 104.8 29.8 0.400391
    endloop
  endfacet
  facet normal 0.707452 0 -0.706761
    outer loop
      vertex 104.4 29.3996 0
      vertex 104.8 14.8 0.400391
      vertex 104.4 14.8 0
    endloop
  endfacet
  facet normal 0 0.707099 -0.707115
    outer loop
      vertex 104.4 29.3996 0
      vertex 90.2 29.8 0.400391
      vertex 104.8 29.8 0.400391
    endloop
  endfacet
  facet normal 0 0.707099 -0.707115
    outer loop
      vertex 90.2 29.8 0.400391
      vertex 104.4 29.3996 0
      vertex 90.6004 29.3996 0
    endloop
  endfacet
  facet normal -0.707099 0 -0.707115
    outer loop
      vertex 90.6004 0.60039 0
      vertex 90.2 29.8 0.400391
      vertex 90.6004 29.3996 0
    endloop
  endfacet
  facet normal -0.707099 -0 -0.707115
    outer loop
      vertex 90.2 29.8 0.400391
      vertex 90.6004 0.60039 0
      vertex 90.2 0.2 0.400391
    endloop
  endfacet
  facet normal 0 0 -1
    outer loop
      vertex 149.4 0.60039 0
      vertex 134.8 14.3996 0
      vertex 149.4 14.3996 0
    endloop
  endfacet
  facet normal 0 0 -1
    outer loop
      vertex 149.4 0.60039 0
      vertex 134.774 14.4005 0
      vertex 134.8 14.3996 0
    endloop
  endfacet
  facet normal 0 0 -1
    outer loop
      vertex 149.4 0.60039 0
      vertex 134.748 14.403 0
      vertex 134.774 14.4005 0
    endloop
  endfacet
  facet normal 0 0 -1
    outer loop
      vertex 149.4 0.60039 0
      vertex 134.722 14.4073 0
      vertex 134.748 14.403 0
    endloop
  endfacet
  facet normal 0 0 -1
    outer loop
      vertex 149.4 0.60039 0
      vertex 134.696 14.4133 0
      vertex 134.722 14.4073 0
    endloop
  endfacet
  facet normal 0 0 -1
    outer loop
      vertex 149.4 0.60039 0
      vertex 134.671 14.4209 0
      vertex 134.696 14.4133 0
    endloop
  endfacet
  facet normal 0 0 -1
    outer loop
      vertex 120.329 14.4209 0
      vertex 134.671 14.4209 0
      vertex 149.4 0.60039 0
    endloop
  endfacet
  facet normal 0 0 -1
    outer loop
      vertex 134.671 14.4209 0
      vertex 120.329 14.4209 0
      vertex 134.647 14.4301 0
    endloop
  endfacet
  facet normal 0 -0 -1
    outer loop
      vertex 120.353 14.4301 0
      vertex 134.647 14.4301 0
      vertex 120.329 14.4209 0
    endloop
  endfacet
  facet normal 0 0 -1
    outer loop
      vertex 134.647 14.4301 0
      vertex 120.353 14.4301 0
      vertex 134.623 14.4409 0
    endloop
  endfacet
  facet normal 0 -0 -1
    outer loop
      vertex 120.377 14.4409 0
      vertex 134.623 14.4409 0
      vertex 120.353 14.4301 0
    endloop
  endfacet
  facet normal 0 0 -1
    outer loop
      vertex 134.623 14.4409 0
      vertex 120.377 14.4409 0
      vertex 134.6 14.4533 0
    endloop
  endfacet
  facet normal 0 0 -1
    outer loop
      vertex 134.4 14.8 0
      vertex 120.6 14.8 0
      vertex 134.4 29.3996 0
    endloop
  endfacet
  facet normal 0 0 -1
    outer loop
      vertex 134.4 14.7738 0
      vertex 120.6 14.8 0
      vertex 134.4 14.8 0
    endloop
  endfacet
  facet normal 0 0 -1
    outer loop
      vertex 120.6 14.7738 0
      vertex 134.4 14.7738 0
      vertex 134.403 14.7477 0
    endloop
  endfacet
  facet normal 0 0 -1
    outer loop
      vertex 120.597 14.7477 0
      vertex 134.403 14.7477 0
      vertex 134.407 14.7219 0
    endloop
  endfacet
  facet normal 0 0 -1
    outer loop
      vertex 120.593 14.7219 0
      vertex 134.407 14.7219 0
      vertex 134.413 14.6964 0
    endloop
  endfacet
  facet normal 0 0 -1
    outer loop
      vertex 120.587 14.6964 0
      vertex 134.413 14.6964 0
      vertex 134.421 14.6713 0
    endloop
  endfacet
  facet normal 0 0 -1
    outer loop
      vertex 120.579 14.6713 0
      vertex 134.421 14.6713 0
      vertex 134.43 14.6468 0
    endloop
  endfacet
  facet normal 0 0 -1
    outer loop
      vertex 120.57 14.6468 0
      vertex 134.43 14.6468 0
      vertex 134.441 14.6229 0
    endloop
  endfacet
  facet normal 0 0 -1
    outer loop
      vertex 120.559 14.6229 0
      vertex 134.441 14.6229 0
      vertex 134.453 14.5998 0
    endloop
  endfacet
  facet normal 0 0 -1
    outer loop
      vertex 120.547 14.5998 0
      vertex 134.453 14.5998 0
      vertex 134.467 14.5776 0
    endloop
  endfacet
  facet normal 0 0 -1
    outer loop
      vertex 120.533 14.5776 0
      vertex 134.467 14.5776 0
      vertex 134.482 14.5563 0
    endloop
  endfacet
  facet normal 0 0 -1
    outer loop
      vertex 120.518 14.5563 0
      vertex 134.482 14.5563 0
      vertex 134.499 14.536 0
    endloop
  endfacet
  facet normal 0 0 -1
    outer loop
      vertex 120.501 14.536 0
      vertex 134.499 14.536 0
      vertex 134.517 14.5169 0
    endloop
  endfacet
  facet normal 0 0 -1
    outer loop
      vertex 120.483 14.5169 0
      vertex 134.517 14.5169 0
      vertex 134.536 14.499 0
    endloop
  endfacet
  facet normal 0 -0 -1
    outer loop
      vertex 120.4 14.4533 0
      vertex 134.6 14.4533 0
      vertex 120.377 14.4409 0
    endloop
  endfacet
  facet normal 0 0 -1
    outer loop
      vertex 134.4 14.7738 0
      vertex 120.6 14.7738 0
      vertex 120.6 14.8 0
    endloop
  endfacet
  facet normal 0 0 -1
    outer loop
      vertex 134.403 14.7477 0
      vertex 120.597 14.7477 0
      vertex 120.6 14.7738 0
    endloop
  endfacet
  facet normal 0 0 -1
    outer loop
      vertex 134.407 14.7219 0
      vertex 120.593 14.7219 0
      vertex 120.597 14.7477 0
    endloop
  endfacet
  facet normal 0 0 -1
    outer loop
      vertex 134.413 14.6964 0
      vertex 120.587 14.6964 0
      vertex 120.593 14.7219 0
    endloop
  endfacet
  facet normal 0 0 -1
    outer loop
      vertex 134.421 14.6713 0
      vertex 120.579 14.6713 0
      vertex 120.587 14.6964 0
    endloop
  endfacet
  facet normal 0 0 -1
    outer loop
      vertex 134.43 14.6468 0
      vertex 120.57 14.6468 0
      vertex 120.579 14.6713 0
    endloop
  endfacet
  facet normal 0 0 -1
    outer loop
      vertex 134.441 14.6229 0
      vertex 120.559 14.6229 0
      vertex 120.57 14.6468 0
    endloop
  endfacet
  facet normal 0 0 -1
    outer loop
      vertex 134.453 14.5998 0
      vertex 120.547 14.5998 0
      vertex 120.559 14.6229 0
    endloop
  endfacet
  facet normal 0 0 -1
    outer loop
      vertex 134.467 14.5776 0
      vertex 120.533 14.5776 0
      vertex 120.547 14.5998 0
    endloop
  endfacet
  facet normal 0 0 -1
    outer loop
      vertex 134.482 14.5563 0
      vertex 120.518 14.5563 0
      vertex 120.533 14.5776 0
    endloop
  endfacet
  facet normal 0 0 -1
    outer loop
      vertex 134.499 14.536 0
      vertex 120.501 14.536 0
      vertex 120.518 14.5563 0
    endloop
  endfacet
  facet normal 0 0 -1
    outer loop
      vertex 134.517 14.5169 0
      vertex 120.483 14.5169 0
      vertex 120.501 14.536 0
    endloop
  endfacet
  facet normal 0 0 -1
    outer loop
      vertex 134.536 14.499 0
      vertex 120.464 14.499 0
      vertex 120.483 14.5169 0
    endloop
  endfacet
  facet normal -0 0 -1
    outer loop
      vertex 134.536 14.499 0
      vertex 120.444 14.4823 0
      vertex 120.464 14.499 0
    endloop
  endfacet
  facet normal 0 0 -1
    outer loop
      vertex 134.556 14.4823 0
      vertex 120.444 14.4823 0
      vertex 134.536 14.499 0
    endloop
  endfacet
  facet normal 0 -0 -1
    outer loop
      vertex 120.444 14.4823 0
      vertex 134.556 14.4823 0
      vertex 120.422 14.4671 0
    endloop
  endfacet
  facet normal 0 0 -1
    outer loop
      vertex 134.578 14.4671 0
      vertex 120.422 14.4671 0
      vertex 134.556 14.4823 0
    endloop
  endfacet
  facet normal 0 -0 -1
    outer loop
      vertex 120.422 14.4671 0
      vertex 134.578 14.4671 0
      vertex 120.4 14.4533 0
    endloop
  endfacet
  facet normal 0 0 -1
    outer loop
      vertex 134.6 14.4533 0
      vertex 120.4 14.4533 0
      vertex 134.578 14.4671 0
    endloop
  endfacet
  facet normal 0 0 -1
    outer loop
      vertex 149.4 0.60039 0
      vertex 120.304 14.4133 0
      vertex 120.329 14.4209 0
    endloop
  endfacet
  facet normal 0 0 -1
    outer loop
      vertex 149.4 0.60039 0
      vertex 120.278 14.4073 0
      vertex 120.304 14.4133 0
    endloop
  endfacet
  facet normal 0 0 -1
    outer loop
      vertex 149.4 0.60039 0
      vertex 120.252 14.403 0
      vertex 120.278 14.4073 0
    endloop
  endfacet
  facet normal 0 0 -1
    outer loop
      vertex 149.4 0.60039 0
      vertex 120.226 14.4005 0
      vertex 120.252 14.403 0
    endloop
  endfacet
  facet normal 0 0 -1
    outer loop
      vertex 149.4 0.60039 0
      vertex 120.2 14.3996 0
      vertex 120.226 14.4005 0
    endloop
  endfacet
  facet normal 0 0 -1
    outer loop
      vertex 90.6004 0.60039 0
      vertex 120.2 14.3996 0
      vertex 149.4 0.60039 0
    endloop
  endfacet
  facet normal -0 0 -1
    outer loop
      vertex 120.2 14.3996 0
      vertex 90.6004 0.60039 0
      vertex 104.8 14.3996 0
    endloop
  endfacet
  facet normal -0 0 -1
    outer loop
      vertex 104.8 14.3996 0
      vertex 90.6004 0.60039 0
      vertex 104.774 14.4005 0
    endloop
  endfacet
  facet normal -0 0 -1
    outer loop
      vertex 104.774 14.4005 0
      vertex 90.6004 0.60039 0
      vertex 104.748 14.403 0
    endloop
  endfacet
  facet normal -0 0 -1
    outer loop
      vertex 104.748 14.403 0
      vertex 90.6004 0.60039 0
      vertex 104.722 14.4073 0
    endloop
  endfacet
  facet normal -0 0 -1
    outer loop
      vertex 104.722 14.4073 0
      vertex 90.6004 0.60039 0
      vertex 104.696 14.4133 0
    endloop
  endfacet
  facet normal -0 0 -1
    outer loop
      vertex 104.696 14.4133 0
      vertex 90.6004 0.60039 0
      vertex 104.671 14.4209 0
    endloop
  endfacet
  facet normal 0 0 -1
    outer loop
      vertex 90.6004 0.60039 0
      vertex 104.647 14.4301 0
      vertex 104.671 14.4209 0
    endloop
  endfacet
  facet normal 0 0 -1
    outer loop
      vertex 90.6004 0.60039 0
      vertex 104.623 14.4409 0
      vertex 104.647 14.4301 0
    endloop
  endfacet
  facet normal 0 0 -1
    outer loop
      vertex 90.6004 0.60039 0
      vertex 104.6 14.4533 0
      vertex 104.623 14.4409 0
    endloop
  endfacet
  facet normal 0 0 -1
    outer loop
      vertex 90.6004 0.60039 0
      vertex 104.578 14.4671 0
      vertex 104.6 14.4533 0
    endloop
  endfacet
  facet normal 0 0 -1
    outer loop
      vertex 90.6004 0.60039 0
      vertex 104.556 14.4823 0
      vertex 104.578 14.4671 0
    endloop
  endfacet
  facet normal 0 0 -1
    outer loop
      vertex 90.6004 0.60039 0
      vertex 104.536 14.499 0
      vertex 104.556 14.4823 0
    endloop
  endfacet
  facet normal 0 0 -1
    outer loop
      vertex 90.6004 0.60039 0
      vertex 104.517 14.5169 0
      vertex 104.536 14.499 0
    endloop
  endfacet
  facet normal 0 0 -1
    outer loop
      vertex 90.6004 0.60039 0
      vertex 104.499 14.536 0
      vertex 104.517 14.5169 0
    endloop
  endfacet
  facet normal 0 0 -1
    outer loop
      vertex 90.6004 0.60039 0
      vertex 104.482 14.5563 0
      vertex 104.499 14.536 0
    endloop
  endfacet
  facet normal 0 0 -1
    outer loop
      vertex 90.6004 0.60039 0
      vertex 104.467 14.5776 0
      vertex 104.482 14.5563 0
    endloop
  endfacet
  facet normal 0 0 -1
    outer loop
      vertex 90.6004 0.60039 0
      vertex 104.453 14.5998 0
      vertex 104.467 14.5776 0
    endloop
  endfacet
  facet normal 0 0 -1
    outer loop
      vertex 90.6004 0.60039 0
      vertex 104.441 14.6229 0
      vertex 104.453 14.5998 0
    endloop
  endfacet
  facet normal 0 0 -1
    outer loop
      vertex 90.6004 0.60039 0
      vertex 104.43 14.6468 0
      vertex 104.441 14.6229 0
    endloop
  endfacet
  facet normal 0 0 -1
    outer loop
      vertex 90.6004 0.60039 0
      vertex 104.421 14.6713 0
      vertex 104.43 14.6468 0
    endloop
  endfacet
  facet normal 0 0 -1
    outer loop
      vertex 90.6004 0.60039 0
      vertex 104.413 14.6964 0
      vertex 104.421 14.6713 0
    endloop
  endfacet
  facet normal 0 0 -1
    outer loop
      vertex 90.6004 0.60039 0
      vertex 104.407 14.7219 0
      vertex 104.413 14.6964 0
    endloop
  endfacet
  facet normal 0 0 -1
    outer loop
      vertex 90.6004 0.60039 0
      vertex 104.403 14.7477 0
      vertex 104.407 14.7219 0
    endloop
  endfacet
  facet normal 0 0 -1
    outer loop
      vertex 90.6004 0.60039 0
      vertex 104.4 14.7738 0
      vertex 104.403 14.7477 0
    endloop
  endfacet
  facet normal 0 0 -1
    outer loop
      vertex 90.6004 0.60039 0
      vertex 104.4 14.8 0
      vertex 104.4 14.7738 0
    endloop
  endfacet
  facet normal 0 0 -1
    outer loop
      vertex 90.6004 29.3996 0
      vertex 104.4 14.8 0
      vertex 90.6004 0.60039 0
    endloop
  endfacet
  facet normal 0 0 -1
    outer loop
      vertex 104.4 14.8 0
      vertex 90.6004 29.3996 0
      vertex 104.4 29.3996 0
    endloop
  endfacet
  facet normal -0 0 -1
    outer loop
      vertex 134.4 29.3996 0
      vertex 120.6 14.8 0
      vertex 120.6 29.3996 0
    endloop
  endfacet
  facet normal 0 -0.707107 0.707107
    outer loop
      vertex 90.2 0.2 1.59961
      vertex 149.4 0.60039 2
      vertex 90.6004 0.60039 2
    endloop
  endfacet
  facet normal 0 -0.707107 0.707107
    outer loop
      vertex 149.4 0.60039 2
      vertex 90.2 0.2 1.59961
      vertex 149.8 0.2 1.59961
    endloop
  endfacet
  facet normal 0.707451 -0 0.706762
    outer loop
      vertex 149.4 0.60039 2
      vertex 149.8 14.8 1.59961
      vertex 149.4 14.3996 2
    endloop
  endfacet
  facet normal 0.707451 0 0.706762
    outer loop
      vertex 149.8 14.8 1.59961
      vertex 149.4 0.60039 2
      vertex 149.8 0.2 1.59961
    endloop
  endfacet
  facet normal -0 0.707098 0.707116
    outer loop
      vertex 134.8 14.8 1.59961
      vertex 149.4 14.3996 2
      vertex 149.8 14.8 1.59961
    endloop
  endfacet
  facet normal 0 0.707098 0.707116
    outer loop
      vertex 149.4 14.3996 2
      vertex 134.8 14.8 1.59961
      vertex 134.8 14.3996 2
    endloop
  endfacet
  facet normal 0.0244691 0.706886 0.706904
    outer loop
      vertex 134.8 14.3996 2
      vertex 134.8 14.8 1.59961
      vertex 134.774 14.4005 2
    endloop
  endfacet
  facet normal 0.0676988 0.704068 0.706899
    outer loop
      vertex 134.774 14.4005 2
      vertex 134.8 14.8 1.59961
      vertex 134.748 14.403 2
    endloop
  endfacet
  facet normal 0.11541 0.697827 0.706907
    outer loop
      vertex 134.748 14.403 2
      vertex 134.8 14.8 1.59961
      vertex 134.722 14.4073 2
    endloop
  endfacet
  facet normal 0.159041 0.689177 0.706923
    outer loop
      vertex 134.722 14.4073 2
      vertex 134.8 14.8 1.59961
      vertex 134.696 14.4133 2
    endloop
  endfacet
  facet normal 0.205708 0.676671 0.706966
    outer loop
      vertex 134.696 14.4133 2
      vertex 134.8 14.8 1.59961
      vertex 134.671 14.4209 2
    endloop
  endfacet
  facet normal 0.253173 0.66045 0.706901
    outer loop
      vertex 134.671 14.4209 2
      vertex 134.8 14.8 1.59961
      vertex 134.647 14.4301 2
    endloop
  endfacet
  facet normal 0.290275 0.645055 0.706855
    outer loop
      vertex 134.647 14.4301 2
      vertex 134.8 14.8 1.59961
      vertex 134.623 14.4409 2
    endloop
  endfacet
  facet normal 0.33569 0.62265 0.706838
    outer loop
      vertex 134.623 14.4409 2
      vertex 134.8 14.8 1.59961
      vertex 134.6 14.4533 2
    endloop
  endfacet
  facet normal 0.375938 0.599322 0.706742
    outer loop
      vertex 134.6 14.4533 2
      vertex 134.8 14.8 1.59961
      vertex 134.578 14.4671 2
    endloop
  endfacet
  facet normal 0.402098 0.581984 0.706832
    outer loop
      vertex 134.578 14.4671 2
      vertex 134.8 14.8 1.59961
      vertex 134.556 14.4823 2
    endloop
  endfacet
  facet normal 0.45329 0.542862 0.706986
    outer loop
      vertex 134.556 14.4823 2
      vertex 134.8 14.8 1.59961
      vertex 134.536 14.499 2
    endloop
  endfacet
  facet normal 0.485044 0.514852 0.706866
    outer loop
      vertex 134.536 14.499 2
      vertex 134.8 14.8 1.59961
      vertex 134.517 14.5169 2
    endloop
  endfacet
  facet normal 0.514775 0.485129 0.706864
    outer loop
      vertex 134.517 14.5169 2
      vertex 134.8 14.8 1.59961
      vertex 134.499 14.536 2
    endloop
  endfacet
  facet normal 0.542202 0.454061 0.706998
    outer loop
      vertex 134.499 14.536 2
      vertex 134.8 14.8 1.59961
      vertex 134.482 14.5563 2
    endloop
  endfacet
  facet normal 0.578188 0.407175 0.707041
    outer loop
      vertex 134.482 14.5563 2
      vertex 134.8 14.8 1.59961
      vertex 134.467 14.5776 2
    endloop
  endfacet
  facet normal 0.598173 0.377227 0.707028
    outer loop
      vertex 134.467 14.5776 2
      vertex 134.8 14.8 1.59961
      vertex 134.453 14.5998 2
    endloop
  endfacet
  facet normal 0.627624 0.326038 0.706956
    outer loop
      vertex 134.453 14.5998 2
      vertex 134.8 14.8 1.59961
      vertex 134.441 14.6229 2
    endloop
  endfacet
  facet normal 0.642522 0.295721 0.706905
    outer loop
      vertex 134.441 14.6229 2
      vertex 134.8 14.8 1.59961
      vertex 134.43 14.6468 2
    endloop
  endfacet
  facet normal 0.663952 0.243901 0.70688
    outer loop
      vertex 134.43 14.6468 2
      vertex 134.8 14.8 1.59961
      vertex 134.421 14.6713 2
    endloop
  endfacet
  facet normal 0.673887 0.214785 0.706926
    outer loop
      vertex 134.421 14.6713 2
      vertex 134.8 14.8 1.59961
      vertex 134.413 14.6964 2
    endloop
  endfacet
  facet normal 0.688266 0.161945 0.707152
    outer loop
      vertex 134.413 14.6964 2
      vertex 134.8 14.8 1.59961
      vertex 134.407 14.7219 2
    endloop
  endfacet
  facet normal 0.698815 0.108343 0.70705
    outer loop
      vertex 134.407 14.7219 2
      vertex 134.8 14.8 1.59961
      vertex 134.403 14.7477 2
    endloop
  endfacet
  facet normal 0.702494 0.0807465 0.707094
    outer loop
      vertex 134.403 14.7477 2
      vertex 134.8 14.8 1.59961
      vertex 134.4 14.7738 2
    endloop
  endfacet
  facet normal 0.707451 -0 0.706762
    outer loop
      vertex 134.4 14.7738 2
      vertex 134.8 14.8 1.59961
      vertex 134.4 14.8 2
    endloop
  endfacet
  facet normal 0.707451 0 0.706762
    outer loop
      vertex 134.8 14.8 1.59961
      vertex 134.4 29.3996 2
      vertex 134.4 14.8 2
    endloop
  endfacet
  facet normal 0.707451 0 0.706762
    outer loop
      vertex 134.4 29.3996 2
      vertex 134.8 14.8 1.59961
      vertex 134.8 29.8 1.59961
    endloop
  endfacet
  facet normal 0 0.707098 0.707116
    outer loop
      vertex 134.8 29.8 1.59961
      vertex 120.6 29.3996 2
      vertex 134.4 29.3996 2
    endloop
  endfacet
  facet normal 0 0.707098 0.707116
    outer loop
      vertex 120.6 29.3996 2
      vertex 134.8 29.8 1.59961
      vertex 120.2 29.8 1.59961
    endloop
  endfacet
  facet normal -0.707451 0 0.706762
    outer loop
      vertex 120.2 14.8 1.59961
      vertex 120.6 29.3996 2
      vertex 120.2 29.8 1.59961
    endloop
  endfacet
  facet normal -0.707451 0 0.706762
    outer loop
      vertex 120.6 29.3996 2
      vertex 120.2 14.8 1.59961
      vertex 120.6 14.8 2
    endloop
  endfacet
  facet normal -0.707451 0 0.706762
    outer loop
      vertex 120.6 14.7738 2
      vertex 120.6 14.8 2
      vertex 120.2 14.8 1.59961
    endloop
  endfacet
  facet normal -0.702494 0.0807465 0.707094
    outer loop
      vertex 120.597 14.7477 2
      vertex 120.6 14.7738 2
      vertex 120.2 14.8 1.59961
    endloop
  endfacet
  facet normal -0.698815 0.108343 0.70705
    outer loop
      vertex 120.593 14.7219 2
      vertex 120.597 14.7477 2
      vertex 120.2 14.8 1.59961
    endloop
  endfacet
  facet normal -0.688266 0.161945 0.707152
    outer loop
      vertex 120.587 14.6964 2
      vertex 120.593 14.7219 2
      vertex 120.2 14.8 1.59961
    endloop
  endfacet
  facet normal -0.673887 0.214785 0.706926
    outer loop
      vertex 120.579 14.6713 2
      vertex 120.587 14.6964 2
      vertex 120.2 14.8 1.59961
    endloop
  endfacet
  facet normal -0.663952 0.243901 0.70688
    outer loop
      vertex 120.57 14.6468 2
      vertex 120.579 14.6713 2
      vertex 120.2 14.8 1.59961
    endloop
  endfacet
  facet normal -0.642522 0.295721 0.706905
    outer loop
      vertex 120.559 14.6229 2
      vertex 120.57 14.6468 2
      vertex 120.2 14.8 1.59961
    endloop
  endfacet
  facet normal -0.627624 0.326038 0.706956
    outer loop
      vertex 120.547 14.5998 2
      vertex 120.559 14.6229 2
      vertex 120.2 14.8 1.59961
    endloop
  endfacet
  facet normal -0.598173 0.377227 0.707028
    outer loop
      vertex 120.533 14.5776 2
      vertex 120.547 14.5998 2
      vertex 120.2 14.8 1.59961
    endloop
  endfacet
  facet normal -0.578188 0.407175 0.707041
    outer loop
      vertex 120.518 14.5563 2
      vertex 120.533 14.5776 2
      vertex 120.2 14.8 1.59961
    endloop
  endfacet
  facet normal -0.542202 0.454061 0.706998
    outer loop
      vertex 120.501 14.536 2
      vertex 120.518 14.5563 2
      vertex 120.2 14.8 1.59961
    endloop
  endfacet
  facet normal -0.514775 0.485129 0.706864
    outer loop
      vertex 120.483 14.5169 2
      vertex 120.501 14.536 2
      vertex 120.2 14.8 1.59961
    endloop
  endfacet
  facet normal -0.485044 0.514852 0.706866
    outer loop
      vertex 120.464 14.499 2
      vertex 120.483 14.5169 2
      vertex 120.2 14.8 1.59961
    endloop
  endfacet
  facet normal -0.45329 0.542862 0.706986
    outer loop
      vertex 120.444 14.4823 2
      vertex 120.464 14.499 2
      vertex 120.2 14.8 1.59961
    endloop
  endfacet
  facet normal -0.402098 0.581984 0.706832
    outer loop
      vertex 120.422 14.4671 2
      vertex 120.444 14.4823 2
      vertex 120.2 14.8 1.59961
    endloop
  endfacet
  facet normal -0.375938 0.599322 0.706742
    outer loop
      vertex 120.4 14.4533 2
      vertex 120.422 14.4671 2
      vertex 120.2 14.8 1.59961
    endloop
  endfacet
  facet normal -0.33569 0.62265 0.706838
    outer loop
      vertex 120.377 14.4409 2
      vertex 120.4 14.4533 2
      vertex 120.2 14.8 1.59961
    endloop
  endfacet
  facet normal -0.290275 0.645055 0.706855
    outer loop
      vertex 120.353 14.4301 2
      vertex 120.377 14.4409 2
      vertex 120.2 14.8 1.59961
    endloop
  endfacet
  facet normal -0.253173 0.66045 0.706901
    outer loop
      vertex 120.329 14.4209 2
      vertex 120.353 14.4301 2
      vertex 120.2 14.8 1.59961
    endloop
  endfacet
  facet normal -0.205708 0.676671 0.706966
    outer loop
      vertex 120.304 14.4133 2
      vertex 120.329 14.4209 2
      vertex 120.2 14.8 1.59961
    endloop
  endfacet
  facet normal -0.159041 0.689177 0.706923
    outer loop
      vertex 120.278 14.4073 2
      vertex 120.304 14.4133 2
      vertex 120.2 14.8 1.59961
    endloop
  endfacet
  facet normal -0.11541 0.697827 0.706907
    outer loop
      vertex 120.252 14.403 2
      vertex 120.278 14.4073 2
      vertex 120.2 14.8 1.59961
    endloop
  endfacet
  facet normal -0.0676988 0.704068 0.706899
    outer loop
      vertex 120.226 14.4005 2
      vertex 120.252 14.403 2
      vertex 120.2 14.8 1.59961
    endloop
  endfacet
  facet normal -0.0244691 0.706886 0.706904
    outer loop
      vertex 120.226 14.4005 2
      vertex 120.2 14.8 1.59961
      vertex 120.2 14.3996 2
    endloop
  endfacet
  facet normal 0 0.707098 0.707116
    outer loop
      vertex 120.2 14.8 1.59961
      vertex 104.8 14.3996 2
      vertex 120.2 14.3996 2
    endloop
  endfacet
  facet normal 0 0.707098 0.707116
    outer loop
      vertex 104.8 14.3996 2
      vertex 120.2 14.8 1.59961
      vertex 104.8 14.8 1.59961
    endloop
  endfacet
  facet normal 0.0244691 0.706886 0.706904
    outer loop
      vertex 104.8 14.3996 2
      vertex 104.8 14.8 1.59961
      vertex 104.774 14.4005 2
    endloop
  endfacet
  facet normal 0.0676988 0.704068 0.706899
    outer loop
      vertex 104.774 14.4005 2
      vertex 104.8 14.8 1.59961
      vertex 104.748 14.403 2
    endloop
  endfacet
  facet normal 0.11541 0.697827 0.706907
    outer loop
      vertex 104.748 14.403 2
      vertex 104.8 14.8 1.59961
      vertex 104.722 14.4073 2
    endloop
  endfacet
  facet normal 0.159041 0.689177 0.706923
    outer loop
      vertex 104.722 14.4073 2
      vertex 104.8 14.8 1.59961
      vertex 104.696 14.4133 2
    endloop
  endfacet
  facet normal 0.205708 0.676671 0.706966
    outer loop
      vertex 104.696 14.4133 2
      vertex 104.8 14.8 1.59961
      vertex 104.671 14.4209 2
    endloop
  endfacet
  facet normal 0.253173 0.66045 0.706901
    outer loop
      vertex 104.671 14.4209 2
      vertex 104.8 14.8 1.59961
      vertex 104.647 14.4301 2
    endloop
  endfacet
  facet normal 0.290275 0.645055 0.706855
    outer loop
      vertex 104.647 14.4301 2
      vertex 104.8 14.8 1.59961
      vertex 104.623 14.4409 2
    endloop
  endfacet
  facet normal 0.33569 0.62265 0.706838
    outer loop
      vertex 104.623 14.4409 2
      vertex 104.8 14.8 1.59961
      vertex 104.6 14.4533 2
    endloop
  endfacet
  facet normal 0.375938 0.599322 0.706742
    outer loop
      vertex 104.6 14.4533 2
      vertex 104.8 14.8 1.59961
      vertex 104.578 14.4671 2
    endloop
  endfacet
  facet normal 0.402098 0.581984 0.706832
    outer loop
      vertex 104.578 14.4671 2
      vertex 104.8 14.8 1.59961
      vertex 104.556 14.4823 2
    endloop
  endfacet
  facet normal 0.45329 0.542862 0.706986
    outer loop
      vertex 104.556 14.4823 2
      vertex 104.8 14.8 1.59961
      vertex 104.536 14.499 2
    endloop
  endfacet
  facet normal 0.485044 0.514852 0.706866
    outer loop
      vertex 104.536 14.499 2
      vertex 104.8 14.8 1.59961
      vertex 104.517 14.5169 2
    endloop
  endfacet
  facet normal 0.514775 0.485129 0.706864
    outer loop
      vertex 104.517 14.5169 2
      vertex 104.8 14.8 1.59961
      vertex 104.499 14.536 2
    endloop
  endfacet
  facet normal 0.542202 0.454061 0.706998
    outer loop
      vertex 104.499 14.536 2
      vertex 104.8 14.8 1.59961
      vertex 104.482 14.5563 2
    endloop
  endfacet
  facet normal 0.578188 0.407175 0.707041
    outer loop
      vertex 104.482 14.5563 2
      vertex 104.8 14.8 1.59961
      vertex 104.467 14.5776 2
    endloop
  endfacet
  facet normal 0.598173 0.377227 0.707028
    outer loop
      vertex 104.467 14.5776 2
      vertex 104.8 14.8 1.59961
      vertex 104.453 14.5998 2
    endloop
  endfacet
  facet normal 0.627624 0.326038 0.706956
    outer loop
      vertex 104.453 14.5998 2
      vertex 104.8 14.8 1.59961
      vertex 104.441 14.6229 2
    endloop
  endfacet
  facet normal 0.642522 0.295721 0.706905
    outer loop
      vertex 104.441 14.6229 2
      vertex 104.8 14.8 1.59961
      vertex 104.43 14.6468 2
    endloop
  endfacet
  facet normal 0.663952 0.243901 0.70688
    outer loop
      vertex 104.43 14.6468 2
      vertex 104.8 14.8 1.59961
      vertex 104.421 14.6713 2
    endloop
  endfacet
  facet normal 0.673887 0.214785 0.706926
    outer loop
      vertex 104.421 14.6713 2
      vertex 104.8 14.8 1.59961
      vertex 104.413 14.6964 2
    endloop
  endfacet
  facet normal 0.688266 0.161945 0.707152
    outer loop
      vertex 104.413 14.6964 2
      vertex 104.8 14.8 1.59961
      vertex 104.407 14.7219 2
    endloop
  endfacet
  facet normal 0.698815 0.108343 0.70705
    outer loop
      vertex 104.407 14.7219 2
      vertex 104.8 14.8 1.59961
      vertex 104.403 14.7477 2
    endloop
  endfacet
  facet normal 0.702494 0.0807465 0.707094
    outer loop
      vertex 104.403 14.7477 2
      vertex 104.8 14.8 1.59961
      vertex 104.4 14.7738 2
    endloop
  endfacet
  facet normal 0.707451 -0 0.706762
    outer loop
      vertex 104.4 14.7738 2
      vertex 104.8 14.8 1.59961
      vertex 104.4 14.8 2
    endloop
  endfacet
  facet normal 0.707451 0 0.706762
    outer loop
      vertex 104.8 14.8 1.59961
      vertex 104.4 29.3996 2
      vertex 104.4 14.8 2
    endloop
  endfacet
  facet normal 0.707451 0 0.706762
    outer loop
      vertex 104.4 29.3996 2
      vertex 104.8 14.8 1.59961
      vertex 104.8 29.8 1.59961
    endloop
  endfacet
  facet normal 0 0.707098 0.707116
    outer loop
      vertex 104.8 29.8 1.59961
      vertex 90.6004 29.3996 2
      vertex 104.4 29.3996 2
    endloop
  endfacet
  facet normal 0 0.707098 0.707116
    outer loop
      vertex 90.6004 29.3996 2
      vertex 104.8 29.8 1.59961
      vertex 90.2 29.8 1.59961
    endloop
  endfacet
  facet normal -0.707098 0 0.707116
    outer loop
      vertex 90.2 29.8 1.59961
      vertex 90.6004 0.60039 2
      vertex 90.6004 29.3996 2
    endloop
  endfacet
  facet normal -0.707098 0 0.707116
    outer loop
      vertex 90.6004 0.60039 2
      vertex 90.2 29.8 1.59961
      vertex 90.2 0.2 1.59961
    endloop
  endfacet
  facet normal 0 0 1
    outer loop
      vertex 104.4 29.3996 2
      vertex 90.6004 29.3996 2
      vertex 104.4 14.8 2
    endloop
  endfacet
  facet normal 0 0 1
    outer loop
      vertex 134.4 29.3996 2
      vertex 120.6 29.3996 2
      vertex 134.4 14.8 2
    endloop
  endfacet
  facet normal -0 0 1
    outer loop
      vertex 134.8 14.3996 2
      vertex 149.4 0.60039 2
      vertex 149.4 14.3996 2
    endloop
  endfacet
  facet normal 0 0 1
    outer loop
      vertex 134.774 14.4005 2
      vertex 149.4 0.60039 2
      vertex 134.8 14.3996 2
    endloop
  endfacet
  facet normal 0 0 1
    outer loop
      vertex 134.748 14.403 2
      vertex 149.4 0.60039 2
      vertex 134.774 14.4005 2
    endloop
  endfacet
  facet normal 0 0 1
    outer loop
      vertex 134.722 14.4073 2
      vertex 149.4 0.60039 2
      vertex 134.748 14.403 2
    endloop
  endfacet
  facet normal 0 0 1
    outer loop
      vertex 134.696 14.4133 2
      vertex 149.4 0.60039 2
      vertex 134.722 14.4073 2
    endloop
  endfacet
  facet normal 0 0 1
    outer loop
      vertex 134.671 14.4209 2
      vertex 149.4 0.60039 2
      vertex 134.696 14.4133 2
    endloop
  endfacet
  facet normal 0 0 1
    outer loop
      vertex 120.329 14.4209 2
      vertex 134.671 14.4209 2
      vertex 134.647 14.4301 2
    endloop
  endfacet
  facet normal 0 0 1
    outer loop
      vertex 120.353 14.4301 2
      vertex 134.647 14.4301 2
      vertex 134.623 14.4409 2
    endloop
  endfacet
  facet normal 0 0 1
    outer loop
      vertex 120.377 14.4409 2
      vertex 134.623 14.4409 2
      vertex 134.6 14.4533 2
    endloop
  endfacet
  facet normal 0 0 1
    outer loop
      vertex 120.4 14.4533 2
      vertex 134.6 14.4533 2
      vertex 134.578 14.4671 2
    endloop
  endfacet
  facet normal 0 0 1
    outer loop
      vertex 120.422 14.4671 2
      vertex 134.578 14.4671 2
      vertex 134.556 14.4823 2
    endloop
  endfacet
  facet normal 0 0 1
    outer loop
      vertex 120.444 14.4823 2
      vertex 134.556 14.4823 2
      vertex 134.536 14.499 2
    endloop
  endfacet
  facet normal 0 0 1
    outer loop
      vertex 120.6 14.8 2
      vertex 134.4 14.8 2
      vertex 120.6 29.3996 2
    endloop
  endfacet
  facet normal 0 0 1
    outer loop
      vertex 134.4 14.8 2
      vertex 120.6 14.8 2
      vertex 134.4 14.7738 2
    endloop
  endfacet
  facet normal 0 0 1
    outer loop
      vertex 120.6 14.7738 2
      vertex 134.4 14.7738 2
      vertex 120.6 14.8 2
    endloop
  endfacet
  facet normal 0 0 1
    outer loop
      vertex 134.4 14.7738 2
      vertex 120.6 14.7738 2
      vertex 134.403 14.7477 2
    endloop
  endfacet
  facet normal 0 0 1
    outer loop
      vertex 120.597 14.7477 2
      vertex 134.403 14.7477 2
      vertex 120.6 14.7738 2
    endloop
  endfacet
  facet normal 0 0 1
    outer loop
      vertex 134.403 14.7477 2
      vertex 120.597 14.7477 2
      vertex 134.407 14.7219 2
    endloop
  endfacet
  facet normal 0 0 1
    outer loop
      vertex 120.593 14.7219 2
      vertex 134.407 14.7219 2
      vertex 120.597 14.7477 2
    endloop
  endfacet
  facet normal 0 0 1
    outer loop
      vertex 134.407 14.7219 2
      vertex 120.593 14.7219 2
      vertex 134.413 14.6964 2
    endloop
  endfacet
  facet normal 0 0 1
    outer loop
      vertex 120.587 14.6964 2
      vertex 134.413 14.6964 2
      vertex 120.593 14.7219 2
    endloop
  endfacet
  facet normal 0 0 1
    outer loop
      vertex 134.413 14.6964 2
      vertex 120.587 14.6964 2
      vertex 134.421 14.6713 2
    endloop
  endfacet
  facet normal 0 0 1
    outer loop
      vertex 120.579 14.6713 2
      vertex 134.421 14.6713 2
      vertex 120.587 14.6964 2
    endloop
  endfacet
  facet normal 0 0 1
    outer loop
      vertex 134.421 14.6713 2
      vertex 120.579 14.6713 2
      vertex 134.43 14.6468 2
    endloop
  endfacet
  facet normal 0 0 1
    outer loop
      vertex 120.57 14.6468 2
      vertex 134.43 14.6468 2
      vertex 120.579 14.6713 2
    endloop
  endfacet
  facet normal 0 0 1
    outer loop
      vertex 134.43 14.6468 2
      vertex 120.57 14.6468 2
      vertex 134.441 14.6229 2
    endloop
  endfacet
  facet normal 0 0 1
    outer loop
      vertex 120.559 14.6229 2
      vertex 134.441 14.6229 2
      vertex 120.57 14.6468 2
    endloop
  endfacet
  facet normal 0 0 1
    outer loop
      vertex 134.441 14.6229 2
      vertex 120.559 14.6229 2
      vertex 134.453 14.5998 2
    endloop
  endfacet
  facet normal 0 0 1
    outer loop
      vertex 120.547 14.5998 2
      vertex 134.453 14.5998 2
      vertex 120.559 14.6229 2
    endloop
  endfacet
  facet normal 0 0 1
    outer loop
      vertex 134.453 14.5998 2
      vertex 120.547 14.5998 2
      vertex 134.467 14.5776 2
    endloop
  endfacet
  facet normal 0 0 1
    outer loop
      vertex 120.533 14.5776 2
      vertex 134.467 14.5776 2
      vertex 120.547 14.5998 2
    endloop
  endfacet
  facet normal 0 0 1
    outer loop
      vertex 134.467 14.5776 2
      vertex 120.533 14.5776 2
      vertex 134.482 14.5563 2
    endloop
  endfacet
  facet normal 0 0 1
    outer loop
      vertex 120.518 14.5563 2
      vertex 134.482 14.5563 2
      vertex 120.533 14.5776 2
    endloop
  endfacet
  facet normal 0 0 1
    outer loop
      vertex 134.482 14.5563 2
      vertex 120.518 14.5563 2
      vertex 134.499 14.536 2
    endloop
  endfacet
  facet normal 0 0 1
    outer loop
      vertex 120.501 14.536 2
      vertex 134.499 14.536 2
      vertex 120.518 14.5563 2
    endloop
  endfacet
  facet normal 0 0 1
    outer loop
      vertex 134.499 14.536 2
      vertex 120.501 14.536 2
      vertex 134.517 14.5169 2
    endloop
  endfacet
  facet normal 0 0 1
    outer loop
      vertex 120.483 14.5169 2
      vertex 134.517 14.5169 2
      vertex 120.501 14.536 2
    endloop
  endfacet
  facet normal 0 0 1
    outer loop
      vertex 134.517 14.5169 2
      vertex 120.483 14.5169 2
      vertex 134.536 14.499 2
    endloop
  endfacet
  facet normal 0 0 1
    outer loop
      vertex 120.464 14.499 2
      vertex 134.536 14.499 2
      vertex 120.483 14.5169 2
    endloop
  endfacet
  facet normal 0 0 1
    outer loop
      vertex 120.444 14.4823 2
      vertex 134.536 14.499 2
      vertex 120.464 14.499 2
    endloop
  endfacet
  facet normal 0 0 1
    outer loop
      vertex 134.556 14.4823 2
      vertex 120.444 14.4823 2
      vertex 120.422 14.4671 2
    endloop
  endfacet
  facet normal 0 0 1
    outer loop
      vertex 134.578 14.4671 2
      vertex 120.422 14.4671 2
      vertex 120.4 14.4533 2
    endloop
  endfacet
  facet normal 0 0 1
    outer loop
      vertex 134.6 14.4533 2
      vertex 120.4 14.4533 2
      vertex 120.377 14.4409 2
    endloop
  endfacet
  facet normal 0 0 1
    outer loop
      vertex 134.623 14.4409 2
      vertex 120.377 14.4409 2
      vertex 120.353 14.4301 2
    endloop
  endfacet
  facet normal 0 0 1
    outer loop
      vertex 134.647 14.4301 2
      vertex 120.353 14.4301 2
      vertex 120.329 14.4209 2
    endloop
  endfacet
  facet normal 0 0 1
    outer loop
      vertex 134.671 14.4209 2
      vertex 120.329 14.4209 2
      vertex 149.4 0.60039 2
    endloop
  endfacet
  facet normal -0 0 1
    outer loop
      vertex 120.304 14.4133 2
      vertex 149.4 0.60039 2
      vertex 120.329 14.4209 2
    endloop
  endfacet
  facet normal -0 0 1
    outer loop
      vertex 120.278 14.4073 2
      vertex 149.4 0.60039 2
      vertex 120.304 14.4133 2
    endloop
  endfacet
  facet normal -0 0 1
    outer loop
      vertex 120.252 14.403 2
      vertex 149.4 0.60039 2
      vertex 120.278 14.4073 2
    endloop
  endfacet
  facet normal -0 0 1
    outer loop
      vertex 120.226 14.4005 2
      vertex 149.4 0.60039 2
      vertex 120.252 14.403 2
    endloop
  endfacet
  facet normal -0 0 1
    outer loop
      vertex 120.2 14.3996 2
      vertex 149.4 0.60039 2
      vertex 120.226 14.4005 2
    endloop
  endfacet
  facet normal 0 0 1
    outer loop
      vertex 90.6004 0.60039 2
      vertex 120.2 14.3996 2
      vertex 104.8 14.3996 2
    endloop
  endfacet
  facet normal 0 0 1
    outer loop
      vertex 90.6004 0.60039 2
      vertex 104.8 14.3996 2
      vertex 104.774 14.4005 2
    endloop
  endfacet
  facet normal 0 0 1
    outer loop
      vertex 90.6004 0.60039 2
      vertex 104.774 14.4005 2
      vertex 104.748 14.403 2
    endloop
  endfacet
  facet normal 0 0 1
    outer loop
      vertex 90.6004 0.60039 2
      vertex 104.748 14.403 2
      vertex 104.722 14.4073 2
    endloop
  endfacet
  facet normal 0 0 1
    outer loop
      vertex 90.6004 0.60039 2
      vertex 104.722 14.4073 2
      vertex 104.696 14.4133 2
    endloop
  endfacet
  facet normal 0 0 1
    outer loop
      vertex 90.6004 0.60039 2
      vertex 104.696 14.4133 2
      vertex 104.671 14.4209 2
    endloop
  endfacet
  facet normal 0 0 1
    outer loop
      vertex 90.6004 0.60039 2
      vertex 104.4 14.8 2
      vertex 90.6004 29.3996 2
    endloop
  endfacet
  facet normal 0 0 1
    outer loop
      vertex 104.4 14.8 2
      vertex 90.6004 0.60039 2
      vertex 104.4 14.7738 2
    endloop
  endfacet
  facet normal 0 0 1
    outer loop
      vertex 104.4 14.7738 2
      vertex 90.6004 0.60039 2
      vertex 104.403 14.7477 2
    endloop
  endfacet
  facet normal 0 0 1
    outer loop
      vertex 104.403 14.7477 2
      vertex 90.6004 0.60039 2
      vertex 104.407 14.7219 2
    endloop
  endfacet
  facet normal 0 0 1
    outer loop
      vertex 104.407 14.7219 2
      vertex 90.6004 0.60039 2
      vertex 104.413 14.6964 2
    endloop
  endfacet
  facet normal 0 0 1
    outer loop
      vertex 104.413 14.6964 2
      vertex 90.6004 0.60039 2
      vertex 104.421 14.6713 2
    endloop
  endfacet
  facet normal 0 0 1
    outer loop
      vertex 104.421 14.6713 2
      vertex 90.6004 0.60039 2
      vertex 104.43 14.6468 2
    endloop
  endfacet
  facet normal 0 0 1
    outer loop
      vertex 104.43 14.6468 2
      vertex 90.6004 0.60039 2
      vertex 104.441 14.6229 2
    endloop
  endfacet
  facet normal 0 0 1
    outer loop
      vertex 104.441 14.6229 2
      vertex 90.6004 0.60039 2
      vertex 104.453 14.5998 2
    endloop
  endfacet
  facet normal 0 0 1
    outer loop
      vertex 104.453 14.5998 2
      vertex 90.6004 0.60039 2
      vertex 104.467 14.5776 2
    endloop
  endfacet
  facet normal 0 0 1
    outer loop
      vertex 104.467 14.5776 2
      vertex 90.6004 0.60039 2
      vertex 104.482 14.5563 2
    endloop
  endfacet
  facet normal 0 0 1
    outer loop
      vertex 120.2 14.3996 2
      vertex 90.6004 0.60039 2
      vertex 149.4 0.60039 2
    endloop
  endfacet
  facet normal 0 0 1
    outer loop
      vertex 104.647 14.4301 2
      vertex 90.6004 0.60039 2
      vertex 104.671 14.4209 2
    endloop
  endfacet
  facet normal 0 0 1
    outer loop
      vertex 104.623 14.4409 2
      vertex 90.6004 0.60039 2
      vertex 104.647 14.4301 2
    endloop
  endfacet
  facet normal 0 0 1
    outer loop
      vertex 104.6 14.4533 2
      vertex 90.6004 0.60039 2
      vertex 104.623 14.4409 2
    endloop
  endfacet
  facet normal 0 0 1
    outer loop
      vertex 104.578 14.4671 2
      vertex 90.6004 0.60039 2
      vertex 104.6 14.4533 2
    endloop
  endfacet
  facet normal 0 0 1
    outer loop
      vertex 104.556 14.4823 2
      vertex 90.6004 0.60039 2
      vertex 104.578 14.4671 2
    endloop
  endfacet
  facet normal 0 0 1
    outer loop
      vertex 104.536 14.499 2
      vertex 90.6004 0.60039 2
      vertex 104.556 14.4823 2
    endloop
  endfacet
  facet normal 0 0 1
    outer loop
      vertex 104.517 14.5169 2
      vertex 90.6004 0.60039 2
      vertex 104.536 14.499 2
    endloop
  endfacet
  facet normal 0 0 1
    outer loop
      vertex 104.499 14.536 2
      vertex 90.6004 0.60039 2
      vertex 104.517 14.5169 2
    endloop
  endfacet
  facet normal 0 0 1
    outer loop
      vertex 104.482 14.5563 2
      vertex 90.6004 0.60039 2
      vertex 104.499 14.536 2
    endloop
  endfacet
  facet normal 0 -1 0
    outer loop
      vertex 90.2 0.2 0.400391
      vertex 149.8 0.2 1.59961
      vertex 90.2 0.2 1.59961
    endloop
  endfacet
  facet normal 0 -1 -0
    outer loop
      vertex 149.8 0.2 1.59961
      vertex 90.2 0.2 0.400391
      vertex 149.8 0.2 0.400391
    endloop
  endfacet
  facet normal 1 -0 0
    outer loop
      vertex 149.8 0.2 1.59961
      vertex 149.8 14.8 0.400391
      vertex 149.8 14.8 1.59961
    endloop
  endfacet
  facet normal 1 0 0
    outer loop
      vertex 149.8 14.8 0.400391
      vertex 149.8 0.2 1.59961
      vertex 149.8 0.2 0.400391
    endloop
  endfacet
  facet normal 0 1 -0
    outer loop
      vertex 149.8 14.8 0.400391
      vertex 134.8 14.8 1.59961
      vertex 149.8 14.8 1.59961
    endloop
  endfacet
  facet normal 0 1 0
    outer loop
      vertex 134.8 14.8 1.59961
      vertex 149.8 14.8 0.400391
      vertex 134.8 14.8 0.400391
    endloop
  endfacet
  facet normal 1 -0 0
    outer loop
      vertex 134.8 14.8 1.59961
      vertex 134.8 29.8 0.400391
      vertex 134.8 29.8 1.59961
    endloop
  endfacet
  facet normal 1 0 0
    outer loop
      vertex 134.8 29.8 0.400391
      vertex 134.8 14.8 1.59961
      vertex 134.8 14.8 0.400391
    endloop
  endfacet
  facet normal 0 1 -0
    outer loop
      vertex 134.8 29.8 0.400391
      vertex 120.2 29.8 1.59961
      vertex 134.8 29.8 1.59961
    endloop
  endfacet
  facet normal 0 1 0
    outer loop
      vertex 120.2 29.8 1.59961
      vertex 134.8 29.8 0.400391
      vertex 120.2 29.8 0.400391
    endloop
  endfacet
  facet normal -1 0 0
    outer loop
      vertex 120.2 14.8 0.400391
      vertex 120.2 29.8 1.59961
      vertex 120.2 29.8 0.400391
    endloop
  endfacet
  facet normal -1 -0 0
    outer loop
      vertex 120.2 29.8 1.59961
      vertex 120.2 14.8 0.400391
      vertex 120.2 14.8 1.59961
    endloop
  endfacet
  facet normal 0 1 -0
    outer loop
      vertex 120.2 14.8 0.400391
      vertex 104.8 14.8 1.59961
      vertex 120.2 14.8 1.59961
    endloop
  endfacet
  facet normal 0 1 0
    outer loop
      vertex 104.8 14.8 1.59961
      vertex 120.2 14.8 0.400391
      vertex 104.8 14.8 0.400391
    endloop
  endfacet
  facet normal 1 -0 0
    outer loop
      vertex 104.8 14.8 1.59961
      vertex 104.8 29.8 0.400391
      vertex 104.8 29.8 1.59961
    endloop
  endfacet
  facet normal 1 0 0
    outer loop
      vertex 104.8 29.8 0.400391
      vertex 104.8 14.8 1.59961
      vertex 104.8 14.8 0.400391
    endloop
  endfacet
  facet normal 0 1 -0
    outer loop
      vertex 104.8 29.8 0.400391
      vertex 90.2 29.8 1.59961
      vertex 104.8 29.8 1.59961
    endloop
  endfacet
  facet normal 0 1 0
    outer loop
      vertex 90.2 29.8 1.59961
      vertex 104.8 29.8 0.400391
      vertex 90.2 29.8 0.400391
    endloop
  endfacet
  facet normal -1 0 0
    outer loop
      vertex 90.2 0.2 0.400391
      vertex 90.2 29.8 1.59961
      vertex 90.2 29.8 0.400391
    endloop
  endfacet
  facet normal -1 -0 0
    outer loop
      vertex 90.2 29.8 1.59961
      vertex 90.2 0.2 0.400391
      vertex 90.2 0.2 1.59961
    endloop
  endfacet
  facet normal 0 -0.707099 -0.707115
    outer loop
      vertex 30.6004 30.6004 0
      vertex 104.8 30.2 0.400391
      vertex 30.2 30.2 0.400391
    endloop
  endfacet
  facet normal 0 -0.707099 -0.707115
    outer loop
      vertex 104.8 30.2 0.400391
      vertex 30.6004 30.6004 0
      vertex 104.4 30.6004 0
    endloop
  endfacet
  facet normal 0.707452 0 -0.706761
    outer loop
      vertex 104.8 44.8 0.400391
      vertex 104.4 30.6004 0
      vertex 104.4 44.3996 0
    endloop
  endfacet
  facet normal 0.707452 0 -0.706761
    outer loop
      vertex 104.4 30.6004 0
      vertex 104.8 44.8 0.400391
      vertex 104.8 30.2 0.400391
    endloop
  endfacet
  facet normal 0 0.707099 -0.707115
    outer loop
      vertex 104.4 44.3996 0
      vertex 44.8 44.8 0.400391
      vertex 104.8 44.8 0.400391
    endloop
  endfacet
  facet normal 0 0.707099 -0.707115
    outer loop
      vertex 44.8 44.8 0.400391
      vertex 104.4 44.3996 0
      vertex 44.8 44.3996 0
    endloop
  endfacet
  facet normal 0.0242825 0.70689 -0.706906
    outer loop
      vertex 44.8 44.8 0.400391
      vertex 44.8 44.3996 0
      vertex 44.7738 44.4005 0
    endloop
  endfacet
  facet normal 0.0674399 0.704072 -0.706919
    outer loop
      vertex 44.8 44.8 0.400391
      vertex 44.7738 44.4005 0
      vertex 44.7477 44.403 0
    endloop
  endfacet
  facet normal 0.116276 0.697655 -0.706935
    outer loop
      vertex 44.8 44.8 0.400391
      vertex 44.7477 44.403 0
      vertex 44.7219 44.4073 0
    endloop
  endfacet
  facet normal 0.162004 0.688518 -0.706893
    outer loop
      vertex 44.8 44.8 0.400391
      vertex 44.7219 44.4073 0
      vertex 44.6964 44.4133 0
    endloop
  endfacet
  facet normal 0.204984 0.676985 -0.706875
    outer loop
      vertex 44.8 44.8 0.400391
      vertex 44.6964 44.4133 0
      vertex 44.6713 44.4209 0
    endloop
  endfacet
  facet normal 0.248654 0.662176 -0.706891
    outer loop
      vertex 44.8 44.8 0.400391
      vertex 44.6713 44.4209 0
      vertex 44.6468 44.4301 0
    endloop
  endfacet
  facet normal 0.291261 0.64455 -0.70691
    outer loop
      vertex 44.8 44.8 0.400391
      vertex 44.6468 44.4301 0
      vertex 44.6229 44.4409 0
    endloop
  endfacet
  facet normal 0.334532 0.623201 -0.706901
    outer loop
      vertex 44.8 44.8 0.400391
      vertex 44.6229 44.4409 0
      vertex 44.5998 44.4533 0
    endloop
  endfacet
  facet normal 0.373423 0.600724 -0.706885
    outer loop
      vertex 44.8 44.8 0.400391
      vertex 44.5998 44.4533 0
      vertex 44.5776 44.4671 0
    endloop
  endfacet
  facet normal 0.410858 0.575742 -0.706907
    outer loop
      vertex 44.8 44.8 0.400391
      vertex 44.5776 44.4671 0
      vertex 44.5563 44.4823 0
    endloop
  endfacet
  facet normal 0.449353 0.54622 -0.706913
    outer loop
      vertex 44.8 44.8 0.400391
      vertex 44.5563 44.4823 0
      vertex 44.536 44.499 0
    endloop
  endfacet
  facet normal 0.483673 0.516098 -0.706897
    outer loop
      vertex 44.8 44.8 0.400391
      vertex 44.536 44.499 0
      vertex 44.5169 44.5169 0
    endloop
  endfacet
  facet normal 0.516098 0.483673 -0.706897
    outer loop
      vertex 44.8 44.8 0.400391
      vertex 44.5169 44.5169 0
      vertex 44.499 44.536 0
    endloop
  endfacet
  facet normal 0.54622 0.449353 -0.706913
    outer loop
      vertex 44.8 44.8 0.400391
      vertex 44.499 44.536 0
      vertex 44.4823 44.5563 0
    endloop
  endfacet
  facet normal 0.575742 0.410858 -0.706907
    outer loop
      vertex 44.8 44.8 0.400391
      vertex 44.4823 44.5563 0
      vertex 44.4671 44.5776 0
    endloop
  endfacet
  facet normal 0.600724 0.373423 -0.706885
    outer loop
      vertex 44.8 44.8 0.400391
      vertex 44.4671 44.5776 0
      vertex 44.4533 44.5998 0
    endloop
  endfacet
  facet normal 0.623201 0.334532 -0.706901
    outer loop
      vertex 44.8 44.8 0.400391
      vertex 44.4533 44.5998 0
      vertex 44.4409 44.6229 0
    endloop
  endfacet
  facet normal 0.64455 0.291261 -0.70691
    outer loop
      vertex 44.8 44.8 0.400391
      vertex 44.4409 44.6229 0
      vertex 44.4301 44.6468 0
    endloop
  endfacet
  facet normal 0.662176 0.248654 -0.706891
    outer loop
      vertex 44.8 44.8 0.400391
      vertex 44.4301 44.6468 0
      vertex 44.4209 44.6713 0
    endloop
  endfacet
  facet normal 0.676985 0.204984 -0.706875
    outer loop
      vertex 44.8 44.8 0.400391
      vertex 44.4209 44.6713 0
      vertex 44.4133 44.6964 0
    endloop
  endfacet
  facet normal 0.688518 0.162004 -0.706893
    outer loop
      vertex 44.8 44.8 0.400391
      vertex 44.4133 44.6964 0
      vertex 44.4073 44.7219 0
    endloop
  endfacet
  facet normal 0.697655 0.116276 -0.706935
    outer loop
      vertex 44.8 44.8 0.400391
      vertex 44.4073 44.7219 0
      vertex 44.403 44.7477 0
    endloop
  endfacet
  facet normal 0.704072 0.0674399 -0.706919
    outer loop
      vertex 44.8 44.8 0.400391
      vertex 44.403 44.7477 0
      vertex 44.4005 44.7738 0
    endloop
  endfacet
  facet normal 0.70689 0.0242825 -0.706906
    outer loop
      vertex 44.8 44.8 0.400391
      vertex 44.4005 44.7738 0
      vertex 44.3996 44.8 0
    endloop
  endfacet
  facet normal 0.707099 0 -0.707115
    outer loop
      vertex 44.8 44.8 0.400391
      vertex 44.3996 59.3996 0
      vertex 44.8 59.8 0.400391
    endloop
  endfacet
  facet normal 0.707099 0 -0.707115
    outer loop
      vertex 44.3996 59.3996 0
      vertex 44.8 44.8 0.400391
      vertex 44.3996 44.8 0
    endloop
  endfacet
  facet normal 0 0.707099 -0.707115
    outer loop
      vertex 44.3996 59.3996 0
      vertex 30.2 59.8 0.400391
      vertex 44.8 59.8 0.400391
    endloop
  endfacet
  facet normal 0 0.707099 -0.707115
    outer loop
      vertex 30.2 59.8 0.400391
      vertex 44.3996 59.3996 0
      vertex 30.6004 59.3996 0
    endloop
  endfacet
  facet normal -0.707099 0 -0.707115
    outer loop
      vertex 30.6004 30.6004 0
      vertex 30.2 59.8 0.400391
      vertex 30.6004 59.3996 0
    endloop
  endfacet
  facet normal -0.707099 -0 -0.707115
    outer loop
      vertex 30.2 59.8 0.400391
      vertex 30.6004 30.6004 0
      vertex 30.2 30.2 0.400391
    endloop
  endfacet
  facet normal 0 0 -1
    outer loop
      vertex 104.4 30.6004 0
      vertex 44.8 44.3996 0
      vertex 104.4 44.3996 0
    endloop
  endfacet
  facet normal 0 0 -1
    outer loop
      vertex 30.6004 30.6004 0
      vertex 44.8 44.3996 0
      vertex 104.4 30.6004 0
    endloop
  endfacet
  facet normal -0 0 -1
    outer loop
      vertex 44.8 44.3996 0
      vertex 30.6004 30.6004 0
      vertex 44.7738 44.4005 0
    endloop
  endfacet
  facet normal -0 0 -1
    outer loop
      vertex 44.7738 44.4005 0
      vertex 30.6004 30.6004 0
      vertex 44.7477 44.403 0
    endloop
  endfacet
  facet normal -0 0 -1
    outer loop
      vertex 44.7477 44.403 0
      vertex 30.6004 30.6004 0
      vertex 44.7219 44.4073 0
    endloop
  endfacet
  facet normal 0 0 -1
    outer loop
      vertex 30.6004 30.6004 0
      vertex 44.6964 44.4133 0
      vertex 44.7219 44.4073 0
    endloop
  endfacet
  facet normal 0 0 -1
    outer loop
      vertex 30.6004 30.6004 0
      vertex 44.6713 44.4209 0
      vertex 44.6964 44.4133 0
    endloop
  endfacet
  facet normal 0 0 -1
    outer loop
      vertex 30.6004 30.6004 0
      vertex 44.6468 44.4301 0
      vertex 44.6713 44.4209 0
    endloop
  endfacet
  facet normal 0 0 -1
    outer loop
      vertex 30.6004 30.6004 0
      vertex 44.6229 44.4409 0
      vertex 44.6468 44.4301 0
    endloop
  endfacet
  facet normal 0 0 -1
    outer loop
      vertex 30.6004 30.6004 0
      vertex 44.5998 44.4533 0
      vertex 44.6229 44.4409 0
    endloop
  endfacet
  facet normal 0 0 -1
    outer loop
      vertex 30.6004 30.6004 0
      vertex 44.5776 44.4671 0
      vertex 44.5998 44.4533 0
    endloop
  endfacet
  facet normal 0 0 -1
    outer loop
      vertex 30.6004 30.6004 0
      vertex 44.5563 44.4823 0
      vertex 44.5776 44.4671 0
    endloop
  endfacet
  facet normal 0 0 -1
    outer loop
      vertex 30.6004 30.6004 0
      vertex 44.536 44.499 0
      vertex 44.5563 44.4823 0
    endloop
  endfacet
  facet normal 0 0 -1
    outer loop
      vertex 30.6004 30.6004 0
      vertex 44.5169 44.5169 0
      vertex 44.536 44.499 0
    endloop
  endfacet
  facet normal 0 0 -1
    outer loop
      vertex 30.6004 30.6004 0
      vertex 44.499 44.536 0
      vertex 44.5169 44.5169 0
    endloop
  endfacet
  facet normal 0 0 -1
    outer loop
      vertex 30.6004 30.6004 0
      vertex 44.4823 44.5563 0
      vertex 44.499 44.536 0
    endloop
  endfacet
  facet normal 0 0 -1
    outer loop
      vertex 30.6004 30.6004 0
      vertex 44.4671 44.5776 0
      vertex 44.4823 44.5563 0
    endloop
  endfacet
  facet normal 0 0 -1
    outer loop
      vertex 30.6004 30.6004 0
      vertex 44.4533 44.5998 0
      vertex 44.4671 44.5776 0
    endloop
  endfacet
  facet normal 0 0 -1
    outer loop
      vertex 30.6004 30.6004 0
      vertex 44.4409 44.6229 0
      vertex 44.4533 44.5998 0
    endloop
  endfacet
  facet normal 0 0 -1
    outer loop
      vertex 30.6004 30.6004 0
      vertex 44.4301 44.6468 0
      vertex 44.4409 44.6229 0
    endloop
  endfacet
  facet normal 0 0 -1
    outer loop
      vertex 30.6004 30.6004 0
      vertex 44.4209 44.6713 0
      vertex 44.4301 44.6468 0
    endloop
  endfacet
  facet normal 0 0 -1
    outer loop
      vertex 30.6004 30.6004 0
      vertex 44.4133 44.6964 0
      vertex 44.4209 44.6713 0
    endloop
  endfacet
  facet normal 0 0 -1
    outer loop
      vertex 30.6004 30.6004 0
      vertex 44.4073 44.7219 0
      vertex 44.4133 44.6964 0
    endloop
  endfacet
  facet normal 0 0 -1
    outer loop
      vertex 30.6004 30.6004 0
      vertex 44.403 44.7477 0
      vertex 44.4073 44.7219 0
    endloop
  endfacet
  facet normal 0 0 -1
    outer loop
      vertex 30.6004 30.6004 0
      vertex 44.4005 44.7738 0
      vertex 44.403 44.7477 0
    endloop
  endfacet
  facet normal 0 0 -1
    outer loop
      vertex 30.6004 30.6004 0
      vertex 44.3996 44.8 0
      vertex 44.4005 44.7738 0
    endloop
  endfacet
  facet normal 0 0 -1
    outer loop
      vertex 30.6004 59.3996 0
      vertex 44.3996 44.8 0
      vertex 30.6004 30.6004 0
    endloop
  endfacet
  facet normal 0 0 -1
    outer loop
      vertex 44.3996 44.8 0
      vertex 30.6004 59.3996 0
      vertex 44.3996 59.3996 0
    endloop
  endfacet
  facet normal 0 -0.707098 0.707116
    outer loop
      vertex 30.2 30.2 1.59961
      vertex 104.4 30.6004 2
      vertex 30.6004 30.6004 2
    endloop
  endfacet
  facet normal 0 -0.707098 0.707116
    outer loop
      vertex 104.4 30.6004 2
      vertex 30.2 30.2 1.59961
      vertex 104.8 30.2 1.59961
    endloop
  endfacet
  facet normal 0.707451 -0 0.706762
    outer loop
      vertex 104.4 30.6004 2
      vertex 104.8 44.8 1.59961
      vertex 104.4 44.3996 2
    endloop
  endfacet
  facet normal 0.707451 0 0.706762
    outer loop
      vertex 104.8 44.8 1.59961
      vertex 104.4 30.6004 2
      vertex 104.8 30.2 1.59961
    endloop
  endfacet
  facet normal -0 0.707098 0.707116
    outer loop
      vertex 44.8 44.8 1.59961
      vertex 104.4 44.3996 2
      vertex 104.8 44.8 1.59961
    endloop
  endfacet
  facet normal 0 0.707098 0.707116
    outer loop
      vertex 104.4 44.3996 2
      vertex 44.8 44.8 1.59961
      vertex 44.8 44.3996 2
    endloop
  endfacet
  facet normal 0.0242825 0.706889 0.706907
    outer loop
      vertex 44.8 44.3996 2
      vertex 44.8 44.8 1.59961
      vertex 44.7738 44.4005 2
    endloop
  endfacet
  facet normal 0.0674398 0.704072 0.706919
    outer loop
      vertex 44.7738 44.4005 2
      vertex 44.8 44.8 1.59961
      vertex 44.7477 44.403 2
    endloop
  endfacet
  facet normal 0.116276 0.697654 0.706936
    outer loop
      vertex 44.7477 44.403 2
      vertex 44.8 44.8 1.59961
      vertex 44.7219 44.4073 2
    endloop
  endfacet
  facet normal 0.162004 0.688517 0.706894
    outer loop
      vertex 44.7219 44.4073 2
      vertex 44.8 44.8 1.59961
      vertex 44.6964 44.4133 2
    endloop
  endfacet
  facet normal 0.204983 0.676984 0.706876
    outer loop
      vertex 44.6964 44.4133 2
      vertex 44.8 44.8 1.59961
      vertex 44.6713 44.4209 2
    endloop
  endfacet
  facet normal 0.248654 0.662175 0.706891
    outer loop
      vertex 44.6713 44.4209 2
      vertex 44.8 44.8 1.59961
      vertex 44.6468 44.4301 2
    endloop
  endfacet
  facet normal 0.291261 0.64455 0.706911
    outer loop
      vertex 44.6468 44.4301 2
      vertex 44.8 44.8 1.59961
      vertex 44.6229 44.4409 2
    endloop
  endfacet
  facet normal 0.334531 0.6232 0.706902
    outer loop
      vertex 44.6229 44.4409 2
      vertex 44.8 44.8 1.59961
      vertex 44.5998 44.4533 2
    endloop
  endfacet
  facet normal 0.373423 0.600723 0.706886
    outer loop
      vertex 44.5998 44.4533 2
      vertex 44.8 44.8 1.59961
      vertex 44.5776 44.4671 2
    endloop
  endfacet
  facet normal 0.410857 0.575741 0.706908
    outer loop
      vertex 44.5776 44.4671 2
      vertex 44.8 44.8 1.59961
      vertex 44.5563 44.4823 2
    endloop
  endfacet
  facet normal 0.449353 0.546219 0.706914
    outer loop
      vertex 44.5563 44.4823 2
      vertex 44.8 44.8 1.59961
      vertex 44.536 44.499 2
    endloop
  endfacet
  facet normal 0.483672 0.516097 0.706898
    outer loop
      vertex 44.536 44.499 2
      vertex 44.8 44.8 1.59961
      vertex 44.5169 44.5169 2
    endloop
  endfacet
  facet normal 0.516097 0.483672 0.706898
    outer loop
      vertex 44.5169 44.5169 2
      vertex 44.8 44.8 1.59961
      vertex 44.499 44.536 2
    endloop
  endfacet
  facet normal 0.546219 0.449353 0.706914
    outer loop
      vertex 44.499 44.536 2
      vertex 44.8 44.8 1.59961
      vertex 44.4823 44.5563 2
    endloop
  endfacet
  facet normal 0.575741 0.410857 0.706908
    outer loop
      vertex 44.4823 44.5563 2
      vertex 44.8 44.8 1.59961
      vertex 44.4671 44.5776 2
    endloop
  endfacet
  facet normal 0.600723 0.373423 0.706886
    outer loop
      vertex 44.4671 44.5776 2
      vertex 44.8 44.8 1.59961
      vertex 44.4533 44.5998 2
    endloop
  endfacet
  facet normal 0.6232 0.334531 0.706902
    outer loop
      vertex 44.4533 44.5998 2
      vertex 44.8 44.8 1.59961
      vertex 44.4409 44.6229 2
    endloop
  endfacet
  facet normal 0.64455 0.291261 0.706911
    outer loop
      vertex 44.4409 44.6229 2
      vertex 44.8 44.8 1.59961
      vertex 44.4301 44.6468 2
    endloop
  endfacet
  facet normal 0.662175 0.248654 0.706891
    outer loop
      vertex 44.4301 44.6468 2
      vertex 44.8 44.8 1.59961
      vertex 44.4209 44.6713 2
    endloop
  endfacet
  facet normal 0.676984 0.204983 0.706876
    outer loop
      vertex 44.4209 44.6713 2
      vertex 44.8 44.8 1.59961
      vertex 44.4133 44.6964 2
    endloop
  endfacet
  facet normal 0.688517 0.162004 0.706894
    outer loop
      vertex 44.4133 44.6964 2
      vertex 44.8 44.8 1.59961
      vertex 44.4073 44.7219 2
    endloop
  endfacet
  facet normal 0.697654 0.116276 0.706936
    outer loop
      vertex 44.4073 44.7219 2
      vertex 44.8 44.8 1.59961
      vertex 44.403 44.7477 2
    endloop
  endfacet
  facet normal 0.704072 0.0674398 0.706919
    outer loop
      vertex 44.403 44.7477 2
      vertex 44.8 44.8 1.59961
      vertex 44.4005 44.7738 2
    endloop
  endfacet
  facet normal 0.706889 0.0242825 0.706907
    outer loop
      vertex 44.4005 44.7738 2
      vertex 44.8 44.8 1.59961
      vertex 44.3996 44.8 2
    endloop
  endfacet
  facet normal 0.707098 0 0.707116
    outer loop
      vertex 44.8 44.8 1.59961
      vertex 44.3996 59.3996 2
      vertex 44.3996 44.8 2
    endloop
  endfacet
  facet normal 0.707098 0 0.707116
    outer loop
      vertex 44.3996 59.3996 2
      vertex 44.8 44.8 1.59961
      vertex 44.8 59.8 1.59961
    endloop
  endfacet
  facet normal 0 0.707098 0.707116
    outer loop
      vertex 44.8 59.8 1.59961
      vertex 30.6004 59.3996 2
      vertex 44.3996 59.3996 2
    endloop
  endfacet
  facet normal 0 0.707098 0.707116
    outer loop
      vertex 30.6004 59.3996 2
      vertex 44.8 59.8 1.59961
      vertex 30.2 59.8 1.59961
    endloop
  endfacet
  facet normal -0.707098 0 0.707116
    outer loop
      vertex 30.2 59.8 1.59961
      vertex 30.6004 30.6004 2
      vertex 30.6004 59.3996 2
    endloop
  endfacet
  facet normal -0.707098 0 0.707116
    outer loop
      vertex 30.6004 30.6004 2
      vertex 30.2 59.8 1.59961
      vertex 30.2 30.2 1.59961
    endloop
  endfacet
  facet normal 0 0 1
    outer loop
      vertex 44.3996 59.3996 2
      vertex 30.6004 59.3996 2
      vertex 44.3996 44.8 2
    endloop
  endfacet
  facet normal -0 0 1
    outer loop
      vertex 44.8 44.3996 2
      vertex 104.4 30.6004 2
      vertex 104.4 44.3996 2
    endloop
  endfacet
  facet normal 0 0 1
    outer loop
      vertex 30.6004 30.6004 2
      vertex 44.8 44.3996 2
      vertex 44.7738 44.4005 2
    endloop
  endfacet
  facet normal 0 0 1
    outer loop
      vertex 30.6004 30.6004 2
      vertex 44.7738 44.4005 2
      vertex 44.7477 44.403 2
    endloop
  endfacet
  facet normal 0 0 1
    outer loop
      vertex 30.6004 30.6004 2
      vertex 44.7477 44.403 2
      vertex 44.7219 44.4073 2
    endloop
  endfacet
  facet normal 0 0 1
    outer loop
      vertex 30.6004 30.6004 2
      vertex 44.3996 44.8 2
      vertex 30.6004 59.3996 2
    endloop
  endfacet
  facet normal 0 0 1
    outer loop
      vertex 44.3996 44.8 2
      vertex 30.6004 30.6004 2
      vertex 44.4005 44.7738 2
    endloop
  endfacet
  facet normal 0 0 1
    outer loop
      vertex 44.4005 44.7738 2
      vertex 30.6004 30.6004 2
      vertex 44.403 44.7477 2
    endloop
  endfacet
  facet normal 0 0 1
    outer loop
      vertex 44.403 44.7477 2
      vertex 30.6004 30.6004 2
      vertex 44.4073 44.7219 2
    endloop
  endfacet
  facet normal 0 0 1
    outer loop
      vertex 44.4073 44.7219 2
      vertex 30.6004 30.6004 2
      vertex 44.4133 44.6964 2
    endloop
  endfacet
  facet normal 0 0 1
    outer loop
      vertex 44.4133 44.6964 2
      vertex 30.6004 30.6004 2
      vertex 44.4209 44.6713 2
    endloop
  endfacet
  facet normal 0 0 1
    outer loop
      vertex 44.4209 44.6713 2
      vertex 30.6004 30.6004 2
      vertex 44.4301 44.6468 2
    endloop
  endfacet
  facet normal 0 0 1
    outer loop
      vertex 44.4301 44.6468 2
      vertex 30.6004 30.6004 2
      vertex 44.4409 44.6229 2
    endloop
  endfacet
  facet normal 0 0 1
    outer loop
      vertex 44.4409 44.6229 2
      vertex 30.6004 30.6004 2
      vertex 44.4533 44.5998 2
    endloop
  endfacet
  facet normal 0 0 1
    outer loop
      vertex 44.4533 44.5998 2
      vertex 30.6004 30.6004 2
      vertex 44.4671 44.5776 2
    endloop
  endfacet
  facet normal 0 0 1
    outer loop
      vertex 44.4671 44.5776 2
      vertex 30.6004 30.6004 2
      vertex 44.4823 44.5563 2
    endloop
  endfacet
  facet normal 0 0 1
    outer loop
      vertex 44.8 44.3996 2
      vertex 30.6004 30.6004 2
      vertex 104.4 30.6004 2
    endloop
  endfacet
  facet normal 0 0 1
    outer loop
      vertex 44.6964 44.4133 2
      vertex 30.6004 30.6004 2
      vertex 44.7219 44.4073 2
    endloop
  endfacet
  facet normal 0 0 1
    outer loop
      vertex 44.6713 44.4209 2
      vertex 30.6004 30.6004 2
      vertex 44.6964 44.4133 2
    endloop
  endfacet
  facet normal 0 0 1
    outer loop
      vertex 44.6468 44.4301 2
      vertex 30.6004 30.6004 2
      vertex 44.6713 44.4209 2
    endloop
  endfacet
  facet normal 0 0 1
    outer loop
      vertex 44.6229 44.4409 2
      vertex 30.6004 30.6004 2
      vertex 44.6468 44.4301 2
    endloop
  endfacet
  facet normal 0 0 1
    outer loop
      vertex 44.5998 44.4533 2
      vertex 30.6004 30.6004 2
      vertex 44.6229 44.4409 2
    endloop
  endfacet
  facet normal 0 0 1
    outer loop
      vertex 44.5776 44.4671 2
      vertex 30.6004 30.6004 2
      vertex 44.5998 44.4533 2
    endloop
  endfacet
  facet normal 0 0 1
    outer loop
      vertex 44.5563 44.4823 2
      vertex 30.6004 30.6004 2
      vertex 44.5776 44.4671 2
    endloop
  endfacet
  facet normal 0 0 1
    outer loop
      vertex 44.536 44.499 2
      vertex 30.6004 30.6004 2
      vertex 44.5563 44.4823 2
    endloop
  endfacet
  facet normal 0 0 1
    outer loop
      vertex 44.5169 44.5169 2
      vertex 30.6004 30.6004 2
      vertex 44.536 44.499 2
    endloop
  endfacet
  facet normal 0 0 1
    outer loop
      vertex 44.499 44.536 2
      vertex 30.6004 30.6004 2
      vertex 44.5169 44.5169 2
    endloop
  endfacet
  facet normal 0 0 1
    outer loop
      vertex 44.4823 44.5563 2
      vertex 30.6004 30.6004 2
      vertex 44.499 44.536 2
    endloop
  endfacet
  facet normal 0 -1 0
    outer loop
      vertex 30.2 30.2 0.400391
      vertex 104.8 30.2 1.59961
      vertex 30.2 30.2 1.59961
    endloop
  endfacet
  facet normal 0 -1 -0
    outer loop
      vertex 104.8 30.2 1.59961
      vertex 30.2 30.2 0.400391
      vertex 104.8 30.2 0.400391
    endloop
  endfacet
  facet normal 1 -0 0
    outer loop
      vertex 104.8 30.2 1.59961
      vertex 104.8 44.8 0.400391
      vertex 104.8 44.8 1.59961
    endloop
  endfacet
  facet normal 1 0 0
    outer loop
      vertex 104.8 44.8 0.400391
      vertex 104.8 30.2 1.59961
      vertex 104.8 30.2 0.400391
    endloop
  endfacet
  facet normal 0 1 -0
    outer loop
      vertex 104.8 44.8 0.400391
      vertex 44.8 44.8 1.59961
      vertex 104.8 44.8 1.59961
    endloop
  endfacet
  facet normal 0 1 0
    outer loop
      vertex 44.8 44.8 1.59961
      vertex 104.8 44.8 0.400391
      vertex 44.8 44.8 0.400391
    endloop
  endfacet
  facet normal 1 -0 0
    outer loop
      vertex 44.8 44.8 1.59961
      vertex 44.8 59.8 0.400391
      vertex 44.8 59.8 1.59961
    endloop
  endfacet
  facet normal 1 0 0
    outer loop
      vertex 44.8 59.8 0.400391
      vertex 44.8 44.8 1.59961
      vertex 44.8 44.8 0.400391
    endloop
  endfacet
  facet normal 0 1 -0
    outer loop
      vertex 44.8 59.8 0.400391
      vertex 30.2 59.8 1.59961
      vertex 44.8 59.8 1.59961
    endloop
  endfacet
  facet normal 0 1 0
    outer loop
      vertex 30.2 59.8 1.59961
      vertex 44.8 59.8 0.400391
      vertex 30.2 59.8 0.400391
    endloop
  endfacet
  facet normal -1 0 0
    outer loop
      vertex 30.2 30.2 0.400391
      vertex 30.2 59.8 1.59961
      vertex 30.2 59.8 0.400391
    endloop
  endfacet
  facet normal -1 -0 0
    outer loop
      vertex 30.2 59.8 1.59961
      vertex 30.2 30.2 0.400391
      vertex 30.2 30.2 1.59961
    endloop
  endfacet
  facet normal 0 -0.707099 -0.707115
    outer loop
      vertex 45.6004 45.6004 0
      vertex 104.8 45.2 0.400391
      vertex 45.2 45.2 0.400391
    endloop
  endfacet
  facet normal 0 -0.707099 -0.707115
    outer loop
      vertex 104.8 45.2 0.400391
      vertex 45.6004 45.6004 0
      vertex 104.4 45.6004 0
    endloop
  endfacet
  facet normal 0.707452 0 -0.706761
    outer loop
      vertex 104.8 59.8 0.400391
      vertex 104.4 45.6004 0
      vertex 104.4 59.3996 0
    endloop
  endfacet
  facet normal 0.707452 0 -0.706761
    outer loop
      vertex 104.4 45.6004 0
      vertex 104.8 59.8 0.400391
      vertex 104.8 45.2 0.400391
    endloop
  endfacet
  facet normal 0 0.707099 -0.707115
    outer loop
      vertex 104.4 59.3996 0
      vertex 74.8 59.8 0.400391
      vertex 104.8 59.8 0.400391
    endloop
  endfacet
  facet normal 0 0.707099 -0.707115
    outer loop
      vertex 74.8 59.8 0.400391
      vertex 104.4 59.3996 0
      vertex 74.8 59.3996 0
    endloop
  endfacet
  facet normal 0.0242825 0.70689 -0.706906
    outer loop
      vertex 74.8 59.8 0.400391
      vertex 74.8 59.3996 0
      vertex 74.7738 59.4005 0
    endloop
  endfacet
  facet normal 0.0674399 0.704072 -0.706919
    outer loop
      vertex 74.8 59.8 0.400391
      vertex 74.7738 59.4005 0
      vertex 74.7477 59.403 0
    endloop
  endfacet
  facet normal 0.116276 0.697655 -0.706935
    outer loop
      vertex 74.8 59.8 0.400391
      vertex 74.7477 59.403 0
      vertex 74.7219 59.4073 0
    endloop
  endfacet
  facet normal 0.162004 0.688518 -0.706893
    outer loop
      vertex 74.8 59.8 0.400391
      vertex 74.7219 59.4073 0
      vertex 74.6964 59.4133 0
    endloop
  endfacet
  facet normal 0.204984 0.676985 -0.706875
    outer loop
      vertex 74.8 59.8 0.400391
      vertex 74.6964 59.4133 0
      vertex 74.6713 59.4209 0
    endloop
  endfacet
  facet normal 0.248654 0.662176 -0.706891
    outer loop
      vertex 74.8 59.8 0.400391
      vertex 74.6713 59.4209 0
      vertex 74.6468 59.4301 0
    endloop
  endfacet
  facet normal 0.291261 0.64455 -0.70691
    outer loop
      vertex 74.8 59.8 0.400391
      vertex 74.6468 59.4301 0
      vertex 74.6229 59.4409 0
    endloop
  endfacet
  facet normal 0.334532 0.623201 -0.706901
    outer loop
      vertex 74.8 59.8 0.400391
      vertex 74.6229 59.4409 0
      vertex 74.5998 59.4533 0
    endloop
  endfacet
  facet normal 0.373423 0.600724 -0.706885
    outer loop
      vertex 74.8 59.8 0.400391
      vertex 74.5998 59.4533 0
      vertex 74.5776 59.4671 0
    endloop
  endfacet
  facet normal 0.410858 0.575742 -0.706907
    outer loop
      vertex 74.8 59.8 0.400391
      vertex 74.5776 59.4671 0
      vertex 74.5563 59.4823 0
    endloop
  endfacet
  facet normal 0.449353 0.54622 -0.706913
    outer loop
      vertex 74.8 59.8 0.400391
      vertex 74.5563 59.4823 0
      vertex 74.536 59.499 0
    endloop
  endfacet
  facet normal 0.483673 0.516098 -0.706897
    outer loop
      vertex 74.8 59.8 0.400391
      vertex 74.536 59.499 0
      vertex 74.5169 59.5169 0
    endloop
  endfacet
  facet normal 0.516098 0.483673 -0.706897
    outer loop
      vertex 74.8 59.8 0.400391
      vertex 74.5169 59.5169 0
      vertex 74.499 59.536 0
    endloop
  endfacet
  facet normal 0.54622 0.449353 -0.706913
    outer loop
      vertex 74.8 59.8 0.400391
      vertex 74.499 59.536 0
      vertex 74.4823 59.5563 0
    endloop
  endfacet
  facet normal 0.575742 0.410858 -0.706907
    outer loop
      vertex 74.8 59.8 0.400391
      vertex 74.4823 59.5563 0
      vertex 74.4671 59.5776 0
    endloop
  endfacet
  facet normal 0.59948 0.37535 -0.70692
    outer loop
      vertex 74.8 59.8 0.400391
      vertex 74.4671 59.5776 0
      vertex 74.4532 59.5998 0
    endloop
  endfacet
  facet normal 0.624289 0.332414 -0.70694
    outer loop
      vertex 74.8 59.8 0.400391
      vertex 74.4532 59.5998 0
      vertex 74.4409 59.6229 0
    endloop
  endfacet
  facet normal 0.64455 0.291261 -0.70691
    outer loop
      vertex 74.8 59.8 0.400391
      vertex 74.4409 59.6229 0
      vertex 74.4301 59.6468 0
    endloop
  endfacet
  facet normal 0.662176 0.248654 -0.706891
    outer loop
      vertex 74.8 59.8 0.400391
      vertex 74.4301 59.6468 0
      vertex 74.4209 59.6713 0
    endloop
  endfacet
  facet normal 0.676985 0.204984 -0.706875
    outer loop
      vertex 74.8 59.8 0.400391
      vertex 74.4209 59.6713 0
      vertex 74.4133 59.6964 0
    endloop
  endfacet
  facet normal 0.688518 0.162004 -0.706893
    outer loop
      vertex 74.8 59.8 0.400391
      vertex 74.4133 59.6964 0
      vertex 74.4073 59.7219 0
    endloop
  endfacet
  facet normal 0.697655 0.116276 -0.706935
    outer loop
      vertex 74.8 59.8 0.400391
      vertex 74.4073 59.7219 0
      vertex 74.403 59.7477 0
    endloop
  endfacet
  facet normal 0.704072 0.0674399 -0.706919
    outer loop
      vertex 74.8 59.8 0.400391
      vertex 74.403 59.7477 0
      vertex 74.4005 59.7738 0
    endloop
  endfacet
  facet normal 0.70689 0.0242825 -0.706906
    outer loop
      vertex 74.8 59.8 0.400391
      vertex 74.4005 59.7738 0
      vertex 74.3996 59.8 0
    endloop
  endfacet
  facet normal 0.707099 0 -0.707115
    outer loop
      vertex 74.8 59.8 0.400391
      vertex 74.3996 74.3996 0
      vertex 74.8 74.8 0.400391
    endloop
  endfacet
  facet normal 0.707099 0 -0.707115
    outer loop
      vertex 74.3996 74.3996 0
      vertex 74.8 59.8 0.400391
      vertex 74.3996 59.8 0
    endloop
  endfacet
  facet normal 0 0.707099 -0.707115
    outer loop
      vertex 74.3996 74.3996 0
      vertex 45.2 74.8 0.400391
      vertex 74.8 74.8 0.400391
    endloop
  endfacet
  facet normal 0 0.707099 -0.707115
    outer loop
      vertex 45.2 74.8 0.400391
      vertex 74.3996 74.3996 0
      vertex 45.6004 74.3996 0
    endloop
  endfacet
  facet normal -0.707099 0 -0.707115
    outer loop
      vertex 45.6004 45.6004 0
      vertex 45.2 74.8 0.400391
      vertex 45.6004 74.3996 0
    endloop
  endfacet
  facet normal -0.707099 -0 -0.707115
    outer loop
      vertex 45.2 74.8 0.400391
      vertex 45.6004 45.6004 0
      vertex 45.2 45.2 0.400391
    endloop
  endfacet
  facet normal 0 0 -1
    outer loop
      vertex 104.4 45.6004 0
      vertex 74.8 59.3996 0
      vertex 104.4 59.3996 0
    endloop
  endfacet
  facet normal 0 0 -1
    outer loop
      vertex 45.6004 45.6004 0
      vertex 74.8 59.3996 0
      vertex 104.4 45.6004 0
    endloop
  endfacet
  facet normal -0 0 -1
    outer loop
      vertex 74.8 59.3996 0
      vertex 45.6004 45.6004 0
      vertex 74.7738 59.4005 0
    endloop
  endfacet
  facet normal -0 0 -1
    outer loop
      vertex 74.7738 59.4005 0
      vertex 45.6004 45.6004 0
      vertex 74.7477 59.403 0
    endloop
  endfacet
  facet normal -0 0 -1
    outer loop
      vertex 74.7477 59.403 0
      vertex 45.6004 45.6004 0
      vertex 74.7219 59.4073 0
    endloop
  endfacet
  facet normal -0 0 -1
    outer loop
      vertex 74.7219 59.4073 0
      vertex 45.6004 45.6004 0
      vertex 74.6964 59.4133 0
    endloop
  endfacet
  facet normal -0 0 -1
    outer loop
      vertex 74.6964 59.4133 0
      vertex 45.6004 45.6004 0
      vertex 74.6713 59.4209 0
    endloop
  endfacet
  facet normal -0 0 -1
    outer loop
      vertex 74.6713 59.4209 0
      vertex 45.6004 45.6004 0
      vertex 74.6468 59.4301 0
    endloop
  endfacet
  facet normal -0 0 -1
    outer loop
      vertex 74.6468 59.4301 0
      vertex 45.6004 45.6004 0
      vertex 74.6229 59.4409 0
    endloop
  endfacet
  facet normal 0 0 -1
    outer loop
      vertex 45.6004 45.6004 0
      vertex 74.5998 59.4533 0
      vertex 74.6229 59.4409 0
    endloop
  endfacet
  facet normal 0 0 -1
    outer loop
      vertex 45.6004 45.6004 0
      vertex 74.5776 59.4671 0
      vertex 74.5998 59.4533 0
    endloop
  endfacet
  facet normal 0 0 -1
    outer loop
      vertex 45.6004 45.6004 0
      vertex 74.5563 59.4823 0
      vertex 74.5776 59.4671 0
    endloop
  endfacet
  facet normal 0 0 -1
    outer loop
      vertex 45.6004 45.6004 0
      vertex 74.536 59.499 0
      vertex 74.5563 59.4823 0
    endloop
  endfacet
  facet normal 0 0 -1
    outer loop
      vertex 45.6004 45.6004 0
      vertex 74.5169 59.5169 0
      vertex 74.536 59.499 0
    endloop
  endfacet
  facet normal 0 0 -1
    outer loop
      vertex 45.6004 45.6004 0
      vertex 74.499 59.536 0
      vertex 74.5169 59.5169 0
    endloop
  endfacet
  facet normal 0 0 -1
    outer loop
      vertex 45.6004 45.6004 0
      vertex 74.4823 59.5563 0
      vertex 74.499 59.536 0
    endloop
  endfacet
  facet normal 0 0 -1
    outer loop
      vertex 45.6004 45.6004 0
      vertex 74.4671 59.5776 0
      vertex 74.4823 59.5563 0
    endloop
  endfacet
  facet normal 0 0 -1
    outer loop
      vertex 45.6004 45.6004 0
      vertex 74.4532 59.5998 0
      vertex 74.4671 59.5776 0
    endloop
  endfacet
  facet normal 0 0 -1
    outer loop
      vertex 45.6004 45.6004 0
      vertex 74.4409 59.6229 0
      vertex 74.4532 59.5998 0
    endloop
  endfacet
  facet normal 0 0 -1
    outer loop
      vertex 45.6004 45.6004 0
      vertex 74.4301 59.6468 0
      vertex 74.4409 59.6229 0
    endloop
  endfacet
  facet normal 0 0 -1
    outer loop
      vertex 45.6004 45.6004 0
      vertex 74.4209 59.6713 0
      vertex 74.4301 59.6468 0
    endloop
  endfacet
  facet normal 0 0 -1
    outer loop
      vertex 45.6004 45.6004 0
      vertex 74.4133 59.6964 0
      vertex 74.4209 59.6713 0
    endloop
  endfacet
  facet normal 0 0 -1
    outer loop
      vertex 45.6004 45.6004 0
      vertex 74.4073 59.7219 0
      vertex 74.4133 59.6964 0
    endloop
  endfacet
  facet normal 0 0 -1
    outer loop
      vertex 45.6004 45.6004 0
      vertex 74.403 59.7477 0
      vertex 74.4073 59.7219 0
    endloop
  endfacet
  facet normal 0 0 -1
    outer loop
      vertex 45.6004 45.6004 0
      vertex 74.4005 59.7738 0
      vertex 74.403 59.7477 0
    endloop
  endfacet
  facet normal 0 0 -1
    outer loop
      vertex 45.6004 45.6004 0
      vertex 74.3996 59.8 0
      vertex 74.4005 59.7738 0
    endloop
  endfacet
  facet normal 0 0 -1
    outer loop
      vertex 45.6004 74.3996 0
      vertex 74.3996 59.8 0
      vertex 45.6004 45.6004 0
    endloop
  endfacet
  facet normal 0 0 -1
    outer loop
      vertex 74.3996 59.8 0
      vertex 45.6004 74.3996 0
      vertex 74.3996 74.3996 0
    endloop
  endfacet
  facet normal 0 -0.707098 0.707116
    outer loop
      vertex 45.2 45.2 1.59961
      vertex 104.4 45.6004 2
      vertex 45.6004 45.6004 2
    endloop
  endfacet
  facet normal 0 -0.707098 0.707116
    outer loop
      vertex 104.4 45.6004 2
      vertex 45.2 45.2 1.59961
      vertex 104.8 45.2 1.59961
    endloop
  endfacet
  facet normal 0.707451 -0 0.706762
    outer loop
      vertex 104.4 45.6004 2
      vertex 104.8 59.8 1.59961
      vertex 104.4 59.3996 2
    endloop
  endfacet
  facet normal 0.707451 0 0.706762
    outer loop
      vertex 104.8 59.8 1.59961
      vertex 104.4 45.6004 2
      vertex 104.8 45.2 1.59961
    endloop
  endfacet
  facet normal -0 0.707098 0.707116
    outer loop
      vertex 74.8 59.8 1.59961
      vertex 104.4 59.3996 2
      vertex 104.8 59.8 1.59961
    endloop
  endfacet
  facet normal 0 0.707098 0.707116
    outer loop
      vertex 104.4 59.3996 2
      vertex 74.8 59.8 1.59961
      vertex 74.8 59.3996 2
    endloop
  endfacet
  facet normal 0.0242825 0.706889 0.706907
    outer loop
      vertex 74.8 59.3996 2
      vertex 74.8 59.8 1.59961
      vertex 74.7738 59.4005 2
    endloop
  endfacet
  facet normal 0.0674398 0.704072 0.706919
    outer loop
      vertex 74.7738 59.4005 2
      vertex 74.8 59.8 1.59961
      vertex 74.7477 59.403 2
    endloop
  endfacet
  facet normal 0.116276 0.697654 0.706936
    outer loop
      vertex 74.7477 59.403 2
      vertex 74.8 59.8 1.59961
      vertex 74.7219 59.4073 2
    endloop
  endfacet
  facet normal 0.162004 0.688517 0.706894
    outer loop
      vertex 74.7219 59.4073 2
      vertex 74.8 59.8 1.59961
      vertex 74.6964 59.4133 2
    endloop
  endfacet
  facet normal 0.204983 0.676984 0.706876
    outer loop
      vertex 74.6964 59.4133 2
      vertex 74.8 59.8 1.59961
      vertex 74.6713 59.4209 2
    endloop
  endfacet
  facet normal 0.248654 0.662175 0.706891
    outer loop
      vertex 74.6713 59.4209 2
      vertex 74.8 59.8 1.59961
      vertex 74.6468 59.4301 2
    endloop
  endfacet
  facet normal 0.291261 0.64455 0.706911
    outer loop
      vertex 74.6468 59.4301 2
      vertex 74.8 59.8 1.59961
      vertex 74.6229 59.4409 2
    endloop
  endfacet
  facet normal 0.334531 0.6232 0.706902
    outer loop
      vertex 74.6229 59.4409 2
      vertex 74.8 59.8 1.59961
      vertex 74.5998 59.4533 2
    endloop
  endfacet
  facet normal 0.373423 0.600723 0.706886
    outer loop
      vertex 74.5998 59.4533 2
      vertex 74.8 59.8 1.59961
      vertex 74.5776 59.4671 2
    endloop
  endfacet
  facet normal 0.410857 0.575741 0.706908
    outer loop
      vertex 74.5776 59.4671 2
      vertex 74.8 59.8 1.59961
      vertex 74.5563 59.4823 2
    endloop
  endfacet
  facet normal 0.449353 0.546219 0.706914
    outer loop
      vertex 74.5563 59.4823 2
      vertex 74.8 59.8 1.59961
      vertex 74.536 59.499 2
    endloop
  endfacet
  facet normal 0.483672 0.516097 0.706898
    outer loop
      vertex 74.536 59.499 2
      vertex 74.8 59.8 1.59961
      vertex 74.5169 59.5169 2
    endloop
  endfacet
  facet normal 0.516097 0.483672 0.706898
    outer loop
      vertex 74.5169 59.5169 2
      vertex 74.8 59.8 1.59961
      vertex 74.499 59.536 2
    endloop
  endfacet
  facet normal 0.546219 0.449353 0.706914
    outer loop
      vertex 74.499 59.536 2
      vertex 74.8 59.8 1.59961
      vertex 74.4823 59.5563 2
    endloop
  endfacet
  facet normal 0.575741 0.410857 0.706908
    outer loop
      vertex 74.4823 59.5563 2
      vertex 74.8 59.8 1.59961
      vertex 74.4671 59.5776 2
    endloop
  endfacet
  facet normal 0.599479 0.375349 0.706921
    outer loop
      vertex 74.4671 59.5776 2
      vertex 74.8 59.8 1.59961
      vertex 74.4532 59.5998 2
    endloop
  endfacet
  facet normal 0.624288 0.332413 0.706941
    outer loop
      vertex 74.4532 59.5998 2
      vertex 74.8 59.8 1.59961
      vertex 74.4409 59.6229 2
    endloop
  endfacet
  facet normal 0.64455 0.291261 0.706911
    outer loop
      vertex 74.4409 59.6229 2
      vertex 74.8 59.8 1.59961
      vertex 74.4301 59.6468 2
    endloop
  endfacet
  facet normal 0.662175 0.248654 0.706891
    outer loop
      vertex 74.4301 59.6468 2
      vertex 74.8 59.8 1.59961
      vertex 74.4209 59.6713 2
    endloop
  endfacet
  facet normal 0.676984 0.204983 0.706876
    outer loop
      vertex 74.4209 59.6713 2
      vertex 74.8 59.8 1.59961
      vertex 74.4133 59.6964 2
    endloop
  endfacet
  facet normal 0.688517 0.162004 0.706894
    outer loop
      vertex 74.4133 59.6964 2
      vertex 74.8 59.8 1.59961
      vertex 74.4073 59.7219 2
    endloop
  endfacet
  facet normal 0.697654 0.116276 0.706936
    outer loop
      vertex 74.4073 59.7219 2
      vertex 74.8 59.8 1.59961
      vertex 74.403 59.7477 2
    endloop
  endfacet
  facet normal 0.704072 0.0674398 0.706919
    outer loop
      vertex 74.403 59.7477 2
      vertex 74.8 59.8 1.59961
      vertex 74.4005 59.7738 2
    endloop
  endfacet
  facet normal 0.706889 0.0242825 0.706907
    outer loop
      vertex 74.4005 59.7738 2
      vertex 74.8 59.8 1.59961
      vertex 74.3996 59.8 2
    endloop
  endfacet
  facet normal 0.707098 0 0.707116
    outer loop
      vertex 74.8 59.8 1.59961
      vertex 74.3996 74.3996 2
      vertex 74.3996 59.8 2
    endloop
  endfacet
  facet normal 0.707098 0 0.707116
    outer loop
      vertex 74.3996 74.3996 2
      vertex 74.8 59.8 1.59961
      vertex 74.8 74.8 1.59961
    endloop
  endfacet
  facet normal 0 0.707098 0.707116
    outer loop
      vertex 74.8 74.8 1.59961
      vertex 45.6004 74.3996 2
      vertex 74.3996 74.3996 2
    endloop
  endfacet
  facet normal 0 0.707098 0.707116
    outer loop
      vertex 45.6004 74.3996 2
      vertex 74.8 74.8 1.59961
      vertex 45.2 74.8 1.59961
    endloop
  endfacet
  facet normal -0.707098 0 0.707116
    outer loop
      vertex 45.2 74.8 1.59961
      vertex 45.6004 45.6004 2
      vertex 45.6004 74.3996 2
    endloop
  endfacet
  facet normal -0.707098 0 0.707116
    outer loop
      vertex 45.6004 45.6004 2
      vertex 45.2 74.8 1.59961
      vertex 45.2 45.2 1.59961
    endloop
  endfacet
  facet normal 0 0 1
    outer loop
      vertex 74.3996 74.3996 2
      vertex 45.6004 74.3996 2
      vertex 74.3996 59.8 2
    endloop
  endfacet
  facet normal -0 0 1
    outer loop
      vertex 74.8 59.3996 2
      vertex 104.4 45.6004 2
      vertex 104.4 59.3996 2
    endloop
  endfacet
  facet normal 0 0 1
    outer loop
      vertex 45.6004 45.6004 2
      vertex 74.8 59.3996 2
      vertex 74.7738 59.4005 2
    endloop
  endfacet
  facet normal 0 0 1
    outer loop
      vertex 45.6004 45.6004 2
      vertex 74.7738 59.4005 2
      vertex 74.7477 59.403 2
    endloop
  endfacet
  facet normal 0 0 1
    outer loop
      vertex 45.6004 45.6004 2
      vertex 74.7477 59.403 2
      vertex 74.7219 59.4073 2
    endloop
  endfacet
  facet normal 0 0 1
    outer loop
      vertex 45.6004 45.6004 2
      vertex 74.7219 59.4073 2
      vertex 74.6964 59.4133 2
    endloop
  endfacet
  facet normal 0 0 1
    outer loop
      vertex 45.6004 45.6004 2
      vertex 74.6964 59.4133 2
      vertex 74.6713 59.4209 2
    endloop
  endfacet
  facet normal 0 0 1
    outer loop
      vertex 45.6004 45.6004 2
      vertex 74.6713 59.4209 2
      vertex 74.6468 59.4301 2
    endloop
  endfacet
  facet normal 0 0 1
    outer loop
      vertex 45.6004 45.6004 2
      vertex 74.6468 59.4301 2
      vertex 74.6229 59.4409 2
    endloop
  endfacet
  facet normal 0 0 1
    outer loop
      vertex 45.6004 45.6004 2
      vertex 74.3996 59.8 2
      vertex 45.6004 74.3996 2
    endloop
  endfacet
  facet normal 0 0 1
    outer loop
      vertex 74.3996 59.8 2
      vertex 45.6004 45.6004 2
      vertex 74.4005 59.7738 2
    endloop
  endfacet
  facet normal 0 0 1
    outer loop
      vertex 74.4005 59.7738 2
      vertex 45.6004 45.6004 2
      vertex 74.403 59.7477 2
    endloop
  endfacet
  facet normal 0 0 1
    outer loop
      vertex 74.403 59.7477 2
      vertex 45.6004 45.6004 2
      vertex 74.4073 59.7219 2
    endloop
  endfacet
  facet normal 0 0 1
    outer loop
      vertex 74.4073 59.7219 2
      vertex 45.6004 45.6004 2
      vertex 74.4133 59.6964 2
    endloop
  endfacet
  facet normal 0 0 1
    outer loop
      vertex 74.4133 59.6964 2
      vertex 45.6004 45.6004 2
      vertex 74.4209 59.6713 2
    endloop
  endfacet
  facet normal 0 0 1
    outer loop
      vertex 74.4209 59.6713 2
      vertex 45.6004 45.6004 2
      vertex 74.4301 59.6468 2
    endloop
  endfacet
  facet normal 0 0 1
    outer loop
      vertex 74.4301 59.6468 2
      vertex 45.6004 45.6004 2
      vertex 74.4409 59.6229 2
    endloop
  endfacet
  facet normal 0 0 1
    outer loop
      vertex 74.4409 59.6229 2
      vertex 45.6004 45.6004 2
      vertex 74.4532 59.5998 2
    endloop
  endfacet
  facet normal 0 0 1
    outer loop
      vertex 74.4532 59.5998 2
      vertex 45.6004 45.6004 2
      vertex 74.4671 59.5776 2
    endloop
  endfacet
  facet normal 0 0 1
    outer loop
      vertex 74.4671 59.5776 2
      vertex 45.6004 45.6004 2
      vertex 74.4823 59.5563 2
    endloop
  endfacet
  facet normal 0 0 1
    outer loop
      vertex 74.4823 59.5563 2
      vertex 45.6004 45.6004 2
      vertex 74.499 59.536 2
    endloop
  endfacet
  facet normal 0 0 1
    outer loop
      vertex 74.499 59.536 2
      vertex 45.6004 45.6004 2
      vertex 74.5169 59.5169 2
    endloop
  endfacet
  facet normal 0 0 1
    outer loop
      vertex 74.5169 59.5169 2
      vertex 45.6004 45.6004 2
      vertex 74.536 59.499 2
    endloop
  endfacet
  facet normal 0 0 1
    outer loop
      vertex 74.536 59.499 2
      vertex 45.6004 45.6004 2
      vertex 74.5563 59.4823 2
    endloop
  endfacet
  facet normal 0 0 1
    outer loop
      vertex 74.5563 59.4823 2
      vertex 45.6004 45.6004 2
      vertex 74.5776 59.4671 2
    endloop
  endfacet
  facet normal 0 0 1
    outer loop
      vertex 74.5776 59.4671 2
      vertex 45.6004 45.6004 2
      vertex 74.5998 59.4533 2
    endloop
  endfacet
  facet normal 0 0 1
    outer loop
      vertex 74.8 59.3996 2
      vertex 45.6004 45.6004 2
      vertex 104.4 45.6004 2
    endloop
  endfacet
  facet normal 0 0 1
    outer loop
      vertex 74.5998 59.4533 2
      vertex 45.6004 45.6004 2
      vertex 74.6229 59.4409 2
    endloop
  endfacet
  facet normal 0 -1 0
    outer loop
      vertex 45.2 45.2 0.400391
      vertex 104.8 45.2 1.59961
      vertex 45.2 45.2 1.59961
    endloop
  endfacet
  facet normal 0 -1 -0
    outer loop
      vertex 104.8 45.2 1.59961
      vertex 45.2 45.2 0.400391
      vertex 104.8 45.2 0.400391
    endloop
  endfacet
  facet normal 1 -0 0
    outer loop
      vertex 104.8 45.2 1.59961
      vertex 104.8 59.8 0.400391
      vertex 104.8 59.8 1.59961
    endloop
  endfacet
  facet normal 1 0 0
    outer loop
      vertex 104.8 59.8 0.400391
      vertex 104.8 45.2 1.59961
      vertex 104.8 45.2 0.400391
    endloop
  endfacet
  facet normal 0 1 -0
    outer loop
      vertex 104.8 59.8 0.400391
      vertex 74.8 59.8 1.59961
      vertex 104.8 59.8 1.59961
    endloop
  endfacet
  facet normal 0 1 0
    outer loop
      vertex 74.8 59.8 1.59961
      vertex 104.8 59.8 0.400391
      vertex 74.8 59.8 0.400391
    endloop
  endfacet
  facet normal 1 -0 0
    outer loop
      vertex 74.8 59.8 1.59961
      vertex 74.8 74.8 0.400391
      vertex 74.8 74.8 1.59961
    endloop
  endfacet
  facet normal 1 0 0
    outer loop
      vertex 74.8 74.8 0.400391
      vertex 74.8 59.8 1.59961
      vertex 74.8 59.8 0.400391
    endloop
  endfacet
  facet normal 0 1 -0
    outer loop
      vertex 74.8 74.8 0.400391
      vertex 45.2 74.8 1.59961
      vertex 74.8 74.8 1.59961
    endloop
  endfacet
  facet normal 0 1 0
    outer loop
      vertex 45.2 74.8 1.59961
      vertex 74.8 74.8 0.400391
      vertex 45.2 74.8 0.400391
    endloop
  endfacet
  facet normal -1 0 0
    outer loop
      vertex 45.2 45.2 0.400391
      vertex 45.2 74.8 1.59961
      vertex 45.2 74.8 0.400391
    endloop
  endfacet
  facet normal -1 -0 0
    outer loop
      vertex 45.2 74.8 1.59961
      vertex 45.2 45.2 0.400391
      vertex 45.2 45.2 1.59961
    endloop
  endfacet
  facet normal 0 -0.707099 -0.707115
    outer loop
      vertex 105.6 15.6004 0
      vertex 119.8 15.2 0.400391
      vertex 105.2 15.2 0.400391
    endloop
  endfacet
  facet normal 0 -0.707099 -0.707115
    outer loop
      vertex 119.8 15.2 0.400391
      vertex 105.6 15.6004 0
      vertex 119.4 15.6004 0
    endloop
  endfacet
  facet normal 0.707452 0 -0.706761
    outer loop
      vertex 119.8 30.2 0.400391
      vertex 119.4 15.6004 0
      vertex 119.4 30.2 0
    endloop
  endfacet
  facet normal 0.707452 0 -0.706761
    outer loop
      vertex 119.4 15.6004 0
      vertex 119.8 30.2 0.400391
      vertex 119.8 15.2 0.400391
    endloop
  endfacet
  facet normal 0.707452 0 -0.706761
    outer loop
      vertex 119.4 30.2262 0
      vertex 119.8 30.2 0.400391
      vertex 119.4 30.2 0
    endloop
  endfacet
  facet normal 0.702495 -0.0807466 -0.707093
    outer loop
      vertex 119.403 30.2523 0
      vertex 119.8 30.2 0.400391
      vertex 119.4 30.2262 0
    endloop
  endfacet
  facet normal 0.698816 -0.108343 -0.707049
    outer loop
      vertex 119.407 30.2781 0
      vertex 119.8 30.2 0.400391
      vertex 119.403 30.2523 0
    endloop
  endfacet
  facet normal 0.688267 -0.161945 -0.707151
    outer loop
      vertex 119.413 30.3036 0
      vertex 119.8 30.2 0.400391
      vertex 119.407 30.2781 0
    endloop
  endfacet
  facet normal 0.673888 -0.214785 -0.706925
    outer loop
      vertex 119.421 30.3287 0
      vertex 119.8 30.2 0.400391
      vertex 119.413 30.3036 0
    endloop
  endfacet
  facet normal 0.663953 -0.243901 -0.70688
    outer loop
      vertex 119.43 30.3532 0
      vertex 119.8 30.2 0.400391
      vertex 119.421 30.3287 0
    endloop
  endfacet
  facet normal 0.642523 -0.295722 -0.706904
    outer loop
      vertex 119.441 30.3771 0
      vertex 119.8 30.2 0.400391
      vertex 119.43 30.3532 0
    endloop
  endfacet
  facet normal 0.627625 -0.326039 -0.706956
    outer loop
      vertex 119.453 30.4002 0
      vertex 119.8 30.2 0.400391
      vertex 119.441 30.3771 0
    endloop
  endfacet
  facet normal 0.598174 -0.377227 -0.707027
    outer loop
      vertex 119.467 30.4224 0
      vertex 119.8 30.2 0.400391
      vertex 119.453 30.4002 0
    endloop
  endfacet
  facet normal 0.578189 -0.407175 -0.70704
    outer loop
      vertex 119.482 30.4437 0
      vertex 119.8 30.2 0.400391
      vertex 119.467 30.4224 0
    endloop
  endfacet
  facet normal 0.542203 -0.454061 -0.706997
    outer loop
      vertex 119.499 30.464 0
      vertex 119.8 30.2 0.400391
      vertex 119.482 30.4437 0
    endloop
  endfacet
  facet normal 0.514776 -0.485129 -0.706863
    outer loop
      vertex 119.517 30.4831 0
      vertex 119.8 30.2 0.400391
      vertex 119.499 30.464 0
    endloop
  endfacet
  facet normal 0.485045 -0.514852 -0.706865
    outer loop
      vertex 119.536 30.501 0
      vertex 119.8 30.2 0.400391
      vertex 119.517 30.4831 0
    endloop
  endfacet
  facet normal 0.45329 -0.542863 -0.706985
    outer loop
      vertex 119.556 30.5177 0
      vertex 119.8 30.2 0.400391
      vertex 119.536 30.501 0
    endloop
  endfacet
  facet normal 0.402099 -0.581985 -0.706831
    outer loop
      vertex 119.578 30.5329 0
      vertex 119.8 30.2 0.400391
      vertex 119.556 30.5177 0
    endloop
  endfacet
  facet normal 0.375939 -0.599322 -0.706741
    outer loop
      vertex 119.6 30.5467 0
      vertex 119.8 30.2 0.400391
      vertex 119.578 30.5329 0
    endloop
  endfacet
  facet normal 0.33569 -0.622651 -0.706837
    outer loop
      vertex 119.623 30.5591 0
      vertex 119.8 30.2 0.400391
      vertex 119.6 30.5467 0
    endloop
  endfacet
  facet normal 0.290275 -0.645056 -0.706855
    outer loop
      vertex 119.647 30.5699 0
      vertex 119.8 30.2 0.400391
      vertex 119.623 30.5591 0
    endloop
  endfacet
  facet normal 0.253173 -0.660451 -0.7069
    outer loop
      vertex 119.671 30.5791 0
      vertex 119.8 30.2 0.400391
      vertex 119.647 30.5699 0
    endloop
  endfacet
  facet normal 0.205708 -0.676672 -0.706965
    outer loop
      vertex 119.696 30.5867 0
      vertex 119.8 30.2 0.400391
      vertex 119.671 30.5791 0
    endloop
  endfacet
  facet normal 0.159041 -0.689178 -0.706923
    outer loop
      vertex 119.722 30.5927 0
      vertex 119.8 30.2 0.400391
      vertex 119.696 30.5867 0
    endloop
  endfacet
  facet normal 0.11541 -0.697828 -0.706906
    outer loop
      vertex 119.748 30.597 0
      vertex 119.8 30.2 0.400391
      vertex 119.722 30.5927 0
    endloop
  endfacet
  facet normal 0.0676989 -0.704068 -0.706898
    outer loop
      vertex 119.774 30.5995 0
      vertex 119.8 30.2 0.400391
      vertex 119.748 30.597 0
    endloop
  endfacet
  facet normal 0.0244692 -0.706887 -0.706903
    outer loop
      vertex 119.8 30.6004 0
      vertex 119.8 30.2 0.400391
      vertex 119.774 30.5995 0
    endloop
  endfacet
  facet normal -0 -0.707099 -0.707115
    outer loop
      vertex 149.4 30.6004 0
      vertex 119.8 30.2 0.400391
      vertex 119.8 30.6004 0
    endloop
  endfacet
  facet normal 0 -0.707099 -0.707115
    outer loop
      vertex 119.8 30.2 0.400391
      vertex 149.4 30.6004 0
      vertex 149.8 30.2 0.400391
    endloop
  endfacet
  facet normal 0.707452 0 -0.706761
    outer loop
      vertex 149.8 59.8 0.400391
      vertex 149.4 30.6004 0
      vertex 149.4 59.3996 0
    endloop
  endfacet
  facet normal 0.707452 0 -0.706761
    outer loop
      vertex 149.4 30.6004 0
      vertex 149.8 59.8 0.400391
      vertex 149.8 30.2 0.400391
    endloop
  endfacet
  facet normal 0 0.707099 -0.707115
    outer loop
      vertex 149.4 59.3996 0
      vertex 135.2 59.8 0.400391
      vertex 149.8 59.8 0.400391
    endloop
  endfacet
  facet normal 0 0.707099 -0.707115
    outer loop
      vertex 135.2 59.8 0.400391
      vertex 149.4 59.3996 0
      vertex 135.6 59.3996 0
    endloop
  endfacet
  facet normal -0.707452 0 -0.706761
    outer loop
      vertex 135.2 44.8 0.400391
      vertex 135.6 59.3996 0
      vertex 135.6 44.8 0
    endloop
  endfacet
  facet normal -0.707452 0 -0.706761
    outer loop
      vertex 135.6 59.3996 0
      vertex 135.2 44.8 0.400391
      vertex 135.2 59.8 0.400391
    endloop
  endfacet
  facet normal -0.707452 -0 -0.706761
    outer loop
      vertex 135.6 44.8 0
      vertex 135.6 44.7738 0
      vertex 135.2 44.8 0.400391
    endloop
  endfacet
  facet normal -0.702495 0.0807466 -0.707093
    outer loop
      vertex 135.6 44.7738 0
      vertex 135.597 44.7477 0
      vertex 135.2 44.8 0.400391
    endloop
  endfacet
  facet normal -0.698816 0.108343 -0.707049
    outer loop
      vertex 135.597 44.7477 0
      vertex 135.593 44.7219 0
      vertex 135.2 44.8 0.400391
    endloop
  endfacet
  facet normal -0.688267 0.161945 -0.707151
    outer loop
      vertex 135.593 44.7219 0
      vertex 135.587 44.6964 0
      vertex 135.2 44.8 0.400391
    endloop
  endfacet
  facet normal -0.673888 0.214785 -0.706925
    outer loop
      vertex 135.587 44.6964 0
      vertex 135.579 44.6713 0
      vertex 135.2 44.8 0.400391
    endloop
  endfacet
  facet normal -0.663953 0.243901 -0.70688
    outer loop
      vertex 135.579 44.6713 0
      vertex 135.57 44.6468 0
      vertex 135.2 44.8 0.400391
    endloop
  endfacet
  facet normal -0.642523 0.295722 -0.706904
    outer loop
      vertex 135.57 44.6468 0
      vertex 135.559 44.6229 0
      vertex 135.2 44.8 0.400391
    endloop
  endfacet
  facet normal -0.627625 0.326039 -0.706956
    outer loop
      vertex 135.559 44.6229 0
      vertex 135.547 44.5998 0
      vertex 135.2 44.8 0.400391
    endloop
  endfacet
  facet normal -0.598174 0.377227 -0.707027
    outer loop
      vertex 135.547 44.5998 0
      vertex 135.533 44.5776 0
      vertex 135.2 44.8 0.400391
    endloop
  endfacet
  facet normal -0.578189 0.407175 -0.70704
    outer loop
      vertex 135.533 44.5776 0
      vertex 135.518 44.5563 0
      vertex 135.2 44.8 0.400391
    endloop
  endfacet
  facet normal -0.542203 0.454061 -0.706997
    outer loop
      vertex 135.518 44.5563 0
      vertex 135.501 44.536 0
      vertex 135.2 44.8 0.400391
    endloop
  endfacet
  facet normal -0.514776 0.485129 -0.706863
    outer loop
      vertex 135.501 44.536 0
      vertex 135.483 44.5169 0
      vertex 135.2 44.8 0.400391
    endloop
  endfacet
  facet normal -0.485045 0.514852 -0.706865
    outer loop
      vertex 135.483 44.5169 0
      vertex 135.464 44.499 0
      vertex 135.2 44.8 0.400391
    endloop
  endfacet
  facet normal -0.45329 0.542863 -0.706985
    outer loop
      vertex 135.464 44.499 0
      vertex 135.444 44.4823 0
      vertex 135.2 44.8 0.400391
    endloop
  endfacet
  facet normal -0.402099 0.581985 -0.706831
    outer loop
      vertex 135.444 44.4823 0
      vertex 135.422 44.4671 0
      vertex 135.2 44.8 0.400391
    endloop
  endfacet
  facet normal -0.375939 0.599322 -0.706741
    outer loop
      vertex 135.422 44.4671 0
      vertex 135.4 44.4533 0
      vertex 135.2 44.8 0.400391
    endloop
  endfacet
  facet normal -0.33569 0.622651 -0.706837
    outer loop
      vertex 135.4 44.4533 0
      vertex 135.377 44.4409 0
      vertex 135.2 44.8 0.400391
    endloop
  endfacet
  facet normal -0.290275 0.645056 -0.706855
    outer loop
      vertex 135.377 44.4409 0
      vertex 135.353 44.4301 0
      vertex 135.2 44.8 0.400391
    endloop
  endfacet
  facet normal -0.253173 0.660451 -0.7069
    outer loop
      vertex 135.353 44.4301 0
      vertex 135.329 44.4209 0
      vertex 135.2 44.8 0.400391
    endloop
  endfacet
  facet normal -0.205708 0.676672 -0.706965
    outer loop
      vertex 135.329 44.4209 0
      vertex 135.304 44.4133 0
      vertex 135.2 44.8 0.400391
    endloop
  endfacet
  facet normal -0.159041 0.689178 -0.706923
    outer loop
      vertex 135.304 44.4133 0
      vertex 135.278 44.4073 0
      vertex 135.2 44.8 0.400391
    endloop
  endfacet
  facet normal -0.11541 0.697828 -0.706906
    outer loop
      vertex 135.278 44.4073 0
      vertex 135.252 44.403 0
      vertex 135.2 44.8 0.400391
    endloop
  endfacet
  facet normal -0.0676989 0.704068 -0.706898
    outer loop
      vertex 135.252 44.403 0
      vertex 135.226 44.4005 0
      vertex 135.2 44.8 0.400391
    endloop
  endfacet
  facet normal -0.0244692 0.706887 -0.706903
    outer loop
      vertex 135.2 44.8 0.400391
      vertex 135.226 44.4005 0
      vertex 135.2 44.3996 0
    endloop
  endfacet
  facet normal 0 0.707099 -0.707115
    outer loop
      vertex 135.2 44.3996 0
      vertex 119.8 44.8 0.400391
      vertex 135.2 44.8 0.400391
    endloop
  endfacet
  facet normal 0 0.707099 -0.707115
    outer loop
      vertex 119.8 44.8 0.400391
      vertex 135.2 44.3996 0
      vertex 119.8 44.3996 0
    endloop
  endfacet
  facet normal 0.0244692 0.706887 -0.706903
    outer loop
      vertex 119.8 44.8 0.400391
      vertex 119.8 44.3996 0
      vertex 119.774 44.4005 0
    endloop
  endfacet
  facet normal 0.0676989 0.704068 -0.706898
    outer loop
      vertex 119.8 44.8 0.400391
      vertex 119.774 44.4005 0
      vertex 119.748 44.403 0
    endloop
  endfacet
  facet normal 0.11541 0.697828 -0.706906
    outer loop
      vertex 119.8 44.8 0.400391
      vertex 119.748 44.403 0
      vertex 119.722 44.4073 0
    endloop
  endfacet
  facet normal 0.159041 0.689178 -0.706923
    outer loop
      vertex 119.8 44.8 0.400391
      vertex 119.722 44.4073 0
      vertex 119.696 44.4133 0
    endloop
  endfacet
  facet normal 0.205708 0.676672 -0.706965
    outer loop
      vertex 119.8 44.8 0.400391
      vertex 119.696 44.4133 0
      vertex 119.671 44.4209 0
    endloop
  endfacet
  facet normal 0.253173 0.660451 -0.7069
    outer loop
      vertex 119.8 44.8 0.400391
      vertex 119.671 44.4209 0
      vertex 119.647 44.4301 0
    endloop
  endfacet
  facet normal 0.290275 0.645056 -0.706855
    outer loop
      vertex 119.8 44.8 0.400391
      vertex 119.647 44.4301 0
      vertex 119.623 44.4409 0
    endloop
  endfacet
  facet normal 0.33569 0.622651 -0.706837
    outer loop
      vertex 119.8 44.8 0.400391
      vertex 119.623 44.4409 0
      vertex 119.6 44.4533 0
    endloop
  endfacet
  facet normal 0.375939 0.599322 -0.706741
    outer loop
      vertex 119.8 44.8 0.400391
      vertex 119.6 44.4533 0
      vertex 119.578 44.4671 0
    endloop
  endfacet
  facet normal 0.402099 0.581985 -0.706831
    outer loop
      vertex 119.8 44.8 0.400391
      vertex 119.578 44.4671 0
      vertex 119.556 44.4823 0
    endloop
  endfacet
  facet normal 0.45329 0.542863 -0.706985
    outer loop
      vertex 119.8 44.8 0.400391
      vertex 119.556 44.4823 0
      vertex 119.536 44.499 0
    endloop
  endfacet
  facet normal 0.485045 0.514852 -0.706865
    outer loop
      vertex 119.8 44.8 0.400391
      vertex 119.536 44.499 0
      vertex 119.517 44.5169 0
    endloop
  endfacet
  facet normal 0.514776 0.485129 -0.706863
    outer loop
      vertex 119.8 44.8 0.400391
      vertex 119.517 44.5169 0
      vertex 119.499 44.536 0
    endloop
  endfacet
  facet normal 0.542203 0.454061 -0.706997
    outer loop
      vertex 119.8 44.8 0.400391
      vertex 119.499 44.536 0
      vertex 119.482 44.5563 0
    endloop
  endfacet
  facet normal 0.578189 0.407175 -0.70704
    outer loop
      vertex 119.8 44.8 0.400391
      vertex 119.482 44.5563 0
      vertex 119.467 44.5776 0
    endloop
  endfacet
  facet normal 0.598174 0.377227 -0.707027
    outer loop
      vertex 119.8 44.8 0.400391
      vertex 119.467 44.5776 0
      vertex 119.453 44.5998 0
    endloop
  endfacet
  facet normal 0.627625 0.326039 -0.706956
    outer loop
      vertex 119.8 44.8 0.400391
      vertex 119.453 44.5998 0
      vertex 119.441 44.6229 0
    endloop
  endfacet
  facet normal 0.642523 0.295722 -0.706904
    outer loop
      vertex 119.8 44.8 0.400391
      vertex 119.441 44.6229 0
      vertex 119.43 44.6468 0
    endloop
  endfacet
  facet normal 0.663953 0.243901 -0.70688
    outer loop
      vertex 119.8 44.8 0.400391
      vertex 119.43 44.6468 0
      vertex 119.421 44.6713 0
    endloop
  endfacet
  facet normal 0.673888 0.214785 -0.706925
    outer loop
      vertex 119.8 44.8 0.400391
      vertex 119.421 44.6713 0
      vertex 119.413 44.6964 0
    endloop
  endfacet
  facet normal 0.688267 0.161945 -0.707151
    outer loop
      vertex 119.8 44.8 0.400391
      vertex 119.413 44.6964 0
      vertex 119.407 44.7219 0
    endloop
  endfacet
  facet normal 0.698816 0.108343 -0.707049
    outer loop
      vertex 119.8 44.8 0.400391
      vertex 119.407 44.7219 0
      vertex 119.403 44.7477 0
    endloop
  endfacet
  facet normal 0.702495 0.0807466 -0.707093
    outer loop
      vertex 119.8 44.8 0.400391
      vertex 119.403 44.7477 0
      vertex 119.4 44.7738 0
    endloop
  endfacet
  facet normal 0.707452 0 -0.706761
    outer loop
      vertex 119.8 44.8 0.400391
      vertex 119.4 44.7738 0
      vertex 119.4 44.8 0
    endloop
  endfacet
  facet normal 0.707452 0 -0.706761
    outer loop
      vertex 119.8 44.8 0.400391
      vertex 119.4 59.3996 0
      vertex 119.8 59.8 0.400391
    endloop
  endfacet
  facet normal 0.707452 0 -0.706761
    outer loop
      vertex 119.4 59.3996 0
      vertex 119.8 44.8 0.400391
      vertex 119.4 44.8 0
    endloop
  endfacet
  facet normal 0 0.707099 -0.707115
    outer loop
      vertex 119.4 59.3996 0
      vertex 105.2 59.8 0.400391
      vertex 119.8 59.8 0.400391
    endloop
  endfacet
  facet normal 0 0.707099 -0.707115
    outer loop
      vertex 105.2 59.8 0.400391
      vertex 119.4 59.3996 0
      vertex 105.6 59.3996 0
    endloop
  endfacet
  facet normal -0.707452 0 -0.706761
    outer loop
      vertex 105.6 15.6004 0
      vertex 105.2 59.8 0.400391
      vertex 105.6 59.3996 0
    endloop
  endfacet
  facet normal -0.707452 -0 -0.706761
    outer loop
      vertex 105.2 59.8 0.400391
      vertex 105.6 15.6004 0
      vertex 105.2 15.2 0.400391
    endloop
  endfacet
  facet normal 0 0 -1
    outer loop
      vertex 105.6 15.6004 0
      vertex 119.4 30.2 0
      vertex 119.4 15.6004 0
    endloop
  endfacet
  facet normal -0 0 -1
    outer loop
      vertex 119.4 30.2 0
      vertex 105.6 15.6004 0
      vertex 119.4 44.8 0
    endloop
  endfacet
  facet normal 0 0 -1
    outer loop
      vertex 105.6 59.3996 0
      vertex 119.4 44.8 0
      vertex 105.6 15.6004 0
    endloop
  endfacet
  facet normal 0 0 -1
    outer loop
      vertex 119.4 44.8 0
      vertex 105.6 59.3996 0
      vertex 119.4 59.3996 0
    endloop
  endfacet
  facet normal 0 0 -1
    outer loop
      vertex 149.4 30.6004 0
      vertex 135.6 44.8 0
      vertex 149.4 59.3996 0
    endloop
  endfacet
  facet normal 0 0 -1
    outer loop
      vertex 149.4 30.6004 0
      vertex 135.6 44.7738 0
      vertex 135.6 44.8 0
    endloop
  endfacet
  facet normal 0 0 -1
    outer loop
      vertex 149.4 30.6004 0
      vertex 135.597 44.7477 0
      vertex 135.6 44.7738 0
    endloop
  endfacet
  facet normal 0 0 -1
    outer loop
      vertex 149.4 30.6004 0
      vertex 135.593 44.7219 0
      vertex 135.597 44.7477 0
    endloop
  endfacet
  facet normal 0 0 -1
    outer loop
      vertex 149.4 30.6004 0
      vertex 135.587 44.6964 0
      vertex 135.593 44.7219 0
    endloop
  endfacet
  facet normal 0 0 -1
    outer loop
      vertex 149.4 30.6004 0
      vertex 135.579 44.6713 0
      vertex 135.587 44.6964 0
    endloop
  endfacet
  facet normal 0 0 -1
    outer loop
      vertex 149.4 30.6004 0
      vertex 135.57 44.6468 0
      vertex 135.579 44.6713 0
    endloop
  endfacet
  facet normal 0 0 -1
    outer loop
      vertex 149.4 30.6004 0
      vertex 135.559 44.6229 0
      vertex 135.57 44.6468 0
    endloop
  endfacet
  facet normal 0 0 -1
    outer loop
      vertex 149.4 30.6004 0
      vertex 135.547 44.5998 0
      vertex 135.559 44.6229 0
    endloop
  endfacet
  facet normal 0 0 -1
    outer loop
      vertex 149.4 30.6004 0
      vertex 135.533 44.5776 0
      vertex 135.547 44.5998 0
    endloop
  endfacet
  facet normal 0 0 -1
    outer loop
      vertex 149.4 30.6004 0
      vertex 135.518 44.5563 0
      vertex 135.533 44.5776 0
    endloop
  endfacet
  facet normal 0 0 -1
    outer loop
      vertex 149.4 30.6004 0
      vertex 135.501 44.536 0
      vertex 135.518 44.5563 0
    endloop
  endfacet
  facet normal 0 0 -1
    outer loop
      vertex 149.4 30.6004 0
      vertex 135.483 44.5169 0
      vertex 135.501 44.536 0
    endloop
  endfacet
  facet normal 0 0 -1
    outer loop
      vertex 149.4 30.6004 0
      vertex 135.464 44.499 0
      vertex 135.483 44.5169 0
    endloop
  endfacet
  facet normal 0 0 -1
    outer loop
      vertex 149.4 30.6004 0
      vertex 135.444 44.4823 0
      vertex 135.464 44.499 0
    endloop
  endfacet
  facet normal 0 0 -1
    outer loop
      vertex 149.4 30.6004 0
      vertex 135.422 44.4671 0
      vertex 135.444 44.4823 0
    endloop
  endfacet
  facet normal 0 0 -1
    outer loop
      vertex 149.4 30.6004 0
      vertex 135.4 44.4533 0
      vertex 135.422 44.4671 0
    endloop
  endfacet
  facet normal 0 0 -1
    outer loop
      vertex 149.4 30.6004 0
      vertex 135.377 44.4409 0
      vertex 135.4 44.4533 0
    endloop
  endfacet
  facet normal 0 0 -1
    outer loop
      vertex 149.4 30.6004 0
      vertex 135.353 44.4301 0
      vertex 135.377 44.4409 0
    endloop
  endfacet
  facet normal 0 0 -1
    outer loop
      vertex 149.4 30.6004 0
      vertex 135.329 44.4209 0
      vertex 135.353 44.4301 0
    endloop
  endfacet
  facet normal 0 0 -1
    outer loop
      vertex 149.4 30.6004 0
      vertex 135.304 44.4133 0
      vertex 135.329 44.4209 0
    endloop
  endfacet
  facet normal 0 0 -1
    outer loop
      vertex 149.4 30.6004 0
      vertex 135.278 44.4073 0
      vertex 135.304 44.4133 0
    endloop
  endfacet
  facet normal 0 0 -1
    outer loop
      vertex 149.4 30.6004 0
      vertex 135.252 44.403 0
      vertex 135.278 44.4073 0
    endloop
  endfacet
  facet normal 0 0 -1
    outer loop
      vertex 149.4 30.6004 0
      vertex 135.226 44.4005 0
      vertex 135.252 44.403 0
    endloop
  endfacet
  facet normal 0 0 -1
    outer loop
      vertex 149.4 30.6004 0
      vertex 135.2 44.3996 0
      vertex 135.226 44.4005 0
    endloop
  endfacet
  facet normal 0 0 -1
    outer loop
      vertex 119.8 30.6004 0
      vertex 135.2 44.3996 0
      vertex 149.4 30.6004 0
    endloop
  endfacet
  facet normal 0 0 -1
    outer loop
      vertex 119.8 30.6004 0
      vertex 119.8 44.3996 0
      vertex 135.2 44.3996 0
    endloop
  endfacet
  facet normal 0 0 -1
    outer loop
      vertex 119.774 30.5995 0
      vertex 119.8 44.3996 0
      vertex 119.8 30.6004 0
    endloop
  endfacet
  facet normal 0 0 -1
    outer loop
      vertex 119.774 30.5995 0
      vertex 119.774 44.4005 0
      vertex 119.8 44.3996 0
    endloop
  endfacet
  facet normal 0 0 -1
    outer loop
      vertex 119.748 30.597 0
      vertex 119.774 44.4005 0
      vertex 119.774 30.5995 0
    endloop
  endfacet
  facet normal 0 0 -1
    outer loop
      vertex 119.748 30.597 0
      vertex 119.748 44.403 0
      vertex 119.774 44.4005 0
    endloop
  endfacet
  facet normal 0 0 -1
    outer loop
      vertex 119.722 30.5927 0
      vertex 119.748 44.403 0
      vertex 119.748 30.597 0
    endloop
  endfacet
  facet normal 0 0 -1
    outer loop
      vertex 119.722 30.5927 0
      vertex 119.722 44.4073 0
      vertex 119.748 44.403 0
    endloop
  endfacet
  facet normal 0 0 -1
    outer loop
      vertex 119.696 30.5867 0
      vertex 119.722 44.4073 0
      vertex 119.722 30.5927 0
    endloop
  endfacet
  facet normal 0 0 -1
    outer loop
      vertex 119.696 30.5867 0
      vertex 119.696 44.4133 0
      vertex 119.722 44.4073 0
    endloop
  endfacet
  facet normal 0 0 -1
    outer loop
      vertex 119.671 30.5791 0
      vertex 119.696 44.4133 0
      vertex 119.696 30.5867 0
    endloop
  endfacet
  facet normal 0 0 -1
    outer loop
      vertex 119.671 30.5791 0
      vertex 119.671 44.4209 0
      vertex 119.696 44.4133 0
    endloop
  endfacet
  facet normal 0 0 -1
    outer loop
      vertex 119.647 30.5699 0
      vertex 119.671 44.4209 0
      vertex 119.671 30.5791 0
    endloop
  endfacet
  facet normal 0 0 -1
    outer loop
      vertex 119.647 30.5699 0
      vertex 119.647 44.4301 0
      vertex 119.671 44.4209 0
    endloop
  endfacet
  facet normal 0 0 -1
    outer loop
      vertex 119.623 30.5591 0
      vertex 119.647 44.4301 0
      vertex 119.647 30.5699 0
    endloop
  endfacet
  facet normal 0 0 -1
    outer loop
      vertex 119.623 30.5591 0
      vertex 119.623 44.4409 0
      vertex 119.647 44.4301 0
    endloop
  endfacet
  facet normal 0 0 -1
    outer loop
      vertex 119.6 30.5467 0
      vertex 119.623 44.4409 0
      vertex 119.623 30.5591 0
    endloop
  endfacet
  facet normal 0 0 -1
    outer loop
      vertex 119.6 30.5467 0
      vertex 119.6 44.4533 0
      vertex 119.623 44.4409 0
    endloop
  endfacet
  facet normal 0 0 -1
    outer loop
      vertex 119.578 30.5329 0
      vertex 119.6 44.4533 0
      vertex 119.6 30.5467 0
    endloop
  endfacet
  facet normal 0 0 -1
    outer loop
      vertex 119.578 30.5329 0
      vertex 119.578 44.4671 0
      vertex 119.6 44.4533 0
    endloop
  endfacet
  facet normal 0 0 -1
    outer loop
      vertex 119.556 30.5177 0
      vertex 119.578 44.4671 0
      vertex 119.578 30.5329 0
    endloop
  endfacet
  facet normal 0 0 -1
    outer loop
      vertex 119.556 30.5177 0
      vertex 119.556 44.4823 0
      vertex 119.578 44.4671 0
    endloop
  endfacet
  facet normal 0 0 -1
    outer loop
      vertex 119.536 30.501 0
      vertex 119.556 44.4823 0
      vertex 119.556 30.5177 0
    endloop
  endfacet
  facet normal 0 0 -1
    outer loop
      vertex 119.536 30.501 0
      vertex 119.536 44.499 0
      vertex 119.556 44.4823 0
    endloop
  endfacet
  facet normal 0 0 -1
    outer loop
      vertex 119.517 30.4831 0
      vertex 119.536 44.499 0
      vertex 119.536 30.501 0
    endloop
  endfacet
  facet normal 0 0 -1
    outer loop
      vertex 119.517 30.4831 0
      vertex 119.517 44.5169 0
      vertex 119.536 44.499 0
    endloop
  endfacet
  facet normal 0 0 -1
    outer loop
      vertex 119.499 30.464 0
      vertex 119.517 44.5169 0
      vertex 119.517 30.4831 0
    endloop
  endfacet
  facet normal 0 0 -1
    outer loop
      vertex 119.499 30.464 0
      vertex 119.499 44.536 0
      vertex 119.517 44.5169 0
    endloop
  endfacet
  facet normal 0 0 -1
    outer loop
      vertex 119.482 30.4437 0
      vertex 119.499 44.536 0
      vertex 119.499 30.464 0
    endloop
  endfacet
  facet normal 0 0 -1
    outer loop
      vertex 119.482 30.4437 0
      vertex 119.482 44.5563 0
      vertex 119.499 44.536 0
    endloop
  endfacet
  facet normal 0 0 -1
    outer loop
      vertex 119.467 30.4224 0
      vertex 119.482 44.5563 0
      vertex 119.482 30.4437 0
    endloop
  endfacet
  facet normal 0 0 -1
    outer loop
      vertex 119.467 30.4224 0
      vertex 119.467 44.5776 0
      vertex 119.482 44.5563 0
    endloop
  endfacet
  facet normal 0 0 -1
    outer loop
      vertex 119.453 30.4002 0
      vertex 119.467 44.5776 0
      vertex 119.467 30.4224 0
    endloop
  endfacet
  facet normal 0 0 -1
    outer loop
      vertex 119.453 30.4002 0
      vertex 119.453 44.5998 0
      vertex 119.467 44.5776 0
    endloop
  endfacet
  facet normal 0 0 -1
    outer loop
      vertex 119.441 30.3771 0
      vertex 119.453 44.5998 0
      vertex 119.453 30.4002 0
    endloop
  endfacet
  facet normal 0 0 -1
    outer loop
      vertex 119.441 30.3771 0
      vertex 119.441 44.6229 0
      vertex 119.453 44.5998 0
    endloop
  endfacet
  facet normal 0 0 -1
    outer loop
      vertex 119.43 30.3532 0
      vertex 119.441 44.6229 0
      vertex 119.441 30.3771 0
    endloop
  endfacet
  facet normal 0 0 -1
    outer loop
      vertex 119.43 30.3532 0
      vertex 119.43 44.6468 0
      vertex 119.441 44.6229 0
    endloop
  endfacet
  facet normal 0 0 -1
    outer loop
      vertex 119.421 30.3287 0
      vertex 119.43 44.6468 0
      vertex 119.43 30.3532 0
    endloop
  endfacet
  facet normal 0 0 -1
    outer loop
      vertex 119.421 30.3287 0
      vertex 119.421 44.6713 0
      vertex 119.43 44.6468 0
    endloop
  endfacet
  facet normal 0 0 -1
    outer loop
      vertex 119.413 30.3036 0
      vertex 119.421 44.6713 0
      vertex 119.421 30.3287 0
    endloop
  endfacet
  facet normal 0 0 -1
    outer loop
      vertex 119.413 30.3036 0
      vertex 119.413 44.6964 0
      vertex 119.421 44.6713 0
    endloop
  endfacet
  facet normal 0 0 -1
    outer loop
      vertex 119.407 30.2781 0
      vertex 119.413 44.6964 0
      vertex 119.413 30.3036 0
    endloop
  endfacet
  facet normal 0 0 -1
    outer loop
      vertex 119.407 30.2781 0
      vertex 119.407 44.7219 0
      vertex 119.413 44.6964 0
    endloop
  endfacet
  facet normal 0 0 -1
    outer loop
      vertex 119.403 30.2523 0
      vertex 119.407 44.7219 0
      vertex 119.407 30.2781 0
    endloop
  endfacet
  facet normal 0 0 -1
    outer loop
      vertex 119.403 30.2523 0
      vertex 119.403 44.7477 0
      vertex 119.407 44.7219 0
    endloop
  endfacet
  facet normal 0 0 -1
    outer loop
      vertex 119.4 30.2262 0
      vertex 119.403 44.7477 0
      vertex 119.403 30.2523 0
    endloop
  endfacet
  facet normal 0 0 -1
    outer loop
      vertex 119.4 30.2262 0
      vertex 119.4 44.7738 0
      vertex 119.403 44.7477 0
    endloop
  endfacet
  facet normal 0 0 0
    outer loop
      vertex 119.4 30.2 0
      vertex 119.4 44.7738 0
      vertex 119.4 30.2262 0
    endloop
  endfacet
  facet normal -0 0 0
    outer loop
      vertex 119.4 44.7738 0
      vertex 119.4 30.2 0
      vertex 119.4 44.8 0
    endloop
  endfacet
  facet normal -0 0 -1
    outer loop
      vertex 149.4 59.3996 0
      vertex 135.6 44.8 0
      vertex 135.6 59.3996 0
    endloop
  endfacet
  facet normal 0 -0.707098 0.707116
    outer loop
      vertex 105.2 15.2 1.59961
      vertex 119.4 15.6004 2
      vertex 105.6 15.6004 2
    endloop
  endfacet
  facet normal 0 -0.707098 0.707116
    outer loop
      vertex 119.4 15.6004 2
      vertex 105.2 15.2 1.59961
      vertex 119.8 15.2 1.59961
    endloop
  endfacet
  facet normal 0.707451 -0 0.706762
    outer loop
      vertex 119.4 15.6004 2
      vertex 119.8 30.2 1.59961
      vertex 119.4 30.2 2
    endloop
  endfacet
  facet normal 0.707451 0 0.706762
    outer loop
      vertex 119.8 30.2 1.59961
      vertex 119.4 15.6004 2
      vertex 119.8 15.2 1.59961
    endloop
  endfacet
  facet normal 0.707451 0 0.706762
    outer loop
      vertex 119.8 30.2 1.59961
      vertex 119.4 30.2262 2
      vertex 119.4 30.2 2
    endloop
  endfacet
  facet normal 0.702494 -0.0807465 0.707094
    outer loop
      vertex 119.8 30.2 1.59961
      vertex 119.403 30.2523 2
      vertex 119.4 30.2262 2
    endloop
  endfacet
  facet normal 0.698815 -0.108343 0.70705
    outer loop
      vertex 119.8 30.2 1.59961
      vertex 119.407 30.2781 2
      vertex 119.403 30.2523 2
    endloop
  endfacet
  facet normal 0.688266 -0.161945 0.707152
    outer loop
      vertex 119.8 30.2 1.59961
      vertex 119.413 30.3036 2
      vertex 119.407 30.2781 2
    endloop
  endfacet
  facet normal 0.673887 -0.214785 0.706926
    outer loop
      vertex 119.8 30.2 1.59961
      vertex 119.421 30.3287 2
      vertex 119.413 30.3036 2
    endloop
  endfacet
  facet normal 0.663952 -0.243901 0.70688
    outer loop
      vertex 119.8 30.2 1.59961
      vertex 119.43 30.3532 2
      vertex 119.421 30.3287 2
    endloop
  endfacet
  facet normal 0.642522 -0.295721 0.706905
    outer loop
      vertex 119.8 30.2 1.59961
      vertex 119.441 30.3771 2
      vertex 119.43 30.3532 2
    endloop
  endfacet
  facet normal 0.627624 -0.326038 0.706956
    outer loop
      vertex 119.8 30.2 1.59961
      vertex 119.453 30.4002 2
      vertex 119.441 30.3771 2
    endloop
  endfacet
  facet normal 0.598173 -0.377227 0.707028
    outer loop
      vertex 119.8 30.2 1.59961
      vertex 119.467 30.4224 2
      vertex 119.453 30.4002 2
    endloop
  endfacet
  facet normal 0.578188 -0.407175 0.707041
    outer loop
      vertex 119.8 30.2 1.59961
      vertex 119.482 30.4437 2
      vertex 119.467 30.4224 2
    endloop
  endfacet
  facet normal 0.542202 -0.454061 0.706998
    outer loop
      vertex 119.8 30.2 1.59961
      vertex 119.499 30.464 2
      vertex 119.482 30.4437 2
    endloop
  endfacet
  facet normal 0.514775 -0.485129 0.706864
    outer loop
      vertex 119.8 30.2 1.59961
      vertex 119.517 30.4831 2
      vertex 119.499 30.464 2
    endloop
  endfacet
  facet normal 0.485044 -0.514852 0.706866
    outer loop
      vertex 119.8 30.2 1.59961
      vertex 119.536 30.501 2
      vertex 119.517 30.4831 2
    endloop
  endfacet
  facet normal 0.45329 -0.542862 0.706986
    outer loop
      vertex 119.8 30.2 1.59961
      vertex 119.556 30.5177 2
      vertex 119.536 30.501 2
    endloop
  endfacet
  facet normal 0.402098 -0.581984 0.706832
    outer loop
      vertex 119.8 30.2 1.59961
      vertex 119.578 30.5329 2
      vertex 119.556 30.5177 2
    endloop
  endfacet
  facet normal 0.375938 -0.599322 0.706742
    outer loop
      vertex 119.8 30.2 1.59961
      vertex 119.6 30.5467 2
      vertex 119.578 30.5329 2
    endloop
  endfacet
  facet normal 0.33569 -0.62265 0.706838
    outer loop
      vertex 119.8 30.2 1.59961
      vertex 119.623 30.5591 2
      vertex 119.6 30.5467 2
    endloop
  endfacet
  facet normal 0.290275 -0.645055 0.706855
    outer loop
      vertex 119.8 30.2 1.59961
      vertex 119.647 30.5699 2
      vertex 119.623 30.5591 2
    endloop
  endfacet
  facet normal 0.253173 -0.66045 0.706901
    outer loop
      vertex 119.8 30.2 1.59961
      vertex 119.671 30.5791 2
      vertex 119.647 30.5699 2
    endloop
  endfacet
  facet normal 0.205708 -0.676671 0.706966
    outer loop
      vertex 119.8 30.2 1.59961
      vertex 119.696 30.5867 2
      vertex 119.671 30.5791 2
    endloop
  endfacet
  facet normal 0.159041 -0.689177 0.706923
    outer loop
      vertex 119.8 30.2 1.59961
      vertex 119.722 30.5927 2
      vertex 119.696 30.5867 2
    endloop
  endfacet
  facet normal 0.11541 -0.697827 0.706907
    outer loop
      vertex 119.8 30.2 1.59961
      vertex 119.748 30.597 2
      vertex 119.722 30.5927 2
    endloop
  endfacet
  facet normal 0.0676988 -0.704068 0.706899
    outer loop
      vertex 119.8 30.2 1.59961
      vertex 119.774 30.5995 2
      vertex 119.748 30.597 2
    endloop
  endfacet
  facet normal 0.0244691 -0.706886 0.706904
    outer loop
      vertex 119.8 30.2 1.59961
      vertex 119.8 30.6004 2
      vertex 119.774 30.5995 2
    endloop
  endfacet
  facet normal 0 -0.707098 0.707116
    outer loop
      vertex 119.8 30.2 1.59961
      vertex 149.4 30.6004 2
      vertex 119.8 30.6004 2
    endloop
  endfacet
  facet normal 0 -0.707098 0.707116
    outer loop
      vertex 149.4 30.6004 2
      vertex 119.8 30.2 1.59961
      vertex 149.8 30.2 1.59961
    endloop
  endfacet
  facet normal 0.707451 -0 0.706762
    outer loop
      vertex 149.4 30.6004 2
      vertex 149.8 59.8 1.59961
      vertex 149.4 59.3996 2
    endloop
  endfacet
  facet normal 0.707451 0 0.706762
    outer loop
      vertex 149.8 59.8 1.59961
      vertex 149.4 30.6004 2
      vertex 149.8 30.2 1.59961
    endloop
  endfacet
  facet normal 0 0.707098 0.707116
    outer loop
      vertex 149.8 59.8 1.59961
      vertex 135.6 59.3996 2
      vertex 149.4 59.3996 2
    endloop
  endfacet
  facet normal 0 0.707098 0.707116
    outer loop
      vertex 135.6 59.3996 2
      vertex 149.8 59.8 1.59961
      vertex 135.2 59.8 1.59961
    endloop
  endfacet
  facet normal -0.707451 0 0.706762
    outer loop
      vertex 135.2 44.8 1.59961
      vertex 135.6 59.3996 2
      vertex 135.2 59.8 1.59961
    endloop
  endfacet
  facet normal -0.707451 0 0.706762
    outer loop
      vertex 135.6 59.3996 2
      vertex 135.2 44.8 1.59961
      vertex 135.6 44.8 2
    endloop
  endfacet
  facet normal -0.707451 0 0.706762
    outer loop
      vertex 135.6 44.7738 2
      vertex 135.6 44.8 2
      vertex 135.2 44.8 1.59961
    endloop
  endfacet
  facet normal -0.702494 0.0807465 0.707094
    outer loop
      vertex 135.597 44.7477 2
      vertex 135.6 44.7738 2
      vertex 135.2 44.8 1.59961
    endloop
  endfacet
  facet normal -0.698815 0.108343 0.70705
    outer loop
      vertex 135.593 44.7219 2
      vertex 135.597 44.7477 2
      vertex 135.2 44.8 1.59961
    endloop
  endfacet
  facet normal -0.688266 0.161945 0.707152
    outer loop
      vertex 135.587 44.6964 2
      vertex 135.593 44.7219 2
      vertex 135.2 44.8 1.59961
    endloop
  endfacet
  facet normal -0.673887 0.214785 0.706926
    outer loop
      vertex 135.579 44.6713 2
      vertex 135.587 44.6964 2
      vertex 135.2 44.8 1.59961
    endloop
  endfacet
  facet normal -0.663952 0.243901 0.70688
    outer loop
      vertex 135.57 44.6468 2
      vertex 135.579 44.6713 2
      vertex 135.2 44.8 1.59961
    endloop
  endfacet
  facet normal -0.642522 0.295721 0.706905
    outer loop
      vertex 135.559 44.6229 2
      vertex 135.57 44.6468 2
      vertex 135.2 44.8 1.59961
    endloop
  endfacet
  facet normal -0.627624 0.326038 0.706956
    outer loop
      vertex 135.547 44.5998 2
      vertex 135.559 44.6229 2
      vertex 135.2 44.8 1.59961
    endloop
  endfacet
  facet normal -0.598173 0.377227 0.707028
    outer loop
      vertex 135.533 44.5776 2
      vertex 135.547 44.5998 2
      vertex 135.2 44.8 1.59961
    endloop
  endfacet
  facet normal -0.578188 0.407175 0.707041
    outer loop
      vertex 135.518 44.5563 2
      vertex 135.533 44.5776 2
      vertex 135.2 44.8 1.59961
    endloop
  endfacet
  facet normal -0.542202 0.454061 0.706998
    outer loop
      vertex 135.501 44.536 2
      vertex 135.518 44.5563 2
      vertex 135.2 44.8 1.59961
    endloop
  endfacet
  facet normal -0.514775 0.485129 0.706864
    outer loop
      vertex 135.483 44.5169 2
      vertex 135.501 44.536 2
      vertex 135.2 44.8 1.59961
    endloop
  endfacet
  facet normal -0.485044 0.514852 0.706866
    outer loop
      vertex 135.464 44.499 2
      vertex 135.483 44.5169 2
      vertex 135.2 44.8 1.59961
    endloop
  endfacet
  facet normal -0.45329 0.542862 0.706986
    outer loop
      vertex 135.444 44.4823 2
      vertex 135.464 44.499 2
      vertex 135.2 44.8 1.59961
    endloop
  endfacet
  facet normal -0.402098 0.581984 0.706832
    outer loop
      vertex 135.422 44.4671 2
      vertex 135.444 44.4823 2
      vertex 135.2 44.8 1.59961
    endloop
  endfacet
  facet normal -0.375938 0.599322 0.706742
    outer loop
      vertex 135.4 44.4533 2
      vertex 135.422 44.4671 2
      vertex 135.2 44.8 1.59961
    endloop
  endfacet
  facet normal -0.33569 0.62265 0.706838
    outer loop
      vertex 135.377 44.4409 2
      vertex 135.4 44.4533 2
      vertex 135.2 44.8 1.59961
    endloop
  endfacet
  facet normal -0.290275 0.645055 0.706855
    outer loop
      vertex 135.353 44.4301 2
      vertex 135.377 44.4409 2
      vertex 135.2 44.8 1.59961
    endloop
  endfacet
  facet normal -0.253173 0.66045 0.706901
    outer loop
      vertex 135.329 44.4209 2
      vertex 135.353 44.4301 2
      vertex 135.2 44.8 1.59961
    endloop
  endfacet
  facet normal -0.205708 0.676671 0.706966
    outer loop
      vertex 135.304 44.4133 2
      vertex 135.329 44.4209 2
      vertex 135.2 44.8 1.59961
    endloop
  endfacet
  facet normal -0.159041 0.689177 0.706923
    outer loop
      vertex 135.278 44.4073 2
      vertex 135.304 44.4133 2
      vertex 135.2 44.8 1.59961
    endloop
  endfacet
  facet normal -0.11541 0.697827 0.706907
    outer loop
      vertex 135.252 44.403 2
      vertex 135.278 44.4073 2
      vertex 135.2 44.8 1.59961
    endloop
  endfacet
  facet normal -0.0676988 0.704068 0.706899
    outer loop
      vertex 135.226 44.4005 2
      vertex 135.252 44.403 2
      vertex 135.2 44.8 1.59961
    endloop
  endfacet
  facet normal -0.0244691 0.706886 0.706904
    outer loop
      vertex 135.226 44.4005 2
      vertex 135.2 44.8 1.59961
      vertex 135.2 44.3996 2
    endloop
  endfacet
  facet normal 0 0.707098 0.707116
    outer loop
      vertex 135.2 44.8 1.59961
      vertex 119.8 44.3996 2
      vertex 135.2 44.3996 2
    endloop
  endfacet
  facet normal 0 0.707098 0.707116
    outer loop
      vertex 119.8 44.3996 2
      vertex 135.2 44.8 1.59961
      vertex 119.8 44.8 1.59961
    endloop
  endfacet
  facet normal 0.0244691 0.706886 0.706904
    outer loop
      vertex 119.8 44.3996 2
      vertex 119.8 44.8 1.59961
      vertex 119.774 44.4005 2
    endloop
  endfacet
  facet normal 0.0676988 0.704068 0.706899
    outer loop
      vertex 119.774 44.4005 2
      vertex 119.8 44.8 1.59961
      vertex 119.748 44.403 2
    endloop
  endfacet
  facet normal 0.11541 0.697827 0.706907
    outer loop
      vertex 119.748 44.403 2
      vertex 119.8 44.8 1.59961
      vertex 119.722 44.4073 2
    endloop
  endfacet
  facet normal 0.159041 0.689177 0.706923
    outer loop
      vertex 119.722 44.4073 2
      vertex 119.8 44.8 1.59961
      vertex 119.696 44.4133 2
    endloop
  endfacet
  facet normal 0.205708 0.676671 0.706966
    outer loop
      vertex 119.696 44.4133 2
      vertex 119.8 44.8 1.59961
      vertex 119.671 44.4209 2
    endloop
  endfacet
  facet normal 0.253173 0.66045 0.706901
    outer loop
      vertex 119.671 44.4209 2
      vertex 119.8 44.8 1.59961
      vertex 119.647 44.4301 2
    endloop
  endfacet
  facet normal 0.290275 0.645055 0.706855
    outer loop
      vertex 119.647 44.4301 2
      vertex 119.8 44.8 1.59961
      vertex 119.623 44.4409 2
    endloop
  endfacet
  facet normal 0.33569 0.62265 0.706838
    outer loop
      vertex 119.623 44.4409 2
      vertex 119.8 44.8 1.59961
      vertex 119.6 44.4533 2
    endloop
  endfacet
  facet normal 0.375938 0.599322 0.706742
    outer loop
      vertex 119.6 44.4533 2
      vertex 119.8 44.8 1.59961
      vertex 119.578 44.4671 2
    endloop
  endfacet
  facet normal 0.402098 0.581984 0.706832
    outer loop
      vertex 119.578 44.4671 2
      vertex 119.8 44.8 1.59961
      vertex 119.556 44.4823 2
    endloop
  endfacet
  facet normal 0.45329 0.542862 0.706986
    outer loop
      vertex 119.556 44.4823 2
      vertex 119.8 44.8 1.59961
      vertex 119.536 44.499 2
    endloop
  endfacet
  facet normal 0.485044 0.514852 0.706866
    outer loop
      vertex 119.536 44.499 2
      vertex 119.8 44.8 1.59961
      vertex 119.517 44.5169 2
    endloop
  endfacet
  facet normal 0.514775 0.485129 0.706864
    outer loop
      vertex 119.517 44.5169 2
      vertex 119.8 44.8 1.59961
      vertex 119.499 44.536 2
    endloop
  endfacet
  facet normal 0.542202 0.454061 0.706998
    outer loop
      vertex 119.499 44.536 2
      vertex 119.8 44.8 1.59961
      vertex 119.482 44.5563 2
    endloop
  endfacet
  facet normal 0.578188 0.407175 0.707041
    outer loop
      vertex 119.482 44.5563 2
      vertex 119.8 44.8 1.59961
      vertex 119.467 44.5776 2
    endloop
  endfacet
  facet normal 0.598173 0.377227 0.707028
    outer loop
      vertex 119.467 44.5776 2
      vertex 119.8 44.8 1.59961
      vertex 119.453 44.5998 2
    endloop
  endfacet
  facet normal 0.627624 0.326038 0.706956
    outer loop
      vertex 119.453 44.5998 2
      vertex 119.8 44.8 1.59961
      vertex 119.441 44.6229 2
    endloop
  endfacet
  facet normal 0.642522 0.295721 0.706905
    outer loop
      vertex 119.441 44.6229 2
      vertex 119.8 44.8 1.59961
      vertex 119.43 44.6468 2
    endloop
  endfacet
  facet normal 0.663952 0.243901 0.70688
    outer loop
      vertex 119.43 44.6468 2
      vertex 119.8 44.8 1.59961
      vertex 119.421 44.6713 2
    endloop
  endfacet
  facet normal 0.673887 0.214785 0.706926
    outer loop
      vertex 119.421 44.6713 2
      vertex 119.8 44.8 1.59961
      vertex 119.413 44.6964 2
    endloop
  endfacet
  facet normal 0.688266 0.161945 0.707152
    outer loop
      vertex 119.413 44.6964 2
      vertex 119.8 44.8 1.59961
      vertex 119.407 44.7219 2
    endloop
  endfacet
  facet normal 0.698815 0.108343 0.70705
    outer loop
      vertex 119.407 44.7219 2
      vertex 119.8 44.8 1.59961
      vertex 119.403 44.7477 2
    endloop
  endfacet
  facet normal 0.702494 0.0807465 0.707094
    outer loop
      vertex 119.403 44.7477 2
      vertex 119.8 44.8 1.59961
      vertex 119.4 44.7738 2
    endloop
  endfacet
  facet normal 0.707451 -0 0.706762
    outer loop
      vertex 119.4 44.7738 2
      vertex 119.8 44.8 1.59961
      vertex 119.4 44.8 2
    endloop
  endfacet
  facet normal 0.707451 0 0.706762
    outer loop
      vertex 119.8 44.8 1.59961
      vertex 119.4 59.3996 2
      vertex 119.4 44.8 2
    endloop
  endfacet
  facet normal 0.707451 0 0.706762
    outer loop
      vertex 119.4 59.3996 2
      vertex 119.8 44.8 1.59961
      vertex 119.8 59.8 1.59961
    endloop
  endfacet
  facet normal 0 0.707098 0.707116
    outer loop
      vertex 119.8 59.8 1.59961
      vertex 105.6 59.3996 2
      vertex 119.4 59.3996 2
    endloop
  endfacet
  facet normal 0 0.707098 0.707116
    outer loop
      vertex 105.6 59.3996 2
      vertex 119.8 59.8 1.59961
      vertex 105.2 59.8 1.59961
    endloop
  endfacet
  facet normal -0.707451 0 0.706762
    outer loop
      vertex 105.2 59.8 1.59961
      vertex 105.6 15.6004 2
      vertex 105.6 59.3996 2
    endloop
  endfacet
  facet normal -0.707451 0 0.706762
    outer loop
      vertex 105.6 15.6004 2
      vertex 105.2 59.8 1.59961
      vertex 105.2 15.2 1.59961
    endloop
  endfacet
  facet normal -0 0 1
    outer loop
      vertex 105.6 59.3996 2
      vertex 119.4 44.8 2
      vertex 119.4 59.3996 2
    endloop
  endfacet
  facet normal 0 0 1
    outer loop
      vertex 119.4 44.8 2
      vertex 105.6 59.3996 2
      vertex 119.4 30.2 2
    endloop
  endfacet
  facet normal 0 0 1
    outer loop
      vertex 105.6 15.6004 2
      vertex 119.4 30.2 2
      vertex 105.6 59.3996 2
    endloop
  endfacet
  facet normal 0 0 1
    outer loop
      vertex 119.4 30.2 2
      vertex 105.6 15.6004 2
      vertex 119.4 15.6004 2
    endloop
  endfacet
  facet normal 0 0 1
    outer loop
      vertex 135.6 44.8 2
      vertex 149.4 59.3996 2
      vertex 135.6 59.3996 2
    endloop
  endfacet
  facet normal 0 0 1
    outer loop
      vertex 149.4 59.3996 2
      vertex 135.6 44.8 2
      vertex 149.4 30.6004 2
    endloop
  endfacet
  facet normal -0 0 1
    outer loop
      vertex 135.6 44.7738 2
      vertex 149.4 30.6004 2
      vertex 135.6 44.8 2
    endloop
  endfacet
  facet normal -0 0 1
    outer loop
      vertex 135.597 44.7477 2
      vertex 149.4 30.6004 2
      vertex 135.6 44.7738 2
    endloop
  endfacet
  facet normal -0 0 1
    outer loop
      vertex 135.593 44.7219 2
      vertex 149.4 30.6004 2
      vertex 135.597 44.7477 2
    endloop
  endfacet
  facet normal -0 0 1
    outer loop
      vertex 135.587 44.6964 2
      vertex 149.4 30.6004 2
      vertex 135.593 44.7219 2
    endloop
  endfacet
  facet normal -0 0 1
    outer loop
      vertex 135.579 44.6713 2
      vertex 149.4 30.6004 2
      vertex 135.587 44.6964 2
    endloop
  endfacet
  facet normal -0 0 1
    outer loop
      vertex 135.57 44.6468 2
      vertex 149.4 30.6004 2
      vertex 135.579 44.6713 2
    endloop
  endfacet
  facet normal -0 0 1
    outer loop
      vertex 135.559 44.6229 2
      vertex 149.4 30.6004 2
      vertex 135.57 44.6468 2
    endloop
  endfacet
  facet normal -0 0 1
    outer loop
      vertex 135.547 44.5998 2
      vertex 149.4 30.6004 2
      vertex 135.559 44.6229 2
    endloop
  endfacet
  facet normal -0 0 1
    outer loop
      vertex 135.533 44.5776 2
      vertex 149.4 30.6004 2
      vertex 135.547 44.5998 2
    endloop
  endfacet
  facet normal -0 0 1
    outer loop
      vertex 135.518 44.5563 2
      vertex 149.4 30.6004 2
      vertex 135.533 44.5776 2
    endloop
  endfacet
  facet normal -0 0 1
    outer loop
      vertex 135.501 44.536 2
      vertex 149.4 30.6004 2
      vertex 135.518 44.5563 2
    endloop
  endfacet
  facet normal -0 0 1
    outer loop
      vertex 135.483 44.5169 2
      vertex 149.4 30.6004 2
      vertex 135.501 44.536 2
    endloop
  endfacet
  facet normal -0 0 1
    outer loop
      vertex 135.464 44.499 2
      vertex 149.4 30.6004 2
      vertex 135.483 44.5169 2
    endloop
  endfacet
  facet normal -0 0 1
    outer loop
      vertex 135.444 44.4823 2
      vertex 149.4 30.6004 2
      vertex 135.464 44.499 2
    endloop
  endfacet
  facet normal -0 0 1
    outer loop
      vertex 135.422 44.4671 2
      vertex 149.4 30.6004 2
      vertex 135.444 44.4823 2
    endloop
  endfacet
  facet normal -0 0 1
    outer loop
      vertex 135.4 44.4533 2
      vertex 149.4 30.6004 2
      vertex 135.422 44.4671 2
    endloop
  endfacet
  facet normal -0 0 1
    outer loop
      vertex 135.377 44.4409 2
      vertex 149.4 30.6004 2
      vertex 135.4 44.4533 2
    endloop
  endfacet
  facet normal -0 0 1
    outer loop
      vertex 135.353 44.4301 2
      vertex 149.4 30.6004 2
      vertex 135.377 44.4409 2
    endloop
  endfacet
  facet normal -0 0 1
    outer loop
      vertex 135.329 44.4209 2
      vertex 149.4 30.6004 2
      vertex 135.353 44.4301 2
    endloop
  endfacet
  facet normal -0 0 1
    outer loop
      vertex 135.304 44.4133 2
      vertex 149.4 30.6004 2
      vertex 135.329 44.4209 2
    endloop
  endfacet
  facet normal -0 0 1
    outer loop
      vertex 135.278 44.4073 2
      vertex 149.4 30.6004 2
      vertex 135.304 44.4133 2
    endloop
  endfacet
  facet normal -0 0 1
    outer loop
      vertex 135.252 44.403 2
      vertex 149.4 30.6004 2
      vertex 135.278 44.4073 2
    endloop
  endfacet
  facet normal -0 0 1
    outer loop
      vertex 135.226 44.4005 2
      vertex 149.4 30.6004 2
      vertex 135.252 44.403 2
    endloop
  endfacet
  facet normal -0 0 1
    outer loop
      vertex 135.2 44.3996 2
      vertex 149.4 30.6004 2
      vertex 135.226 44.4005 2
    endloop
  endfacet
  facet normal 0 0 1
    outer loop
      vertex 119.8 30.6004 2
      vertex 135.2 44.3996 2
      vertex 119.8 44.3996 2
    endloop
  endfacet
  facet normal 0 0 1
    outer loop
      vertex 135.2 44.3996 2
      vertex 119.8 30.6004 2
      vertex 149.4 30.6004 2
    endloop
  endfacet
  facet normal 0 0 1
    outer loop
      vertex 119.774 44.4005 2
      vertex 119.8 30.6004 2
      vertex 119.8 44.3996 2
    endloop
  endfacet
  facet normal 0 0 1
    outer loop
      vertex 119.774 44.4005 2
      vertex 119.774 30.5995 2
      vertex 119.8 30.6004 2
    endloop
  endfacet
  facet normal 0 0 1
    outer loop
      vertex 119.748 44.403 2
      vertex 119.774 30.5995 2
      vertex 119.774 44.4005 2
    endloop
  endfacet
  facet normal 0 0 1
    outer loop
      vertex 119.748 44.403 2
      vertex 119.748 30.597 2
      vertex 119.774 30.5995 2
    endloop
  endfacet
  facet normal 0 0 1
    outer loop
      vertex 119.722 44.4073 2
      vertex 119.748 30.597 2
      vertex 119.748 44.403 2
    endloop
  endfacet
  facet normal 0 0 1
    outer loop
      vertex 119.722 44.4073 2
      vertex 119.722 30.5927 2
      vertex 119.748 30.597 2
    endloop
  endfacet
  facet normal 0 0 1
    outer loop
      vertex 119.696 44.4133 2
      vertex 119.722 30.5927 2
      vertex 119.722 44.4073 2
    endloop
  endfacet
  facet normal 0 0 1
    outer loop
      vertex 119.696 44.4133 2
      vertex 119.696 30.5867 2
      vertex 119.722 30.5927 2
    endloop
  endfacet
  facet normal 0 0 1
    outer loop
      vertex 119.671 44.4209 2
      vertex 119.696 30.5867 2
      vertex 119.696 44.4133 2
    endloop
  endfacet
  facet normal 0 0 1
    outer loop
      vertex 119.671 44.4209 2
      vertex 119.671 30.5791 2
      vertex 119.696 30.5867 2
    endloop
  endfacet
  facet normal 0 0 1
    outer loop
      vertex 119.647 44.4301 2
      vertex 119.671 30.5791 2
      vertex 119.671 44.4209 2
    endloop
  endfacet
  facet normal 0 0 1
    outer loop
      vertex 119.647 44.4301 2
      vertex 119.647 30.5699 2
      vertex 119.671 30.5791 2
    endloop
  endfacet
  facet normal 0 0 1
    outer loop
      vertex 119.623 44.4409 2
      vertex 119.647 30.5699 2
      vertex 119.647 44.4301 2
    endloop
  endfacet
  facet normal 0 0 1
    outer loop
      vertex 119.623 44.4409 2
      vertex 119.623 30.5591 2
      vertex 119.647 30.5699 2
    endloop
  endfacet
  facet normal 0 0 1
    outer loop
      vertex 119.6 44.4533 2
      vertex 119.623 30.5591 2
      vertex 119.623 44.4409 2
    endloop
  endfacet
  facet normal 0 0 1
    outer loop
      vertex 119.6 44.4533 2
      vertex 119.6 30.5467 2
      vertex 119.623 30.5591 2
    endloop
  endfacet
  facet normal 0 0 1
    outer loop
      vertex 119.578 44.4671 2
      vertex 119.6 30.5467 2
      vertex 119.6 44.4533 2
    endloop
  endfacet
  facet normal 0 0 1
    outer loop
      vertex 119.578 44.4671 2
      vertex 119.578 30.5329 2
      vertex 119.6 30.5467 2
    endloop
  endfacet
  facet normal 0 0 1
    outer loop
      vertex 119.556 44.4823 2
      vertex 119.578 30.5329 2
      vertex 119.578 44.4671 2
    endloop
  endfacet
  facet normal 0 0 1
    outer loop
      vertex 119.556 44.4823 2
      vertex 119.556 30.5177 2
      vertex 119.578 30.5329 2
    endloop
  endfacet
  facet normal 0 0 1
    outer loop
      vertex 119.536 44.499 2
      vertex 119.556 30.5177 2
      vertex 119.556 44.4823 2
    endloop
  endfacet
  facet normal 0 0 1
    outer loop
      vertex 119.536 44.499 2
      vertex 119.536 30.501 2
      vertex 119.556 30.5177 2
    endloop
  endfacet
  facet normal 0 0 1
    outer loop
      vertex 119.517 44.5169 2
      vertex 119.536 30.501 2
      vertex 119.536 44.499 2
    endloop
  endfacet
  facet normal 0 0 1
    outer loop
      vertex 119.517 44.5169 2
      vertex 119.517 30.4831 2
      vertex 119.536 30.501 2
    endloop
  endfacet
  facet normal 0 0 1
    outer loop
      vertex 119.499 44.536 2
      vertex 119.517 30.4831 2
      vertex 119.517 44.5169 2
    endloop
  endfacet
  facet normal 0 0 1
    outer loop
      vertex 119.499 44.536 2
      vertex 119.499 30.464 2
      vertex 119.517 30.4831 2
    endloop
  endfacet
  facet normal 0 0 1
    outer loop
      vertex 119.482 44.5563 2
      vertex 119.499 30.464 2
      vertex 119.499 44.536 2
    endloop
  endfacet
  facet normal 0 0 1
    outer loop
      vertex 119.482 44.5563 2
      vertex 119.482 30.4437 2
      vertex 119.499 30.464 2
    endloop
  endfacet
  facet normal 0 0 1
    outer loop
      vertex 119.467 44.5776 2
      vertex 119.482 30.4437 2
      vertex 119.482 44.5563 2
    endloop
  endfacet
  facet normal 0 0 1
    outer loop
      vertex 119.467 44.5776 2
      vertex 119.467 30.4224 2
      vertex 119.482 30.4437 2
    endloop
  endfacet
  facet normal 0 0 1
    outer loop
      vertex 119.453 44.5998 2
      vertex 119.467 30.4224 2
      vertex 119.467 44.5776 2
    endloop
  endfacet
  facet normal 0 0 1
    outer loop
      vertex 119.453 44.5998 2
      vertex 119.453 30.4002 2
      vertex 119.467 30.4224 2
    endloop
  endfacet
  facet normal 0 0 1
    outer loop
      vertex 119.441 44.6229 2
      vertex 119.453 30.4002 2
      vertex 119.453 44.5998 2
    endloop
  endfacet
  facet normal 0 0 1
    outer loop
      vertex 119.441 44.6229 2
      vertex 119.441 30.3771 2
      vertex 119.453 30.4002 2
    endloop
  endfacet
  facet normal 0 0 1
    outer loop
      vertex 119.43 44.6468 2
      vertex 119.441 30.3771 2
      vertex 119.441 44.6229 2
    endloop
  endfacet
  facet normal 0 0 1
    outer loop
      vertex 119.43 44.6468 2
      vertex 119.43 30.3532 2
      vertex 119.441 30.3771 2
    endloop
  endfacet
  facet normal 0 0 1
    outer loop
      vertex 119.421 44.6713 2
      vertex 119.43 30.3532 2
      vertex 119.43 44.6468 2
    endloop
  endfacet
  facet normal 0 0 1
    outer loop
      vertex 119.421 44.6713 2
      vertex 119.421 30.3287 2
      vertex 119.43 30.3532 2
    endloop
  endfacet
  facet normal 0 0 1
    outer loop
      vertex 119.413 44.6964 2
      vertex 119.421 30.3287 2
      vertex 119.421 44.6713 2
    endloop
  endfacet
  facet normal 0 0 1
    outer loop
      vertex 119.413 44.6964 2
      vertex 119.413 30.3036 2
      vertex 119.421 30.3287 2
    endloop
  endfacet
  facet normal 0 0 1
    outer loop
      vertex 119.407 44.7219 2
      vertex 119.413 30.3036 2
      vertex 119.413 44.6964 2
    endloop
  endfacet
  facet normal 0 0 1
    outer loop
      vertex 119.407 44.7219 2
      vertex 119.407 30.2781 2
      vertex 119.413 30.3036 2
    endloop
  endfacet
  facet normal 0 0 1
    outer loop
      vertex 119.403 44.7477 2
      vertex 119.407 30.2781 2
      vertex 119.407 44.7219 2
    endloop
  endfacet
  facet normal 0 0 1
    outer loop
      vertex 119.403 44.7477 2
      vertex 119.403 30.2523 2
      vertex 119.407 30.2781 2
    endloop
  endfacet
  facet normal 0 0 1
    outer loop
      vertex 119.4 44.7738 2
      vertex 119.403 30.2523 2
      vertex 119.403 44.7477 2
    endloop
  endfacet
  facet normal 0 0 1
    outer loop
      vertex 119.4 44.7738 2
      vertex 119.4 30.2262 2
      vertex 119.403 30.2523 2
    endloop
  endfacet
  facet normal 0 0 0
    outer loop
      vertex 119.4 44.8 2
      vertex 119.4 30.2262 2
      vertex 119.4 44.7738 2
    endloop
  endfacet
  facet normal 0 0 -0
    outer loop
      vertex 119.4 30.2262 2
      vertex 119.4 44.8 2
      vertex 119.4 30.2 2
    endloop
  endfacet
  facet normal 0 -1 0
    outer loop
      vertex 105.2 15.2 0.400391
      vertex 119.8 15.2 1.59961
      vertex 105.2 15.2 1.59961
    endloop
  endfacet
  facet normal 0 -1 -0
    outer loop
      vertex 119.8 15.2 1.59961
      vertex 105.2 15.2 0.400391
      vertex 119.8 15.2 0.400391
    endloop
  endfacet
  facet normal 1 -0 0
    outer loop
      vertex 119.8 15.2 1.59961
      vertex 119.8 30.2 0.400391
      vertex 119.8 30.2 1.59961
    endloop
  endfacet
  facet normal 1 0 0
    outer loop
      vertex 119.8 30.2 0.400391
      vertex 119.8 15.2 1.59961
      vertex 119.8 15.2 0.400391
    endloop
  endfacet
  facet normal 0 -1 0
    outer loop
      vertex 119.8 30.2 0.400391
      vertex 149.8 30.2 1.59961
      vertex 119.8 30.2 1.59961
    endloop
  endfacet
  facet normal 0 -1 -0
    outer loop
      vertex 149.8 30.2 1.59961
      vertex 119.8 30.2 0.400391
      vertex 149.8 30.2 0.400391
    endloop
  endfacet
  facet normal 1 -0 0
    outer loop
      vertex 149.8 30.2 1.59961
      vertex 149.8 59.8 0.400391
      vertex 149.8 59.8 1.59961
    endloop
  endfacet
  facet normal 1 0 0
    outer loop
      vertex 149.8 59.8 0.400391
      vertex 149.8 30.2 1.59961
      vertex 149.8 30.2 0.400391
    endloop
  endfacet
  facet normal 0 1 -0
    outer loop
      vertex 149.8 59.8 0.400391
      vertex 135.2 59.8 1.59961
      vertex 149.8 59.8 1.59961
    endloop
  endfacet
  facet normal 0 1 0
    outer loop
      vertex 135.2 59.8 1.59961
      vertex 149.8 59.8 0.400391
      vertex 135.2 59.8 0.400391
    endloop
  endfacet
  facet normal -1 0 0
    outer loop
      vertex 135.2 44.8 0.400391
      vertex 135.2 59.8 1.59961
      vertex 135.2 59.8 0.400391
    endloop
  endfacet
  facet normal -1 -0 0
    outer loop
      vertex 135.2 59.8 1.59961
      vertex 135.2 44.8 0.400391
      vertex 135.2 44.8 1.59961
    endloop
  endfacet
  facet normal 0 1 -0
    outer loop
      vertex 135.2 44.8 0.400391
      vertex 119.8 44.8 1.59961
      vertex 135.2 44.8 1.59961
    endloop
  endfacet
  facet normal 0 1 0
    outer loop
      vertex 119.8 44.8 1.59961
      vertex 135.2 44.8 0.400391
      vertex 119.8 44.8 0.400391
    endloop
  endfacet
  facet normal 1 -0 0
    outer loop
      vertex 119.8 44.8 1.59961
      vertex 119.8 59.8 0.400391
      vertex 119.8 59.8 1.59961
    endloop
  endfacet
  facet normal 1 0 0
    outer loop
      vertex 119.8 59.8 0.400391
      vertex 119.8 44.8 1.59961
      vertex 119.8 44.8 0.400391
    endloop
  endfacet
  facet normal 0 1 -0
    outer loop
      vertex 119.8 59.8 0.400391
      vertex 105.2 59.8 1.59961
      vertex 119.8 59.8 1.59961
    endloop
  endfacet
  facet normal 0 1 0
    outer loop
      vertex 105.2 59.8 1.59961
      vertex 119.8 59.8 0.400391
      vertex 105.2 59.8 0.400391
    endloop
  endfacet
  facet normal -1 0 0
    outer loop
      vertex 105.2 15.2 0.400391
      vertex 105.2 59.8 1.59961
      vertex 105.2 59.8 0.400391
    endloop
  endfacet
  facet normal -1 -0 0
    outer loop
      vertex 105.2 59.8 1.59961
      vertex 105.2 15.2 0.400391
      vertex 105.2 15.2 1.59961
    endloop
  endfacet
  facet normal 0 -0.707099 -0.707115
    outer loop
      vertex 75.6004 60.6004 0
      vertex 120.2 60.2 0.400391
      vertex 75.2 60.2 0.400391
    endloop
  endfacet
  facet normal 0 -0.707099 -0.707115
    outer loop
      vertex 120.2 60.2 0.400391
      vertex 75.6004 60.6004 0
      vertex 120.2 60.6004 0
    endloop
  endfacet
  facet normal -0.0244692 -0.706887 -0.706903
    outer loop
      vertex 120.2 60.6004 0
      vertex 120.226 60.5995 0
      vertex 120.2 60.2 0.400391
    endloop
  endfacet
  facet normal -0.0676989 -0.704068 -0.706898
    outer loop
      vertex 120.226 60.5995 0
      vertex 120.252 60.597 0
      vertex 120.2 60.2 0.400391
    endloop
  endfacet
  facet normal -0.11541 -0.697828 -0.706906
    outer loop
      vertex 120.252 60.597 0
      vertex 120.278 60.5927 0
      vertex 120.2 60.2 0.400391
    endloop
  endfacet
  facet normal -0.159041 -0.689178 -0.706923
    outer loop
      vertex 120.278 60.5927 0
      vertex 120.304 60.5867 0
      vertex 120.2 60.2 0.400391
    endloop
  endfacet
  facet normal -0.205708 -0.676672 -0.706965
    outer loop
      vertex 120.304 60.5867 0
      vertex 120.329 60.5791 0
      vertex 120.2 60.2 0.400391
    endloop
  endfacet
  facet normal -0.253173 -0.660451 -0.7069
    outer loop
      vertex 120.329 60.5791 0
      vertex 120.353 60.5699 0
      vertex 120.2 60.2 0.400391
    endloop
  endfacet
  facet normal -0.290275 -0.645056 -0.706855
    outer loop
      vertex 120.353 60.5699 0
      vertex 120.377 60.5591 0
      vertex 120.2 60.2 0.400391
    endloop
  endfacet
  facet normal -0.33569 -0.622651 -0.706837
    outer loop
      vertex 120.377 60.5591 0
      vertex 120.4 60.5467 0
      vertex 120.2 60.2 0.400391
    endloop
  endfacet
  facet normal -0.375939 -0.599322 -0.706741
    outer loop
      vertex 120.4 60.5467 0
      vertex 120.422 60.5329 0
      vertex 120.2 60.2 0.400391
    endloop
  endfacet
  facet normal -0.402099 -0.581985 -0.706831
    outer loop
      vertex 120.422 60.5329 0
      vertex 120.444 60.5177 0
      vertex 120.2 60.2 0.400391
    endloop
  endfacet
  facet normal -0.45329 -0.542863 -0.706985
    outer loop
      vertex 120.444 60.5177 0
      vertex 120.464 60.501 0
      vertex 120.2 60.2 0.400391
    endloop
  endfacet
  facet normal -0.485045 -0.514852 -0.706865
    outer loop
      vertex 120.464 60.501 0
      vertex 120.483 60.4831 0
      vertex 120.2 60.2 0.400391
    endloop
  endfacet
  facet normal -0.514776 -0.485129 -0.706863
    outer loop
      vertex 120.483 60.4831 0
      vertex 120.501 60.464 0
      vertex 120.2 60.2 0.400391
    endloop
  endfacet
  facet normal -0.542203 -0.454061 -0.706997
    outer loop
      vertex 120.501 60.464 0
      vertex 120.518 60.4437 0
      vertex 120.2 60.2 0.400391
    endloop
  endfacet
  facet normal -0.578189 -0.407175 -0.70704
    outer loop
      vertex 120.518 60.4437 0
      vertex 120.533 60.4224 0
      vertex 120.2 60.2 0.400391
    endloop
  endfacet
  facet normal -0.598174 -0.377227 -0.707027
    outer loop
      vertex 120.533 60.4224 0
      vertex 120.547 60.4002 0
      vertex 120.2 60.2 0.400391
    endloop
  endfacet
  facet normal -0.627625 -0.326039 -0.706956
    outer loop
      vertex 120.547 60.4002 0
      vertex 120.559 60.3771 0
      vertex 120.2 60.2 0.400391
    endloop
  endfacet
  facet normal -0.642523 -0.295722 -0.706904
    outer loop
      vertex 120.559 60.3771 0
      vertex 120.57 60.3532 0
      vertex 120.2 60.2 0.400391
    endloop
  endfacet
  facet normal -0.663953 -0.243901 -0.70688
    outer loop
      vertex 120.57 60.3532 0
      vertex 120.579 60.3287 0
      vertex 120.2 60.2 0.400391
    endloop
  endfacet
  facet normal -0.673888 -0.214785 -0.706925
    outer loop
      vertex 120.579 60.3287 0
      vertex 120.587 60.3036 0
      vertex 120.2 60.2 0.400391
    endloop
  endfacet
  facet normal -0.688267 -0.161945 -0.707151
    outer loop
      vertex 120.587 60.3036 0
      vertex 120.593 60.2781 0
      vertex 120.2 60.2 0.400391
    endloop
  endfacet
  facet normal -0.698816 -0.108343 -0.707049
    outer loop
      vertex 120.593 60.2781 0
      vertex 120.597 60.2523 0
      vertex 120.2 60.2 0.400391
    endloop
  endfacet
  facet normal -0.702495 -0.0807466 -0.707093
    outer loop
      vertex 120.597 60.2523 0
      vertex 120.6 60.2262 0
      vertex 120.2 60.2 0.400391
    endloop
  endfacet
  facet normal -0.707452 -0 -0.706761
    outer loop
      vertex 120.6 60.2262 0
      vertex 120.6 60.2 0
      vertex 120.2 60.2 0.400391
    endloop
  endfacet
  facet normal -0.707452 0 -0.706761
    outer loop
      vertex 120.6 45.6004 0
      vertex 120.2 60.2 0.400391
      vertex 120.6 60.2 0
    endloop
  endfacet
  facet normal -0.707452 -0 -0.706761
    outer loop
      vertex 120.2 60.2 0.400391
      vertex 120.6 45.6004 0
      vertex 120.2 45.2 0.400391
    endloop
  endfacet
  facet normal 0 -0.707099 -0.707115
    outer loop
      vertex 120.6 45.6004 0
      vertex 134.8 45.2 0.400391
      vertex 120.2 45.2 0.400391
    endloop
  endfacet
  facet normal 0 -0.707099 -0.707115
    outer loop
      vertex 134.8 45.2 0.400391
      vertex 120.6 45.6004 0
      vertex 134.4 45.6004 0
    endloop
  endfacet
  facet normal 0.707452 0 -0.706761
    outer loop
      vertex 134.8 60.2 0.400391
      vertex 134.4 45.6004 0
      vertex 134.4 60.2 0
    endloop
  endfacet
  facet normal 0.707452 0 -0.706761
    outer loop
      vertex 134.4 45.6004 0
      vertex 134.8 60.2 0.400391
      vertex 134.8 45.2 0.400391
    endloop
  endfacet
  facet normal 0.707452 0 -0.706761
    outer loop
      vertex 134.4 60.2262 0
      vertex 134.8 60.2 0.400391
      vertex 134.4 60.2 0
    endloop
  endfacet
  facet normal 0.702495 -0.0807466 -0.707093
    outer loop
      vertex 134.403 60.2523 0
      vertex 134.8 60.2 0.400391
      vertex 134.4 60.2262 0
    endloop
  endfacet
  facet normal 0.698816 -0.108343 -0.707049
    outer loop
      vertex 134.407 60.2781 0
      vertex 134.8 60.2 0.400391
      vertex 134.403 60.2523 0
    endloop
  endfacet
  facet normal 0.688267 -0.161945 -0.707151
    outer loop
      vertex 134.413 60.3036 0
      vertex 134.8 60.2 0.400391
      vertex 134.407 60.2781 0
    endloop
  endfacet
  facet normal 0.673888 -0.214785 -0.706925
    outer loop
      vertex 134.421 60.3287 0
      vertex 134.8 60.2 0.400391
      vertex 134.413 60.3036 0
    endloop
  endfacet
  facet normal 0.663953 -0.243901 -0.70688
    outer loop
      vertex 134.43 60.3532 0
      vertex 134.8 60.2 0.400391
      vertex 134.421 60.3287 0
    endloop
  endfacet
  facet normal 0.642523 -0.295722 -0.706904
    outer loop
      vertex 134.441 60.3771 0
      vertex 134.8 60.2 0.400391
      vertex 134.43 60.3532 0
    endloop
  endfacet
  facet normal 0.627625 -0.326039 -0.706956
    outer loop
      vertex 134.453 60.4002 0
      vertex 134.8 60.2 0.400391
      vertex 134.441 60.3771 0
    endloop
  endfacet
  facet normal 0.598174 -0.377227 -0.707027
    outer loop
      vertex 134.467 60.4224 0
      vertex 134.8 60.2 0.400391
      vertex 134.453 60.4002 0
    endloop
  endfacet
  facet normal 0.578189 -0.407175 -0.70704
    outer loop
      vertex 134.482 60.4437 0
      vertex 134.8 60.2 0.400391
      vertex 134.467 60.4224 0
    endloop
  endfacet
  facet normal 0.542203 -0.454061 -0.706997
    outer loop
      vertex 134.499 60.464 0
      vertex 134.8 60.2 0.400391
      vertex 134.482 60.4437 0
    endloop
  endfacet
  facet normal 0.514776 -0.485129 -0.706863
    outer loop
      vertex 134.517 60.4831 0
      vertex 134.8 60.2 0.400391
      vertex 134.499 60.464 0
    endloop
  endfacet
  facet normal 0.485045 -0.514852 -0.706865
    outer loop
      vertex 134.536 60.501 0
      vertex 134.8 60.2 0.400391
      vertex 134.517 60.4831 0
    endloop
  endfacet
  facet normal 0.45329 -0.542863 -0.706985
    outer loop
      vertex 134.556 60.5177 0
      vertex 134.8 60.2 0.400391
      vertex 134.536 60.501 0
    endloop
  endfacet
  facet normal 0.402099 -0.581985 -0.706831
    outer loop
      vertex 134.578 60.5329 0
      vertex 134.8 60.2 0.400391
      vertex 134.556 60.5177 0
    endloop
  endfacet
  facet normal 0.375939 -0.599322 -0.706741
    outer loop
      vertex 134.6 60.5467 0
      vertex 134.8 60.2 0.400391
      vertex 134.578 60.5329 0
    endloop
  endfacet
  facet normal 0.33569 -0.622651 -0.706837
    outer loop
      vertex 134.623 60.5591 0
      vertex 134.8 60.2 0.400391
      vertex 134.6 60.5467 0
    endloop
  endfacet
  facet normal 0.290275 -0.645056 -0.706855
    outer loop
      vertex 134.647 60.5699 0
      vertex 134.8 60.2 0.400391
      vertex 134.623 60.5591 0
    endloop
  endfacet
  facet normal 0.253173 -0.660451 -0.7069
    outer loop
      vertex 134.671 60.5791 0
      vertex 134.8 60.2 0.400391
      vertex 134.647 60.5699 0
    endloop
  endfacet
  facet normal 0.205708 -0.676672 -0.706965
    outer loop
      vertex 134.696 60.5867 0
      vertex 134.8 60.2 0.400391
      vertex 134.671 60.5791 0
    endloop
  endfacet
  facet normal 0.159041 -0.689178 -0.706923
    outer loop
      vertex 134.722 60.5927 0
      vertex 134.8 60.2 0.400391
      vertex 134.696 60.5867 0
    endloop
  endfacet
  facet normal 0.11541 -0.697828 -0.706906
    outer loop
      vertex 134.748 60.597 0
      vertex 134.8 60.2 0.400391
      vertex 134.722 60.5927 0
    endloop
  endfacet
  facet normal 0.0676989 -0.704068 -0.706898
    outer loop
      vertex 134.774 60.5995 0
      vertex 134.8 60.2 0.400391
      vertex 134.748 60.597 0
    endloop
  endfacet
  facet normal 0.0244692 -0.706887 -0.706903
    outer loop
      vertex 134.8 60.6004 0
      vertex 134.8 60.2 0.400391
      vertex 134.774 60.5995 0
    endloop
  endfacet
  facet normal -0 -0.707099 -0.707115
    outer loop
      vertex 149.4 60.6004 0
      vertex 134.8 60.2 0.400391
      vertex 134.8 60.6004 0
    endloop
  endfacet
  facet normal 0 -0.707099 -0.707115
    outer loop
      vertex 134.8 60.2 0.400391
      vertex 149.4 60.6004 0
      vertex 149.8 60.2 0.400391
    endloop
  endfacet
  facet normal 0.707452 0 -0.706761
    outer loop
      vertex 149.8 74.8 0.400391
      vertex 149.4 60.6004 0
      vertex 149.4 74.3996 0
    endloop
  endfacet
  facet normal 0.707452 0 -0.706761
    outer loop
      vertex 149.4 60.6004 0
      vertex 149.8 74.8 0.400391
      vertex 149.8 60.2 0.400391
    endloop
  endfacet
  facet normal 0 0.707099 -0.707115
    outer loop
      vertex 149.4 74.3996 0
      vertex 75.2 74.8 0.400391
      vertex 149.8 74.8 0.400391
    endloop
  endfacet
  facet normal 0 0.707099 -0.707115
    outer loop
      vertex 75.2 74.8 0.400391
      vertex 149.4 74.3996 0
      vertex 75.6004 74.3996 0
    endloop
  endfacet
  facet normal -0.707099 0 -0.707115
    outer loop
      vertex 75.6004 60.6004 0
      vertex 75.2 74.8 0.400391
      vertex 75.6004 74.3996 0
    endloop
  endfacet
  facet normal -0.707099 -0 -0.707115
    outer loop
      vertex 75.2 74.8 0.400391
      vertex 75.6004 60.6004 0
      vertex 75.2 60.2 0.400391
    endloop
  endfacet
  facet normal 0 0 -1
    outer loop
      vertex 134.4 45.6004 0
      vertex 120.6 45.6004 0
      vertex 134.4 60.2 0
    endloop
  endfacet
  facet normal 0 0 -1
    outer loop
      vertex 134.8 60.6004 0
      vertex 149.4 74.3996 0
      vertex 149.4 60.6004 0
    endloop
  endfacet
  facet normal 0 0 -1
    outer loop
      vertex 134.774 60.5995 0
      vertex 149.4 74.3996 0
      vertex 134.8 60.6004 0
    endloop
  endfacet
  facet normal 0 0 -1
    outer loop
      vertex 134.748 60.597 0
      vertex 149.4 74.3996 0
      vertex 134.774 60.5995 0
    endloop
  endfacet
  facet normal 0 0 -1
    outer loop
      vertex 134.722 60.5927 0
      vertex 149.4 74.3996 0
      vertex 134.748 60.597 0
    endloop
  endfacet
  facet normal 0 0 -1
    outer loop
      vertex 134.696 60.5867 0
      vertex 149.4 74.3996 0
      vertex 134.722 60.5927 0
    endloop
  endfacet
  facet normal 0 0 -1
    outer loop
      vertex 134.671 60.5791 0
      vertex 149.4 74.3996 0
      vertex 134.696 60.5867 0
    endloop
  endfacet
  facet normal 0 0 -1
    outer loop
      vertex 120.329 60.5791 0
      vertex 134.671 60.5791 0
      vertex 134.647 60.5699 0
    endloop
  endfacet
  facet normal 0 0 -1
    outer loop
      vertex 120.353 60.5699 0
      vertex 134.647 60.5699 0
      vertex 134.623 60.5591 0
    endloop
  endfacet
  facet normal 0 0 -1
    outer loop
      vertex 120.377 60.5591 0
      vertex 134.623 60.5591 0
      vertex 134.6 60.5467 0
    endloop
  endfacet
  facet normal 0 0 -1
    outer loop
      vertex 120.4 60.5467 0
      vertex 134.6 60.5467 0
      vertex 134.578 60.5329 0
    endloop
  endfacet
  facet normal 0 0 -1
    outer loop
      vertex 120.422 60.5329 0
      vertex 134.578 60.5329 0
      vertex 134.556 60.5177 0
    endloop
  endfacet
  facet normal 0 0 -1
    outer loop
      vertex 120.444 60.5177 0
      vertex 134.556 60.5177 0
      vertex 134.536 60.501 0
    endloop
  endfacet
  facet normal 0 0 -1
    outer loop
      vertex 120.6 60.2 0
      vertex 134.4 60.2 0
      vertex 120.6 45.6004 0
    endloop
  endfacet
  facet normal 0 0 -1
    outer loop
      vertex 134.4 60.2 0
      vertex 120.6 60.2 0
      vertex 134.4 60.2262 0
    endloop
  endfacet
  facet normal 0 0 -1
    outer loop
      vertex 120.6 60.2262 0
      vertex 134.4 60.2262 0
      vertex 120.6 60.2 0
    endloop
  endfacet
  facet normal 0 0 -1
    outer loop
      vertex 134.4 60.2262 0
      vertex 120.6 60.2262 0
      vertex 134.403 60.2523 0
    endloop
  endfacet
  facet normal 0 0 -1
    outer loop
      vertex 120.597 60.2523 0
      vertex 134.403 60.2523 0
      vertex 120.6 60.2262 0
    endloop
  endfacet
  facet normal 0 0 -1
    outer loop
      vertex 134.403 60.2523 0
      vertex 120.597 60.2523 0
      vertex 134.407 60.2781 0
    endloop
  endfacet
  facet normal 0 0 -1
    outer loop
      vertex 120.593 60.2781 0
      vertex 134.407 60.2781 0
      vertex 120.597 60.2523 0
    endloop
  endfacet
  facet normal 0 0 -1
    outer loop
      vertex 134.407 60.2781 0
      vertex 120.593 60.2781 0
      vertex 134.413 60.3036 0
    endloop
  endfacet
  facet normal 0 0 -1
    outer loop
      vertex 120.587 60.3036 0
      vertex 134.413 60.3036 0
      vertex 120.593 60.2781 0
    endloop
  endfacet
  facet normal 0 0 -1
    outer loop
      vertex 134.413 60.3036 0
      vertex 120.587 60.3036 0
      vertex 134.421 60.3287 0
    endloop
  endfacet
  facet normal 0 0 -1
    outer loop
      vertex 120.579 60.3287 0
      vertex 134.421 60.3287 0
      vertex 120.587 60.3036 0
    endloop
  endfacet
  facet normal 0 0 -1
    outer loop
      vertex 134.421 60.3287 0
      vertex 120.579 60.3287 0
      vertex 134.43 60.3532 0
    endloop
  endfacet
  facet normal 0 0 -1
    outer loop
      vertex 120.57 60.3532 0
      vertex 134.43 60.3532 0
      vertex 120.579 60.3287 0
    endloop
  endfacet
  facet normal 0 0 -1
    outer loop
      vertex 134.43 60.3532 0
      vertex 120.57 60.3532 0
      vertex 134.441 60.3771 0
    endloop
  endfacet
  facet normal 0 0 -1
    outer loop
      vertex 120.559 60.3771 0
      vertex 134.441 60.3771 0
      vertex 120.57 60.3532 0
    endloop
  endfacet
  facet normal 0 0 -1
    outer loop
      vertex 134.441 60.3771 0
      vertex 120.559 60.3771 0
      vertex 134.453 60.4002 0
    endloop
  endfacet
  facet normal 0 0 -1
    outer loop
      vertex 120.547 60.4002 0
      vertex 134.453 60.4002 0
      vertex 120.559 60.3771 0
    endloop
  endfacet
  facet normal 0 0 -1
    outer loop
      vertex 134.453 60.4002 0
      vertex 120.547 60.4002 0
      vertex 134.467 60.4224 0
    endloop
  endfacet
  facet normal 0 0 -1
    outer loop
      vertex 120.533 60.4224 0
      vertex 134.467 60.4224 0
      vertex 120.547 60.4002 0
    endloop
  endfacet
  facet normal 0 0 -1
    outer loop
      vertex 134.467 60.4224 0
      vertex 120.533 60.4224 0
      vertex 134.482 60.4437 0
    endloop
  endfacet
  facet normal 0 0 -1
    outer loop
      vertex 120.518 60.4437 0
      vertex 134.482 60.4437 0
      vertex 120.533 60.4224 0
    endloop
  endfacet
  facet normal 0 0 -1
    outer loop
      vertex 134.482 60.4437 0
      vertex 120.518 60.4437 0
      vertex 134.499 60.464 0
    endloop
  endfacet
  facet normal 0 0 -1
    outer loop
      vertex 120.501 60.464 0
      vertex 134.499 60.464 0
      vertex 120.518 60.4437 0
    endloop
  endfacet
  facet normal 0 0 -1
    outer loop
      vertex 134.499 60.464 0
      vertex 120.501 60.464 0
      vertex 134.517 60.4831 0
    endloop
  endfacet
  facet normal 0 0 -1
    outer loop
      vertex 120.483 60.4831 0
      vertex 134.517 60.4831 0
      vertex 120.501 60.464 0
    endloop
  endfacet
  facet normal 0 0 -1
    outer loop
      vertex 134.517 60.4831 0
      vertex 120.483 60.4831 0
      vertex 134.536 60.501 0
    endloop
  endfacet
  facet normal 0 0 -1
    outer loop
      vertex 120.464 60.501 0
      vertex 134.536 60.501 0
      vertex 120.483 60.4831 0
    endloop
  endfacet
  facet normal 0 0 -1
    outer loop
      vertex 120.444 60.5177 0
      vertex 134.536 60.501 0
      vertex 120.464 60.501 0
    endloop
  endfacet
  facet normal 0 0 -1
    outer loop
      vertex 134.556 60.5177 0
      vertex 120.444 60.5177 0
      vertex 120.422 60.5329 0
    endloop
  endfacet
  facet normal 0 0 -1
    outer loop
      vertex 134.578 60.5329 0
      vertex 120.422 60.5329 0
      vertex 120.4 60.5467 0
    endloop
  endfacet
  facet normal 0 0 -1
    outer loop
      vertex 134.6 60.5467 0
      vertex 120.4 60.5467 0
      vertex 120.377 60.5591 0
    endloop
  endfacet
  facet normal 0 0 -1
    outer loop
      vertex 134.623 60.5591 0
      vertex 120.377 60.5591 0
      vertex 120.353 60.5699 0
    endloop
  endfacet
  facet normal 0 0 -1
    outer loop
      vertex 134.647 60.5699 0
      vertex 120.353 60.5699 0
      vertex 120.329 60.5791 0
    endloop
  endfacet
  facet normal 0 0 -1
    outer loop
      vertex 134.671 60.5791 0
      vertex 120.329 60.5791 0
      vertex 149.4 74.3996 0
    endloop
  endfacet
  facet normal 0 0 -1
    outer loop
      vertex 120.304 60.5867 0
      vertex 149.4 74.3996 0
      vertex 120.329 60.5791 0
    endloop
  endfacet
  facet normal 0 0 -1
    outer loop
      vertex 120.278 60.5927 0
      vertex 149.4 74.3996 0
      vertex 120.304 60.5867 0
    endloop
  endfacet
  facet normal 0 0 -1
    outer loop
      vertex 120.252 60.597 0
      vertex 149.4 74.3996 0
      vertex 120.278 60.5927 0
    endloop
  endfacet
  facet normal 0 0 -1
    outer loop
      vertex 120.226 60.5995 0
      vertex 149.4 74.3996 0
      vertex 120.252 60.597 0
    endloop
  endfacet
  facet normal 0 0 -1
    outer loop
      vertex 120.2 60.6004 0
      vertex 149.4 74.3996 0
      vertex 120.226 60.5995 0
    endloop
  endfacet
  facet normal 0 0 -1
    outer loop
      vertex 75.6004 74.3996 0
      vertex 120.2 60.6004 0
      vertex 75.6004 60.6004 0
    endloop
  endfacet
  facet normal 0 0 -1
    outer loop
      vertex 120.2 60.6004 0
      vertex 75.6004 74.3996 0
      vertex 149.4 74.3996 0
    endloop
  endfacet
  facet normal 0 -0.707098 0.707116
    outer loop
      vertex 120.2 60.2 1.59961
      vertex 75.6004 60.6004 2
      vertex 75.2 60.2 1.59961
    endloop
  endfacet
  facet normal 0 -0.707098 0.707116
    outer loop
      vertex 75.6004 60.6004 2
      vertex 120.2 60.2 1.59961
      vertex 120.2 60.6004 2
    endloop
  endfacet
  facet normal -0.0244691 -0.706886 0.706904
    outer loop
      vertex 120.226 60.5995 2
      vertex 120.2 60.6004 2
      vertex 120.2 60.2 1.59961
    endloop
  endfacet
  facet normal -0.0676988 -0.704068 0.706899
    outer loop
      vertex 120.252 60.597 2
      vertex 120.226 60.5995 2
      vertex 120.2 60.2 1.59961
    endloop
  endfacet
  facet normal -0.11541 -0.697827 0.706907
    outer loop
      vertex 120.278 60.5927 2
      vertex 120.252 60.597 2
      vertex 120.2 60.2 1.59961
    endloop
  endfacet
  facet normal -0.159041 -0.689177 0.706923
    outer loop
      vertex 120.304 60.5867 2
      vertex 120.278 60.5927 2
      vertex 120.2 60.2 1.59961
    endloop
  endfacet
  facet normal -0.205708 -0.676671 0.706966
    outer loop
      vertex 120.329 60.5791 2
      vertex 120.304 60.5867 2
      vertex 120.2 60.2 1.59961
    endloop
  endfacet
  facet normal -0.253173 -0.66045 0.706901
    outer loop
      vertex 120.353 60.5699 2
      vertex 120.329 60.5791 2
      vertex 120.2 60.2 1.59961
    endloop
  endfacet
  facet normal -0.290275 -0.645055 0.706855
    outer loop
      vertex 120.377 60.5591 2
      vertex 120.353 60.5699 2
      vertex 120.2 60.2 1.59961
    endloop
  endfacet
  facet normal -0.33569 -0.62265 0.706838
    outer loop
      vertex 120.4 60.5467 2
      vertex 120.377 60.5591 2
      vertex 120.2 60.2 1.59961
    endloop
  endfacet
  facet normal -0.375938 -0.599322 0.706742
    outer loop
      vertex 120.422 60.5329 2
      vertex 120.4 60.5467 2
      vertex 120.2 60.2 1.59961
    endloop
  endfacet
  facet normal -0.402098 -0.581984 0.706832
    outer loop
      vertex 120.444 60.5177 2
      vertex 120.422 60.5329 2
      vertex 120.2 60.2 1.59961
    endloop
  endfacet
  facet normal -0.45329 -0.542862 0.706986
    outer loop
      vertex 120.464 60.501 2
      vertex 120.444 60.5177 2
      vertex 120.2 60.2 1.59961
    endloop
  endfacet
  facet normal -0.485044 -0.514852 0.706866
    outer loop
      vertex 120.483 60.4831 2
      vertex 120.464 60.501 2
      vertex 120.2 60.2 1.59961
    endloop
  endfacet
  facet normal -0.514775 -0.485129 0.706864
    outer loop
      vertex 120.501 60.464 2
      vertex 120.483 60.4831 2
      vertex 120.2 60.2 1.59961
    endloop
  endfacet
  facet normal -0.542202 -0.454061 0.706998
    outer loop
      vertex 120.518 60.4437 2
      vertex 120.501 60.464 2
      vertex 120.2 60.2 1.59961
    endloop
  endfacet
  facet normal -0.578188 -0.407175 0.707041
    outer loop
      vertex 120.533 60.4224 2
      vertex 120.518 60.4437 2
      vertex 120.2 60.2 1.59961
    endloop
  endfacet
  facet normal -0.598173 -0.377227 0.707028
    outer loop
      vertex 120.547 60.4002 2
      vertex 120.533 60.4224 2
      vertex 120.2 60.2 1.59961
    endloop
  endfacet
  facet normal -0.627624 -0.326038 0.706956
    outer loop
      vertex 120.559 60.3771 2
      vertex 120.547 60.4002 2
      vertex 120.2 60.2 1.59961
    endloop
  endfacet
  facet normal -0.642522 -0.295721 0.706905
    outer loop
      vertex 120.57 60.3532 2
      vertex 120.559 60.3771 2
      vertex 120.2 60.2 1.59961
    endloop
  endfacet
  facet normal -0.663952 -0.243901 0.70688
    outer loop
      vertex 120.579 60.3287 2
      vertex 120.57 60.3532 2
      vertex 120.2 60.2 1.59961
    endloop
  endfacet
  facet normal -0.673887 -0.214785 0.706926
    outer loop
      vertex 120.587 60.3036 2
      vertex 120.579 60.3287 2
      vertex 120.2 60.2 1.59961
    endloop
  endfacet
  facet normal -0.688266 -0.161945 0.707152
    outer loop
      vertex 120.593 60.2781 2
      vertex 120.587 60.3036 2
      vertex 120.2 60.2 1.59961
    endloop
  endfacet
  facet normal -0.698815 -0.108343 0.70705
    outer loop
      vertex 120.597 60.2523 2
      vertex 120.593 60.2781 2
      vertex 120.2 60.2 1.59961
    endloop
  endfacet
  facet normal -0.702494 -0.0807465 0.707094
    outer loop
      vertex 120.6 60.2262 2
      vertex 120.597 60.2523 2
      vertex 120.2 60.2 1.59961
    endloop
  endfacet
  facet normal -0.707451 0 0.706762
    outer loop
      vertex 120.6 60.2 2
      vertex 120.6 60.2262 2
      vertex 120.2 60.2 1.59961
    endloop
  endfacet
  facet normal -0.707451 0 0.706762
    outer loop
      vertex 120.2 60.2 1.59961
      vertex 120.6 45.6004 2
      vertex 120.6 60.2 2
    endloop
  endfacet
  facet normal -0.707451 0 0.706762
    outer loop
      vertex 120.6 45.6004 2
      vertex 120.2 60.2 1.59961
      vertex 120.2 45.2 1.59961
    endloop
  endfacet
  facet normal 0 -0.707098 0.707116
    outer loop
      vertex 120.2 45.2 1.59961
      vertex 134.4 45.6004 2
      vertex 120.6 45.6004 2
    endloop
  endfacet
  facet normal 0 -0.707098 0.707116
    outer loop
      vertex 134.4 45.6004 2
      vertex 120.2 45.2 1.59961
      vertex 134.8 45.2 1.59961
    endloop
  endfacet
  facet normal 0.707451 -0 0.706762
    outer loop
      vertex 134.4 45.6004 2
      vertex 134.8 60.2 1.59961
      vertex 134.4 60.2 2
    endloop
  endfacet
  facet normal 0.707451 0 0.706762
    outer loop
      vertex 134.8 60.2 1.59961
      vertex 134.4 45.6004 2
      vertex 134.8 45.2 1.59961
    endloop
  endfacet
  facet normal 0.707451 0 0.706762
    outer loop
      vertex 134.8 60.2 1.59961
      vertex 134.4 60.2262 2
      vertex 134.4 60.2 2
    endloop
  endfacet
  facet normal 0.702494 -0.0807465 0.707094
    outer loop
      vertex 134.8 60.2 1.59961
      vertex 134.403 60.2523 2
      vertex 134.4 60.2262 2
    endloop
  endfacet
  facet normal 0.698815 -0.108343 0.70705
    outer loop
      vertex 134.8 60.2 1.59961
      vertex 134.407 60.2781 2
      vertex 134.403 60.2523 2
    endloop
  endfacet
  facet normal 0.688266 -0.161945 0.707152
    outer loop
      vertex 134.8 60.2 1.59961
      vertex 134.413 60.3036 2
      vertex 134.407 60.2781 2
    endloop
  endfacet
  facet normal 0.673887 -0.214785 0.706926
    outer loop
      vertex 134.8 60.2 1.59961
      vertex 134.421 60.3287 2
      vertex 134.413 60.3036 2
    endloop
  endfacet
  facet normal 0.663952 -0.243901 0.70688
    outer loop
      vertex 134.8 60.2 1.59961
      vertex 134.43 60.3532 2
      vertex 134.421 60.3287 2
    endloop
  endfacet
  facet normal 0.642522 -0.295721 0.706905
    outer loop
      vertex 134.8 60.2 1.59961
      vertex 134.441 60.3771 2
      vertex 134.43 60.3532 2
    endloop
  endfacet
  facet normal 0.627624 -0.326038 0.706956
    outer loop
      vertex 134.8 60.2 1.59961
      vertex 134.453 60.4002 2
      vertex 134.441 60.3771 2
    endloop
  endfacet
  facet normal 0.598173 -0.377227 0.707028
    outer loop
      vertex 134.8 60.2 1.59961
      vertex 134.467 60.4224 2
      vertex 134.453 60.4002 2
    endloop
  endfacet
  facet normal 0.578188 -0.407175 0.707041
    outer loop
      vertex 134.8 60.2 1.59961
      vertex 134.482 60.4437 2
      vertex 134.467 60.4224 2
    endloop
  endfacet
  facet normal 0.542202 -0.454061 0.706998
    outer loop
      vertex 134.8 60.2 1.59961
      vertex 134.499 60.464 2
      vertex 134.482 60.4437 2
    endloop
  endfacet
  facet normal 0.514775 -0.485129 0.706864
    outer loop
      vertex 134.8 60.2 1.59961
      vertex 134.517 60.4831 2
      vertex 134.499 60.464 2
    endloop
  endfacet
  facet normal 0.485044 -0.514852 0.706866
    outer loop
      vertex 134.8 60.2 1.59961
      vertex 134.536 60.501 2
      vertex 134.517 60.4831 2
    endloop
  endfacet
  facet normal 0.45329 -0.542862 0.706986
    outer loop
      vertex 134.8 60.2 1.59961
      vertex 134.556 60.5177 2
      vertex 134.536 60.501 2
    endloop
  endfacet
  facet normal 0.402098 -0.581984 0.706832
    outer loop
      vertex 134.8 60.2 1.59961
      vertex 134.578 60.5329 2
      vertex 134.556 60.5177 2
    endloop
  endfacet
  facet normal 0.375938 -0.599322 0.706742
    outer loop
      vertex 134.8 60.2 1.59961
      vertex 134.6 60.5467 2
      vertex 134.578 60.5329 2
    endloop
  endfacet
  facet normal 0.33569 -0.62265 0.706838
    outer loop
      vertex 134.8 60.2 1.59961
      vertex 134.623 60.5591 2
      vertex 134.6 60.5467 2
    endloop
  endfacet
  facet normal 0.290275 -0.645055 0.706855
    outer loop
      vertex 134.8 60.2 1.59961
      vertex 134.647 60.5699 2
      vertex 134.623 60.5591 2
    endloop
  endfacet
  facet normal 0.253173 -0.66045 0.706901
    outer loop
      vertex 134.8 60.2 1.59961
      vertex 134.671 60.5791 2
      vertex 134.647 60.5699 2
    endloop
  endfacet
  facet normal 0.205708 -0.676671 0.706966
    outer loop
      vertex 134.8 60.2 1.59961
      vertex 134.696 60.5867 2
      vertex 134.671 60.5791 2
    endloop
  endfacet
  facet normal 0.159041 -0.689177 0.706923
    outer loop
      vertex 134.8 60.2 1.59961
      vertex 134.722 60.5927 2
      vertex 134.696 60.5867 2
    endloop
  endfacet
  facet normal 0.11541 -0.697827 0.706907
    outer loop
      vertex 134.8 60.2 1.59961
      vertex 134.748 60.597 2
      vertex 134.722 60.5927 2
    endloop
  endfacet
  facet normal 0.0676988 -0.704068 0.706899
    outer loop
      vertex 134.8 60.2 1.59961
      vertex 134.774 60.5995 2
      vertex 134.748 60.597 2
    endloop
  endfacet
  facet normal 0.0244691 -0.706886 0.706904
    outer loop
      vertex 134.8 60.2 1.59961
      vertex 134.8 60.6004 2
      vertex 134.774 60.5995 2
    endloop
  endfacet
  facet normal 0 -0.707098 0.707116
    outer loop
      vertex 134.8 60.2 1.59961
      vertex 149.4 60.6004 2
      vertex 134.8 60.6004 2
    endloop
  endfacet
  facet normal 0 -0.707098 0.707116
    outer loop
      vertex 149.4 60.6004 2
      vertex 134.8 60.2 1.59961
      vertex 149.8 60.2 1.59961
    endloop
  endfacet
  facet normal 0.707451 -0 0.706762
    outer loop
      vertex 149.4 60.6004 2
      vertex 149.8 74.8 1.59961
      vertex 149.4 74.3996 2
    endloop
  endfacet
  facet normal 0.707451 0 0.706762
    outer loop
      vertex 149.8 74.8 1.59961
      vertex 149.4 60.6004 2
      vertex 149.8 60.2 1.59961
    endloop
  endfacet
  facet normal 0 0.707098 0.707116
    outer loop
      vertex 149.8 74.8 1.59961
      vertex 75.6004 74.3996 2
      vertex 149.4 74.3996 2
    endloop
  endfacet
  facet normal 0 0.707098 0.707116
    outer loop
      vertex 75.6004 74.3996 2
      vertex 149.8 74.8 1.59961
      vertex 75.2 74.8 1.59961
    endloop
  endfacet
  facet normal -0.707098 0 0.707116
    outer loop
      vertex 75.2 74.8 1.59961
      vertex 75.6004 60.6004 2
      vertex 75.6004 74.3996 2
    endloop
  endfacet
  facet normal -0.707098 0 0.707116
    outer loop
      vertex 75.6004 60.6004 2
      vertex 75.2 74.8 1.59961
      vertex 75.2 60.2 1.59961
    endloop
  endfacet
  facet normal 0 0 1
    outer loop
      vertex 149.4 74.3996 2
      vertex 134.8 60.6004 2
      vertex 149.4 60.6004 2
    endloop
  endfacet
  facet normal 0 0 1
    outer loop
      vertex 149.4 74.3996 2
      vertex 134.774 60.5995 2
      vertex 134.8 60.6004 2
    endloop
  endfacet
  facet normal 0 0 1
    outer loop
      vertex 149.4 74.3996 2
      vertex 134.748 60.597 2
      vertex 134.774 60.5995 2
    endloop
  endfacet
  facet normal 0 0 1
    outer loop
      vertex 149.4 74.3996 2
      vertex 134.722 60.5927 2
      vertex 134.748 60.597 2
    endloop
  endfacet
  facet normal 0 0 1
    outer loop
      vertex 149.4 74.3996 2
      vertex 134.696 60.5867 2
      vertex 134.722 60.5927 2
    endloop
  endfacet
  facet normal 0 0 1
    outer loop
      vertex 149.4 74.3996 2
      vertex 134.671 60.5791 2
      vertex 134.696 60.5867 2
    endloop
  endfacet
  facet normal 0 0 1
    outer loop
      vertex 120.329 60.5791 2
      vertex 134.671 60.5791 2
      vertex 149.4 74.3996 2
    endloop
  endfacet
  facet normal 0 0 1
    outer loop
      vertex 134.671 60.5791 2
      vertex 120.329 60.5791 2
      vertex 134.647 60.5699 2
    endloop
  endfacet
  facet normal 0 -0 1
    outer loop
      vertex 120.353 60.5699 2
      vertex 134.647 60.5699 2
      vertex 120.329 60.5791 2
    endloop
  endfacet
  facet normal 0 0 1
    outer loop
      vertex 134.647 60.5699 2
      vertex 120.353 60.5699 2
      vertex 134.623 60.5591 2
    endloop
  endfacet
  facet normal 0 -0 1
    outer loop
      vertex 120.377 60.5591 2
      vertex 134.623 60.5591 2
      vertex 120.353 60.5699 2
    endloop
  endfacet
  facet normal 0 0 1
    outer loop
      vertex 134.623 60.5591 2
      vertex 120.377 60.5591 2
      vertex 134.6 60.5467 2
    endloop
  endfacet
  facet normal 0 0 1
    outer loop
      vertex 134.4 60.2 2
      vertex 120.6 60.2 2
      vertex 134.4 45.6004 2
    endloop
  endfacet
  facet normal 0 0 1
    outer loop
      vertex 134.4 60.2262 2
      vertex 120.6 60.2 2
      vertex 134.4 60.2 2
    endloop
  endfacet
  facet normal 0 0 1
    outer loop
      vertex 120.6 60.2262 2
      vertex 134.4 60.2262 2
      vertex 134.403 60.2523 2
    endloop
  endfacet
  facet normal 0 0 1
    outer loop
      vertex 120.597 60.2523 2
      vertex 134.403 60.2523 2
      vertex 134.407 60.2781 2
    endloop
  endfacet
  facet normal 0 0 1
    outer loop
      vertex 120.593 60.2781 2
      vertex 134.407 60.2781 2
      vertex 134.413 60.3036 2
    endloop
  endfacet
  facet normal 0 0 1
    outer loop
      vertex 120.587 60.3036 2
      vertex 134.413 60.3036 2
      vertex 134.421 60.3287 2
    endloop
  endfacet
  facet normal 0 0 1
    outer loop
      vertex 120.579 60.3287 2
      vertex 134.421 60.3287 2
      vertex 134.43 60.3532 2
    endloop
  endfacet
  facet normal 0 0 1
    outer loop
      vertex 120.57 60.3532 2
      vertex 134.43 60.3532 2
      vertex 134.441 60.3771 2
    endloop
  endfacet
  facet normal 0 0 1
    outer loop
      vertex 120.559 60.3771 2
      vertex 134.441 60.3771 2
      vertex 134.453 60.4002 2
    endloop
  endfacet
  facet normal 0 0 1
    outer loop
      vertex 120.547 60.4002 2
      vertex 134.453 60.4002 2
      vertex 134.467 60.4224 2
    endloop
  endfacet
  facet normal 0 0 1
    outer loop
      vertex 120.533 60.4224 2
      vertex 134.467 60.4224 2
      vertex 134.482 60.4437 2
    endloop
  endfacet
  facet normal 0 0 1
    outer loop
      vertex 120.518 60.4437 2
      vertex 134.482 60.4437 2
      vertex 134.499 60.464 2
    endloop
  endfacet
  facet normal 0 0 1
    outer loop
      vertex 120.501 60.464 2
      vertex 134.499 60.464 2
      vertex 134.517 60.4831 2
    endloop
  endfacet
  facet normal 0 0 1
    outer loop
      vertex 120.483 60.4831 2
      vertex 134.517 60.4831 2
      vertex 134.536 60.501 2
    endloop
  endfacet
  facet normal 0 -0 1
    outer loop
      vertex 120.4 60.5467 2
      vertex 134.6 60.5467 2
      vertex 120.377 60.5591 2
    endloop
  endfacet
  facet normal 0 0 1
    outer loop
      vertex 134.4 60.2262 2
      vertex 120.6 60.2262 2
      vertex 120.6 60.2 2
    endloop
  endfacet
  facet normal 0 0 1
    outer loop
      vertex 134.403 60.2523 2
      vertex 120.597 60.2523 2
      vertex 120.6 60.2262 2
    endloop
  endfacet
  facet normal 0 0 1
    outer loop
      vertex 134.407 60.2781 2
      vertex 120.593 60.2781 2
      vertex 120.597 60.2523 2
    endloop
  endfacet
  facet normal 0 0 1
    outer loop
      vertex 134.413 60.3036 2
      vertex 120.587 60.3036 2
      vertex 120.593 60.2781 2
    endloop
  endfacet
  facet normal 0 0 1
    outer loop
      vertex 134.421 60.3287 2
      vertex 120.579 60.3287 2
      vertex 120.587 60.3036 2
    endloop
  endfacet
  facet normal 0 0 1
    outer loop
      vertex 134.43 60.3532 2
      vertex 120.57 60.3532 2
      vertex 120.579 60.3287 2
    endloop
  endfacet
  facet normal 0 0 1
    outer loop
      vertex 134.441 60.3771 2
      vertex 120.559 60.3771 2
      vertex 120.57 60.3532 2
    endloop
  endfacet
  facet normal 0 0 1
    outer loop
      vertex 134.453 60.4002 2
      vertex 120.547 60.4002 2
      vertex 120.559 60.3771 2
    endloop
  endfacet
  facet normal 0 0 1
    outer loop
      vertex 134.467 60.4224 2
      vertex 120.533 60.4224 2
      vertex 120.547 60.4002 2
    endloop
  endfacet
  facet normal 0 0 1
    outer loop
      vertex 134.482 60.4437 2
      vertex 120.518 60.4437 2
      vertex 120.533 60.4224 2
    endloop
  endfacet
  facet normal 0 0 1
    outer loop
      vertex 134.499 60.464 2
      vertex 120.501 60.464 2
      vertex 120.518 60.4437 2
    endloop
  endfacet
  facet normal 0 0 1
    outer loop
      vertex 134.517 60.4831 2
      vertex 120.483 60.4831 2
      vertex 120.501 60.464 2
    endloop
  endfacet
  facet normal 0 0 1
    outer loop
      vertex 134.536 60.501 2
      vertex 120.464 60.501 2
      vertex 120.483 60.4831 2
    endloop
  endfacet
  facet normal 0 0 1
    outer loop
      vertex 134.536 60.501 2
      vertex 120.444 60.5177 2
      vertex 120.464 60.501 2
    endloop
  endfacet
  facet normal 0 0 1
    outer loop
      vertex 134.556 60.5177 2
      vertex 120.444 60.5177 2
      vertex 134.536 60.501 2
    endloop
  endfacet
  facet normal 0 -0 1
    outer loop
      vertex 120.444 60.5177 2
      vertex 134.556 60.5177 2
      vertex 120.422 60.5329 2
    endloop
  endfacet
  facet normal 0 0 1
    outer loop
      vertex 134.578 60.5329 2
      vertex 120.422 60.5329 2
      vertex 134.556 60.5177 2
    endloop
  endfacet
  facet normal 0 -0 1
    outer loop
      vertex 120.422 60.5329 2
      vertex 134.578 60.5329 2
      vertex 120.4 60.5467 2
    endloop
  endfacet
  facet normal 0 0 1
    outer loop
      vertex 134.6 60.5467 2
      vertex 120.4 60.5467 2
      vertex 134.578 60.5329 2
    endloop
  endfacet
  facet normal 0 0 1
    outer loop
      vertex 149.4 74.3996 2
      vertex 120.304 60.5867 2
      vertex 120.329 60.5791 2
    endloop
  endfacet
  facet normal 0 0 1
    outer loop
      vertex 149.4 74.3996 2
      vertex 120.278 60.5927 2
      vertex 120.304 60.5867 2
    endloop
  endfacet
  facet normal 0 0 1
    outer loop
      vertex 149.4 74.3996 2
      vertex 120.252 60.597 2
      vertex 120.278 60.5927 2
    endloop
  endfacet
  facet normal 0 0 1
    outer loop
      vertex 149.4 74.3996 2
      vertex 120.226 60.5995 2
      vertex 120.252 60.597 2
    endloop
  endfacet
  facet normal 0 0 1
    outer loop
      vertex 149.4 74.3996 2
      vertex 120.2 60.6004 2
      vertex 120.226 60.5995 2
    endloop
  endfacet
  facet normal -0 0 1
    outer loop
      vertex 75.6004 74.3996 2
      vertex 120.2 60.6004 2
      vertex 149.4 74.3996 2
    endloop
  endfacet
  facet normal 0 0 1
    outer loop
      vertex 120.2 60.6004 2
      vertex 75.6004 74.3996 2
      vertex 75.6004 60.6004 2
    endloop
  endfacet
  facet normal 0 0 1
    outer loop
      vertex 134.4 45.6004 2
      vertex 120.6 60.2 2
      vertex 120.6 45.6004 2
    endloop
  endfacet
  facet normal 0 -1 0
    outer loop
      vertex 75.2 60.2 0.400391
      vertex 120.2 60.2 1.59961
      vertex 75.2 60.2 1.59961
    endloop
  endfacet
  facet normal 0 -1 -0
    outer loop
      vertex 120.2 60.2 1.59961
      vertex 75.2 60.2 0.400391
      vertex 120.2 60.2 0.400391
    endloop
  endfacet
  facet normal -1 0 0
    outer loop
      vertex 120.2 45.2 0.400391
      vertex 120.2 60.2 1.59961
      vertex 120.2 60.2 0.400391
    endloop
  endfacet
  facet normal -1 -0 0
    outer loop
      vertex 120.2 60.2 1.59961
      vertex 120.2 45.2 0.400391
      vertex 120.2 45.2 1.59961
    endloop
  endfacet
  facet normal 0 -1 0
    outer loop
      vertex 120.2 45.2 0.400391
      vertex 134.8 45.2 1.59961
      vertex 120.2 45.2 1.59961
    endloop
  endfacet
  facet normal 0 -1 -0
    outer loop
      vertex 134.8 45.2 1.59961
      vertex 120.2 45.2 0.400391
      vertex 134.8 45.2 0.400391
    endloop
  endfacet
  facet normal 1 -0 0
    outer loop
      vertex 134.8 45.2 1.59961
      vertex 134.8 60.2 0.400391
      vertex 134.8 60.2 1.59961
    endloop
  endfacet
  facet normal 1 0 0
    outer loop
      vertex 134.8 60.2 0.400391
      vertex 134.8 45.2 1.59961
      vertex 134.8 45.2 0.400391
    endloop
  endfacet
  facet normal 0 -1 0
    outer loop
      vertex 134.8 60.2 0.400391
      vertex 149.8 60.2 1.59961
      vertex 134.8 60.2 1.59961
    endloop
  endfacet
  facet normal 0 -1 -0
    outer loop
      vertex 149.8 60.2 1.59961
      vertex 134.8 60.2 0.400391
      vertex 149.8 60.2 0.400391
    endloop
  endfacet
  facet normal 1 -0 0
    outer loop
      vertex 149.8 60.2 1.59961
      vertex 149.8 74.8 0.400391
      vertex 149.8 74.8 1.59961
    endloop
  endfacet
  facet normal 1 0 0
    outer loop
      vertex 149.8 74.8 0.400391
      vertex 149.8 60.2 1.59961
      vertex 149.8 60.2 0.400391
    endloop
  endfacet
  facet normal 0 1 -0
    outer loop
      vertex 149.8 74.8 0.400391
      vertex 75.2 74.8 1.59961
      vertex 149.8 74.8 1.59961
    endloop
  endfacet
  facet normal 0 1 0
    outer loop
      vertex 75.2 74.8 1.59961
      vertex 149.8 74.8 0.400391
      vertex 75.2 74.8 0.400391
    endloop
  endfacet
  facet normal -1 0 0
    outer loop
      vertex 75.2 60.2 0.400391
      vertex 75.2 74.8 1.59961
      vertex 75.2 74.8 0.400391
    endloop
  endfacet
  facet normal -1 -0 0
    outer loop
      vertex 75.2 74.8 1.59961
      vertex 75.2 60.2 0.400391
      vertex 75.2 60.2 1.59961
    endloop
  endfacet
endsolid OpenSCAD_Model
